-- MySQL dump 10.13  Distrib 5.1.73, for debian-linux-gnu (i486)
--
-- Host: localhost    Database: florentinproject
-- ------------------------------------------------------
-- Server version	5.1.73-0ubuntu0.10.04.1

/*!40101 SET @OLD_CHARACTER_SET_CLIENT=@@CHARACTER_SET_CLIENT */;
/*!40101 SET @OLD_CHARACTER_SET_RESULTS=@@CHARACTER_SET_RESULTS */;
/*!40101 SET @OLD_COLLATION_CONNECTION=@@COLLATION_CONNECTION */;
/*!40101 SET NAMES utf8 */;
/*!40103 SET @OLD_TIME_ZONE=@@TIME_ZONE */;
/*!40103 SET TIME_ZONE='+00:00' */;
/*!40014 SET @OLD_UNIQUE_CHECKS=@@UNIQUE_CHECKS, UNIQUE_CHECKS=0 */;
/*!40014 SET @OLD_FOREIGN_KEY_CHECKS=@@FOREIGN_KEY_CHECKS, FOREIGN_KEY_CHECKS=0 */;
/*!40101 SET @OLD_SQL_MODE=@@SQL_MODE, SQL_MODE='NO_AUTO_VALUE_ON_ZERO' */;
/*!40111 SET @OLD_SQL_NOTES=@@SQL_NOTES, SQL_NOTES=0 */;

--
-- Table structure for table `address`
--

DROP TABLE IF EXISTS `address`;
/*!40101 SET @saved_cs_client     = @@character_set_client */;
/*!40101 SET character_set_client = utf8 */;
CREATE TABLE `address` (
  `address_id` int(11) NOT NULL AUTO_INCREMENT,
  `customer_id` int(11) NOT NULL,
  `firstname` varchar(32) NOT NULL,
  `lastname` varchar(32) NOT NULL,
  `company` varchar(32) NOT NULL,
  `company_id` varchar(32) NOT NULL,
  `tax_id` varchar(32) NOT NULL,
  `address_1` varchar(128) NOT NULL,
  `address_2` varchar(128) NOT NULL,
  `city` varchar(128) NOT NULL,
  `postcode` varchar(10) NOT NULL,
  `country_id` int(11) NOT NULL DEFAULT '0',
  `zone_id` int(11) NOT NULL DEFAULT '0',
  PRIMARY KEY (`address_id`),
  KEY `customer_id` (`customer_id`)
) ENGINE=MyISAM AUTO_INCREMENT=26 DEFAULT CHARSET=utf8;
/*!40101 SET character_set_client = @saved_cs_client */;

--
-- Dumping data for table `address`
--

LOCK TABLES `address` WRITE;
/*!40000 ALTER TABLE `address` DISABLE KEYS */;
INSERT INTO `address` VALUES (1,1,'asd','asd','','','','asd','','admin','',176,2761),(2,2,'алёна олеговна','Логоновская','','','','addr2','','admin','',176,22761),(10,10,'sdfsdf','','','','','test','','','',176,2761),(4,4,'Илья','','','','','test','','admin','',176,22761),(17,17,'Artamonov','','','','','','','admin','',176,22761),(11,11,'sdfs','','','','','','','','',176,2761),(13,13,'ilya','','','','','addr1','addr1','','',176,2761),(18,18,'etst','','','','','','','','',176,2761),(19,19,'werwer','','','','','','','','',176,2761),(20,20,'234234','','','','','','','','',176,2761),(21,21,'123','','','','','1111111','','','',176,2761),(22,22,'Анна ','','','','','','','','',176,22761),(23,23,'Anna','','','','','','','','',176,22761),(24,24,'rfnz','','','','','','','','',176,22761),(25,25,'еуые','','','','','еуы еуые','','г. Ульяновск','',176,2795);
/*!40000 ALTER TABLE `address` ENABLE KEYS */;
UNLOCK TABLES;

--
-- Table structure for table `affiliate`
--

DROP TABLE IF EXISTS `affiliate`;
/*!40101 SET @saved_cs_client     = @@character_set_client */;
/*!40101 SET character_set_client = utf8 */;
CREATE TABLE `affiliate` (
  `affiliate_id` int(11) NOT NULL AUTO_INCREMENT,
  `firstname` varchar(32) NOT NULL,
  `lastname` varchar(32) NOT NULL,
  `email` varchar(96) NOT NULL,
  `telephone` varchar(32) NOT NULL,
  `fax` varchar(32) NOT NULL,
  `password` varchar(40) NOT NULL,
  `salt` varchar(9) NOT NULL,
  `company` varchar(32) NOT NULL,
  `website` varchar(255) NOT NULL,
  `address_1` varchar(128) NOT NULL,
  `address_2` varchar(128) NOT NULL,
  `city` varchar(128) NOT NULL,
  `postcode` varchar(10) NOT NULL,
  `country_id` int(11) NOT NULL,
  `zone_id` int(11) NOT NULL,
  `code` varchar(64) NOT NULL,
  `commission` decimal(4,2) NOT NULL DEFAULT '0.00',
  `tax` varchar(64) NOT NULL,
  `payment` varchar(6) NOT NULL,
  `cheque` varchar(100) NOT NULL,
  `paypal` varchar(64) NOT NULL,
  `bank_name` varchar(64) NOT NULL,
  `bank_branch_number` varchar(64) NOT NULL,
  `bank_swift_code` varchar(64) NOT NULL,
  `bank_account_name` varchar(64) NOT NULL,
  `bank_account_number` varchar(64) NOT NULL,
  `ip` varchar(40) NOT NULL,
  `status` tinyint(1) NOT NULL,
  `approved` tinyint(1) NOT NULL,
  `date_added` datetime NOT NULL,
  PRIMARY KEY (`affiliate_id`)
) ENGINE=MyISAM DEFAULT CHARSET=utf8;
/*!40101 SET character_set_client = @saved_cs_client */;

--
-- Dumping data for table `affiliate`
--

LOCK TABLES `affiliate` WRITE;
/*!40000 ALTER TABLE `affiliate` DISABLE KEYS */;
/*!40000 ALTER TABLE `affiliate` ENABLE KEYS */;
UNLOCK TABLES;

--
-- Table structure for table `affiliate_transaction`
--

DROP TABLE IF EXISTS `affiliate_transaction`;
/*!40101 SET @saved_cs_client     = @@character_set_client */;
/*!40101 SET character_set_client = utf8 */;
CREATE TABLE `affiliate_transaction` (
  `affiliate_transaction_id` int(11) NOT NULL AUTO_INCREMENT,
  `affiliate_id` int(11) NOT NULL,
  `order_id` int(11) NOT NULL,
  `description` text NOT NULL,
  `amount` decimal(15,4) NOT NULL,
  `date_added` datetime NOT NULL,
  PRIMARY KEY (`affiliate_transaction_id`)
) ENGINE=MyISAM DEFAULT CHARSET=utf8;
/*!40101 SET character_set_client = @saved_cs_client */;

--
-- Dumping data for table `affiliate_transaction`
--

LOCK TABLES `affiliate_transaction` WRITE;
/*!40000 ALTER TABLE `affiliate_transaction` DISABLE KEYS */;
/*!40000 ALTER TABLE `affiliate_transaction` ENABLE KEYS */;
UNLOCK TABLES;

--
-- Table structure for table `attribute`
--

DROP TABLE IF EXISTS `attribute`;
/*!40101 SET @saved_cs_client     = @@character_set_client */;
/*!40101 SET character_set_client = utf8 */;
CREATE TABLE `attribute` (
  `attribute_id` int(11) NOT NULL AUTO_INCREMENT,
  `attribute_group_id` int(11) NOT NULL,
  `sort_order` int(3) NOT NULL,
  PRIMARY KEY (`attribute_id`)
) ENGINE=MyISAM AUTO_INCREMENT=12 DEFAULT CHARSET=utf8;
/*!40101 SET character_set_client = @saved_cs_client */;

--
-- Dumping data for table `attribute`
--

LOCK TABLES `attribute` WRITE;
/*!40000 ALTER TABLE `attribute` DISABLE KEYS */;
/*!40000 ALTER TABLE `attribute` ENABLE KEYS */;
UNLOCK TABLES;

--
-- Table structure for table `attribute_description`
--

DROP TABLE IF EXISTS `attribute_description`;
/*!40101 SET @saved_cs_client     = @@character_set_client */;
/*!40101 SET character_set_client = utf8 */;
CREATE TABLE `attribute_description` (
  `attribute_id` int(11) NOT NULL,
  `language_id` int(11) NOT NULL,
  `name` varchar(64) NOT NULL,
  PRIMARY KEY (`attribute_id`,`language_id`)
) ENGINE=MyISAM DEFAULT CHARSET=utf8;
/*!40101 SET character_set_client = @saved_cs_client */;

--
-- Dumping data for table `attribute_description`
--

LOCK TABLES `attribute_description` WRITE;
/*!40000 ALTER TABLE `attribute_description` DISABLE KEYS */;
/*!40000 ALTER TABLE `attribute_description` ENABLE KEYS */;
UNLOCK TABLES;

--
-- Table structure for table `attribute_group`
--

DROP TABLE IF EXISTS `attribute_group`;
/*!40101 SET @saved_cs_client     = @@character_set_client */;
/*!40101 SET character_set_client = utf8 */;
CREATE TABLE `attribute_group` (
  `attribute_group_id` int(11) NOT NULL AUTO_INCREMENT,
  `sort_order` int(3) NOT NULL,
  PRIMARY KEY (`attribute_group_id`)
) ENGINE=MyISAM AUTO_INCREMENT=7 DEFAULT CHARSET=utf8;
/*!40101 SET character_set_client = @saved_cs_client */;

--
-- Dumping data for table `attribute_group`
--

LOCK TABLES `attribute_group` WRITE;
/*!40000 ALTER TABLE `attribute_group` DISABLE KEYS */;
INSERT INTO `attribute_group` VALUES (3,2),(4,1),(5,3),(6,4);
/*!40000 ALTER TABLE `attribute_group` ENABLE KEYS */;
UNLOCK TABLES;

--
-- Table structure for table `attribute_group_description`
--

DROP TABLE IF EXISTS `attribute_group_description`;
/*!40101 SET @saved_cs_client     = @@character_set_client */;
/*!40101 SET character_set_client = utf8 */;
CREATE TABLE `attribute_group_description` (
  `attribute_group_id` int(11) NOT NULL,
  `language_id` int(11) NOT NULL,
  `name` varchar(64) NOT NULL,
  PRIMARY KEY (`attribute_group_id`,`language_id`)
) ENGINE=MyISAM DEFAULT CHARSET=utf8;
/*!40101 SET character_set_client = @saved_cs_client */;

--
-- Dumping data for table `attribute_group_description`
--

LOCK TABLES `attribute_group_description` WRITE;
/*!40000 ALTER TABLE `attribute_group_description` DISABLE KEYS */;
INSERT INTO `attribute_group_description` VALUES (3,1,'Память'),(4,1,'Technical'),(5,1,'Материнская плата'),(6,1,'Процессор');
/*!40000 ALTER TABLE `attribute_group_description` ENABLE KEYS */;
UNLOCK TABLES;

--
-- Table structure for table `banner`
--

DROP TABLE IF EXISTS `banner`;
/*!40101 SET @saved_cs_client     = @@character_set_client */;
/*!40101 SET character_set_client = utf8 */;
CREATE TABLE `banner` (
  `banner_id` int(11) NOT NULL AUTO_INCREMENT,
  `name` varchar(64) NOT NULL,
  `status` tinyint(1) NOT NULL,
  PRIMARY KEY (`banner_id`)
) ENGINE=MyISAM AUTO_INCREMENT=13 DEFAULT CHARSET=utf8;
/*!40101 SET character_set_client = @saved_cs_client */;

--
-- Dumping data for table `banner`
--

LOCK TABLES `banner` WRITE;
/*!40000 ALTER TABLE `banner` DISABLE KEYS */;
INSERT INTO `banner` VALUES (9,'Idee',1),(7,'Главная страница',1),(10,'Доставка цветов',1),(11,'ПЕРСОНАЛЬНЫЙ ЗАКАЗ',1),(12,'КОРПОРАТИВНЫЙ СЕРВИС',1);
/*!40000 ALTER TABLE `banner` ENABLE KEYS */;
UNLOCK TABLES;

--
-- Table structure for table `banner_image`
--

DROP TABLE IF EXISTS `banner_image`;
/*!40101 SET @saved_cs_client     = @@character_set_client */;
/*!40101 SET character_set_client = utf8 */;
CREATE TABLE `banner_image` (
  `banner_image_id` int(11) NOT NULL AUTO_INCREMENT,
  `banner_id` int(11) NOT NULL,
  `link` varchar(255) NOT NULL,
  `image` varchar(255) NOT NULL,
  PRIMARY KEY (`banner_image_id`)
) ENGINE=MyISAM AUTO_INCREMENT=122 DEFAULT CHARSET=utf8;
/*!40101 SET character_set_client = @saved_cs_client */;

--
-- Dumping data for table `banner_image`
--

LOCK TABLES `banner_image` WRITE;
/*!40000 ALTER TABLE `banner_image` DISABLE KEYS */;
INSERT INTO `banner_image` VALUES (121,12,'','data/33.jpg'),(116,7,'','data/24.jpg'),(118,9,'','data/07.jpg'),(104,10,'','data/28.jpg'),(111,11,'','data/31.jpg'),(115,7,'','data/25.jpg'),(114,7,'','data/27.jpg'),(113,7,'','data/01.jpg'),(112,7,'','data/26.jpg'),(117,7,'','data/30.jpg'),(119,9,'','data/26.jpg');
/*!40000 ALTER TABLE `banner_image` ENABLE KEYS */;
UNLOCK TABLES;

--
-- Table structure for table `banner_image_description`
--

DROP TABLE IF EXISTS `banner_image_description`;
/*!40101 SET @saved_cs_client     = @@character_set_client */;
/*!40101 SET character_set_client = utf8 */;
CREATE TABLE `banner_image_description` (
  `banner_image_id` int(11) NOT NULL,
  `language_id` int(11) NOT NULL,
  `banner_id` int(11) NOT NULL,
  `title` varchar(64) NOT NULL,
  PRIMARY KEY (`banner_image_id`,`language_id`)
) ENGINE=MyISAM DEFAULT CHARSET=utf8;
/*!40101 SET character_set_client = @saved_cs_client */;

--
-- Dumping data for table `banner_image_description`
--

LOCK TABLES `banner_image_description` WRITE;
/*!40000 ALTER TABLE `banner_image_description` DISABLE KEYS */;
INSERT INTO `banner_image_description` VALUES (115,1,7,'55'),(118,1,9,'Idee'),(121,1,12,'КОРПОРАТИВНЫЙ СЕРВИС'),(111,1,11,'ПЕРСОНАЛЬНЫЙ ЗАКАЗ'),(116,1,7,'Пионовидные розы Анджи Романтик'),(104,1,10,'Доставка цветов'),(114,1,7,'33'),(113,1,7,'Романтика и свежие цветы с доставкой'),(112,1,7,'Яркие и аароматные розы в шляпных коробках'),(117,1,7,'77'),(119,1,9,'Idee');
/*!40000 ALTER TABLE `banner_image_description` ENABLE KEYS */;
UNLOCK TABLES;

--
-- Table structure for table `category`
--

DROP TABLE IF EXISTS `category`;
/*!40101 SET @saved_cs_client     = @@character_set_client */;
/*!40101 SET character_set_client = utf8 */;
CREATE TABLE `category` (
  `category_id` int(11) NOT NULL AUTO_INCREMENT,
  `image` varchar(255) DEFAULT NULL,
  `parent_id` int(11) NOT NULL DEFAULT '0',
  `top` tinyint(1) NOT NULL,
  `column` int(3) NOT NULL,
  `sort_order` int(3) NOT NULL DEFAULT '0',
  `status` tinyint(1) NOT NULL,
  `date_added` datetime NOT NULL DEFAULT '0000-00-00 00:00:00',
  `date_modified` datetime NOT NULL DEFAULT '0000-00-00 00:00:00',
  PRIMARY KEY (`category_id`)
) ENGINE=MyISAM AUTO_INCREMENT=60 DEFAULT CHARSET=utf8;
/*!40101 SET character_set_client = @saved_cs_client */;

--
-- Dumping data for table `category`
--

LOCK TABLES `category` WRITE;
/*!40000 ALTER TABLE `category` DISABLE KEYS */;
INSERT INTO `category` VALUES (59,'',0,0,1,0,1,'2014-06-06 14:11:14','2014-11-22 21:50:34');
/*!40000 ALTER TABLE `category` ENABLE KEYS */;
UNLOCK TABLES;

--
-- Table structure for table `category_description`
--

DROP TABLE IF EXISTS `category_description`;
/*!40101 SET @saved_cs_client     = @@character_set_client */;
/*!40101 SET character_set_client = utf8 */;
CREATE TABLE `category_description` (
  `category_id` int(11) NOT NULL,
  `language_id` int(11) NOT NULL,
  `name` varchar(255) NOT NULL,
  `description` text NOT NULL,
  `meta_description` varchar(255) NOT NULL,
  `meta_keyword` varchar(255) NOT NULL,
  `seo_title` varchar(255) NOT NULL,
  `seo_h1` varchar(255) NOT NULL,
  PRIMARY KEY (`category_id`,`language_id`),
  KEY `name` (`name`)
) ENGINE=MyISAM DEFAULT CHARSET=utf8;
/*!40101 SET character_set_client = @saved_cs_client */;

--
-- Dumping data for table `category_description`
--

LOCK TABLES `category_description` WRITE;
/*!40000 ALTER TABLE `category_description` DISABLE KEYS */;
INSERT INTO `category_description` VALUES (59,1,'Цветы','','','','','');
/*!40000 ALTER TABLE `category_description` ENABLE KEYS */;
UNLOCK TABLES;

--
-- Table structure for table `category_filter`
--

DROP TABLE IF EXISTS `category_filter`;
/*!40101 SET @saved_cs_client     = @@character_set_client */;
/*!40101 SET character_set_client = utf8 */;
CREATE TABLE `category_filter` (
  `category_id` int(11) NOT NULL,
  `filter_id` int(11) NOT NULL,
  PRIMARY KEY (`category_id`,`filter_id`)
) ENGINE=MyISAM DEFAULT CHARSET=utf8;
/*!40101 SET character_set_client = @saved_cs_client */;

--
-- Dumping data for table `category_filter`
--

LOCK TABLES `category_filter` WRITE;
/*!40000 ALTER TABLE `category_filter` DISABLE KEYS */;
/*!40000 ALTER TABLE `category_filter` ENABLE KEYS */;
UNLOCK TABLES;

--
-- Table structure for table `category_path`
--

DROP TABLE IF EXISTS `category_path`;
/*!40101 SET @saved_cs_client     = @@character_set_client */;
/*!40101 SET character_set_client = utf8 */;
CREATE TABLE `category_path` (
  `category_id` int(11) NOT NULL,
  `path_id` int(11) NOT NULL,
  `level` int(11) NOT NULL,
  PRIMARY KEY (`category_id`,`path_id`)
) ENGINE=MyISAM DEFAULT CHARSET=utf8;
/*!40101 SET character_set_client = @saved_cs_client */;

--
-- Dumping data for table `category_path`
--

LOCK TABLES `category_path` WRITE;
/*!40000 ALTER TABLE `category_path` DISABLE KEYS */;
INSERT INTO `category_path` VALUES (59,59,0);
/*!40000 ALTER TABLE `category_path` ENABLE KEYS */;
UNLOCK TABLES;

--
-- Table structure for table `category_to_layout`
--

DROP TABLE IF EXISTS `category_to_layout`;
/*!40101 SET @saved_cs_client     = @@character_set_client */;
/*!40101 SET character_set_client = utf8 */;
CREATE TABLE `category_to_layout` (
  `category_id` int(11) NOT NULL,
  `store_id` int(11) NOT NULL,
  `layout_id` int(11) NOT NULL,
  PRIMARY KEY (`category_id`,`store_id`)
) ENGINE=MyISAM DEFAULT CHARSET=utf8;
/*!40101 SET character_set_client = @saved_cs_client */;

--
-- Dumping data for table `category_to_layout`
--

LOCK TABLES `category_to_layout` WRITE;
/*!40000 ALTER TABLE `category_to_layout` DISABLE KEYS */;
/*!40000 ALTER TABLE `category_to_layout` ENABLE KEYS */;
UNLOCK TABLES;

--
-- Table structure for table `category_to_store`
--

DROP TABLE IF EXISTS `category_to_store`;
/*!40101 SET @saved_cs_client     = @@character_set_client */;
/*!40101 SET character_set_client = utf8 */;
CREATE TABLE `category_to_store` (
  `category_id` int(11) NOT NULL,
  `store_id` int(11) NOT NULL,
  PRIMARY KEY (`category_id`,`store_id`)
) ENGINE=MyISAM DEFAULT CHARSET=utf8;
/*!40101 SET character_set_client = @saved_cs_client */;

--
-- Dumping data for table `category_to_store`
--

LOCK TABLES `category_to_store` WRITE;
/*!40000 ALTER TABLE `category_to_store` DISABLE KEYS */;
INSERT INTO `category_to_store` VALUES (59,0),(59,1);
/*!40000 ALTER TABLE `category_to_store` ENABLE KEYS */;
UNLOCK TABLES;

--
-- Table structure for table `country`
--

DROP TABLE IF EXISTS `country`;
/*!40101 SET @saved_cs_client     = @@character_set_client */;
/*!40101 SET character_set_client = utf8 */;
CREATE TABLE `country` (
  `country_id` int(11) NOT NULL AUTO_INCREMENT,
  `name` varchar(128) NOT NULL,
  `iso_code_2` varchar(2) NOT NULL,
  `iso_code_3` varchar(3) NOT NULL,
  `address_format` text NOT NULL,
  `postcode_required` tinyint(1) NOT NULL,
  `status` tinyint(1) NOT NULL DEFAULT '1',
  PRIMARY KEY (`country_id`)
) ENGINE=MyISAM AUTO_INCREMENT=240 DEFAULT CHARSET=utf8;
/*!40101 SET character_set_client = @saved_cs_client */;

--
-- Dumping data for table `country`
--

LOCK TABLES `country` WRITE;
/*!40000 ALTER TABLE `country` DISABLE KEYS */;
INSERT INTO `country` VALUES (176,'Российская Федерация','RU','RUS','',0,1);
/*!40000 ALTER TABLE `country` ENABLE KEYS */;
UNLOCK TABLES;

--
-- Table structure for table `country_to_fias`
--

DROP TABLE IF EXISTS `country_to_fias`;
/*!40101 SET @saved_cs_client     = @@character_set_client */;
/*!40101 SET character_set_client = utf8 */;
CREATE TABLE `country_to_fias` (
  `country_id` int(11) NOT NULL,
  `fias_id` int(11) NOT NULL,
  UNIQUE KEY `country_id` (`country_id`,`fias_id`)
) ENGINE=InnoDB DEFAULT CHARSET=utf8;
/*!40101 SET character_set_client = @saved_cs_client */;

--
-- Dumping data for table `country_to_fias`
--

LOCK TABLES `country_to_fias` WRITE;
/*!40000 ALTER TABLE `country_to_fias` DISABLE KEYS */;
/*!40000 ALTER TABLE `country_to_fias` ENABLE KEYS */;
UNLOCK TABLES;

--
-- Table structure for table `coupon`
--

DROP TABLE IF EXISTS `coupon`;
/*!40101 SET @saved_cs_client     = @@character_set_client */;
/*!40101 SET character_set_client = utf8 */;
CREATE TABLE `coupon` (
  `coupon_id` int(11) NOT NULL AUTO_INCREMENT,
  `name` varchar(128) NOT NULL,
  `code` varchar(10) NOT NULL,
  `type` char(1) NOT NULL,
  `discount` decimal(15,4) NOT NULL,
  `logged` tinyint(1) NOT NULL,
  `shipping` tinyint(1) NOT NULL,
  `total` decimal(15,4) NOT NULL,
  `date_start` date NOT NULL DEFAULT '0000-00-00',
  `date_end` date NOT NULL DEFAULT '0000-00-00',
  `uses_total` int(11) NOT NULL,
  `uses_customer` varchar(11) NOT NULL,
  `status` tinyint(1) NOT NULL,
  `date_added` datetime NOT NULL DEFAULT '0000-00-00 00:00:00',
  PRIMARY KEY (`coupon_id`)
) ENGINE=MyISAM AUTO_INCREMENT=837 DEFAULT CHARSET=utf8;
/*!40101 SET character_set_client = @saved_cs_client */;

--
-- Dumping data for table `coupon`
--

LOCK TABLES `coupon` WRITE;
/*!40000 ALTER TABLE `coupon` DISABLE KEYS */;
INSERT INTO `coupon` VALUES (470,'Скидочный купон 15% для 4mee-mail@list.ru','98151118','P','15.0000',1,0,'0.0000','2014-07-23','2019-07-22',0,'0',1,'2014-07-23 00:35:19'),(471,'Скидочный купон 15% для Nadine07@inbox.ru','35600344','P','15.0000',1,0,'0.0000','2014-07-23','2019-07-22',0,'0',1,'2014-07-23 00:35:19'),(472,'Скидочный купон 15% для Zhanna05@bk.ru','63955340','P','15.0000',1,0,'0.0000','2014-07-23','2019-07-22',0,'0',1,'2014-07-23 00:35:19'),(465,'Скидочный купон 15% для ksenia.ovchinnikova@gmail.com','13474565','P','15.0000',1,0,'0.0000','2014-07-23','2019-07-22',0,'0',1,'2014-07-23 00:35:18'),(466,'Скидочный купон 15% для l.u.315@mail.ru','98606407','P','15.0000',1,0,'0.0000','2014-07-23','2019-07-22',0,'0',1,'2014-07-23 00:35:18'),(467,'Скидочный купон 15% для liyas@me.com','73597575','P','15.0000',1,0,'0.0000','2014-07-23','2019-07-22',0,'0',1,'2014-07-23 00:35:19'),(468,'Скидочный купон 15% для m2608-olga@mail.ru','43960250','P','15.0000',1,0,'0.0000','2014-07-23','2019-07-22',0,'0',1,'2014-07-23 00:35:19'),(469,'Скидочный купон 15% для Anastasia_2811@hotmail.com','58683131','P','15.0000',1,0,'0.0000','2014-07-23','2019-07-22',0,'0',1,'2014-07-23 00:35:19'),(456,'Скидочный купон 15% для nikaromina@mail.ru','88350565','P','15.0000',1,0,'0.0000','2014-07-23','2019-07-22',0,'0',1,'2014-07-23 00:35:17'),(457,'Скидочный купон 15% для lobanova.elvira@gmail.com','24318327','P','15.0000',1,0,'0.0000','2014-07-23','2019-07-22',0,'0',1,'2014-07-23 00:35:17'),(458,'Скидочный купон 15% для polinasd@mail.ru','41440759','P','15.0000',1,0,'0.0000','2014-07-23','2019-07-22',0,'0',1,'2014-07-23 00:35:17'),(459,'Скидочный купон 15% для ma-ru-sa@yandex.ru','94457014','P','15.0000',1,0,'0.0000','2014-07-23','2019-07-22',0,'0',1,'2014-07-23 00:35:17'),(460,'Скидочный купон 15% для larisa@clickavia.ru','74878429','P','15.0000',1,0,'0.0000','2014-07-23','2019-07-22',0,'0',1,'2014-07-23 00:35:18'),(461,'Скидочный купон 15% для galina.kasjanova@gmail.com','84056110','P','15.0000',1,0,'0.0000','2014-07-23','2019-07-22',0,'0',1,'2014-07-23 00:35:18'),(462,'Скидочный купон 15% для eliska2003@mail.ru','25312890','P','15.0000',1,0,'0.0000','2014-07-23','2019-07-22',0,'0',1,'2014-07-23 00:35:18'),(463,'Скидочный купон 15% для la.vie.aimant@gmail.com','23482519','P','15.0000',1,0,'0.0000','2014-07-23','2019-07-22',0,'0',1,'2014-07-23 00:35:18'),(464,'Скидочный купон 15% для julkarputova@gmail.com','89652740','P','15.0000',1,0,'0.0000','2014-07-23','2019-07-22',0,'0',1,'2014-07-23 00:35:18'),(435,'Скидочный купон 15% для darya.vasilchikova@gmail.com','61214906','P','15.0000',1,0,'0.0000','2014-07-23','2019-07-22',0,'0',1,'2014-07-23 00:35:10'),(436,'Скидочный купон 15% для i.afanasyeva87@mail.ru','08827627','P','15.0000',1,0,'0.0000','2014-07-23','2019-07-22',0,'0',1,'2014-07-23 00:35:11'),(437,'Скидочный купон 15% для press-anastasiya@ya.ru','67118919','P','15.0000',1,0,'0.0000','2014-07-23','2019-07-22',0,'0',1,'2014-07-23 00:35:11'),(438,'Скидочный купон 15% для nastya.mes.1994@mail.ru','86966061','P','15.0000',1,0,'0.0000','2014-07-23','2019-07-22',0,'0',1,'2014-07-23 00:35:11'),(439,'Скидочный купон 15% для 909-906-31-80@mail.ru','17256205','P','15.0000',1,0,'0.0000','2014-07-23','2019-07-22',0,'0',1,'2014-07-23 00:35:12'),(440,'Скидочный купон 15% для marykon@rambler.ru','98653719','P','15.0000',1,0,'0.0000','2014-07-23','2019-07-22',0,'0',1,'2014-07-23 00:35:12'),(441,'Скидочный купон 15% для taratorkina@gmail.com','41020107','P','15.0000',1,0,'0.0000','2014-07-23','2019-07-22',0,'0',1,'2014-07-23 00:35:13'),(442,'Скидочный купон 15% для kati_ona@mail.ru','79329830','P','15.0000',1,0,'0.0000','2014-07-23','2019-07-22',0,'0',1,'2014-07-23 00:35:13'),(443,'Скидочный купон 15% для uventlaw@gmail.com','55406455','P','15.0000',1,0,'0.0000','2014-07-23','2019-07-22',0,'0',1,'2014-07-23 00:35:13'),(444,'Скидочный купон 15% для mkhazagaeva@mail.ru','10947030','P','15.0000',1,0,'0.0000','2014-07-23','2019-07-22',0,'0',1,'2014-07-23 00:35:13'),(445,'Скидочный купон 15% для tikhonova_e@mail.ru','12203179','P','15.0000',1,0,'0.0000','2014-07-23','2019-07-22',0,'0',1,'2014-07-23 00:35:14'),(446,'Скидочный купон 15% для mar7na@gmail.com','00197392','P','15.0000',1,0,'0.0000','2014-07-23','2019-07-22',0,'0',1,'2014-07-23 00:35:14'),(447,'Скидочный купон 15% для morgencafe@mail.ru','83236677','P','15.0000',1,0,'0.0000','2014-07-23','2019-07-22',0,'0',1,'2014-07-23 00:35:14'),(448,'Скидочный купон 15% для annie_1911@mail.ru','56126316','P','15.0000',1,0,'0.0000','2014-07-23','2019-07-22',0,'0',1,'2014-07-23 00:35:14'),(449,'Скидочный купон 15% для silaeva.ekaterina@gmail.com','53673363','P','15.0000',1,0,'0.0000','2014-07-23','2019-07-22',0,'0',1,'2014-07-23 00:35:15'),(450,'Скидочный купон 15% для enricapokr@gmail.com','26199006','P','15.0000',1,0,'0.0000','2014-07-23','2019-07-22',0,'0',1,'2014-07-23 00:35:15'),(451,'Скидочный купон 15% для gaisinal1@yandex.ru','21986551','P','15.0000',1,0,'0.0000','2014-07-23','2019-07-22',0,'0',1,'2014-07-23 00:35:15'),(452,'Скидочный купон 15% для sunnyangele@gmail.com','15268322','P','15.0000',1,0,'0.0000','2014-07-23','2019-07-22',0,'0',1,'2014-07-23 00:35:15'),(453,'Скидочный купон 15% для tkogut@mail.ru','58980411','P','15.0000',1,0,'0.0000','2014-07-23','2019-07-22',0,'0',1,'2014-07-23 00:35:15'),(454,'Скидочный купон 15% для falcons@inbox.ru','92981942','P','15.0000',1,0,'0.0000','2014-07-23','2019-07-22',0,'0',1,'2014-07-23 00:35:15'),(455,'Скидочный купон 15% для ev.a@inbox.ru','02967367','P','15.0000',1,0,'0.0000','2014-07-23','2019-07-22',0,'0',1,'2014-07-23 00:35:15'),(432,'Скидочный купон 15% для marina.erpuleva@gmail.com','31823991','P','15.0000',1,0,'0.0000','2014-07-23','2019-07-22',0,'0',1,'2014-07-23 00:35:10'),(433,'Скидочный купон 15% для kponizkova@yandex.ru','11646190','P','15.0000',1,0,'0.0000','2014-07-23','2019-07-22',0,'0',1,'2014-07-23 00:35:10'),(434,'Скидочный купон 15% для xoma13@list.ru','29519020','P','15.0000',1,0,'0.0000','2014-07-23','2019-07-22',0,'0',1,'2014-07-23 00:35:10'),(426,'Скидочный купон 15% для danilovaov@gmail.com','11660910','P','15.0000',1,0,'0.0000','2014-07-23','2019-07-22',0,'0',1,'2014-07-23 00:35:09'),(427,'Скидочный купон 15% для artamonova2@yandex.ru','21102135','P','15.0000',1,0,'0.0000','2014-07-23','2019-07-22',0,'0',1,'2014-07-23 00:35:09'),(428,'Скидочный купон 15% для muhametova@list.ru','31499228','P','15.0000',1,0,'0.0000','2014-07-23','2019-07-22',0,'0',1,'2014-07-23 00:35:09'),(429,'Скидочный купон 15% для katrin_ka_05@mail.ru','82264565','P','15.0000',1,0,'0.0000','2014-07-23','2019-07-22',0,'0',1,'2014-07-23 00:35:09'),(430,'Скидочный купон 15% для liza.tsyplenkova@gmail.com','51059151','P','15.0000',1,0,'0.0000','2014-07-23','2019-07-22',0,'0',1,'2014-07-23 00:35:10'),(431,'Скидочный купон 15% для show-u@mail.ru','16036379','P','15.0000',1,0,'0.0000','2014-07-23','2019-07-22',0,'0',1,'2014-07-23 00:35:10'),(393,'Скидочный купон 15% для irina.asta@gmail.com','84554708','P','15.0000',1,0,'0.0000','2014-07-23','2019-07-22',0,'0',1,'2014-07-23 00:35:04'),(394,'Скидочный купон 15% для ekaterinamakhlina@gmail.com','23060622','P','15.0000',1,0,'0.0000','2014-07-23','2019-07-22',0,'0',1,'2014-07-23 00:35:04'),(395,'Скидочный купон 15% для plaggy@inbox.ru','87556877','P','15.0000',1,0,'0.0000','2014-07-23','2019-07-22',0,'0',1,'2014-07-23 00:35:04'),(396,'Скидочный купон 15% для Oksana.yukovleva@rambler.ru','08073081','P','15.0000',1,0,'0.0000','2014-07-23','2019-07-22',0,'0',1,'2014-07-23 00:35:04'),(397,'Скидочный купон 15% для ttsives@inbox.ru','32578459','P','15.0000',1,0,'0.0000','2014-07-23','2019-07-22',0,'0',1,'2014-07-23 00:35:04'),(398,'Скидочный купон 15% для mayasha@yandex.ru','75571689','P','15.0000',1,0,'0.0000','2014-07-23','2019-07-22',0,'0',1,'2014-07-23 00:35:05'),(399,'Скидочный купон 15% для emagasin@yandex.ru','32389958','P','15.0000',1,0,'0.0000','2014-07-23','2019-07-22',0,'0',1,'2014-07-23 00:35:05'),(400,'Скидочный купон 15% для vitsko_tuta@mail.ru','64494297','P','15.0000',1,0,'0.0000','2014-07-23','2019-07-22',0,'0',1,'2014-07-23 00:35:05'),(401,'Скидочный купон 15% для a.nikiforova@bk.ru','34418804','P','15.0000',1,0,'0.0000','2014-07-23','2019-07-22',0,'0',1,'2014-07-23 00:35:05'),(402,'Скидочный купон 15% для alenka-a-a-a@yandex.ru','34040822','P','15.0000',1,0,'0.0000','2014-07-23','2019-07-22',0,'0',1,'2014-07-23 00:35:05'),(403,'Скидочный купон 15% для shirikne@yandex.ru','94072458','P','15.0000',1,0,'0.0000','2014-07-23','2019-07-22',0,'0',1,'2014-07-23 00:35:05'),(404,'Скидочный купон 15% для aika83@list.ru','89610583','P','15.0000',1,0,'0.0000','2014-07-23','2019-07-22',0,'0',1,'2014-07-23 00:35:05'),(405,'Скидочный купон 15% для znelli19@mail.ru','81369392','P','15.0000',1,0,'0.0000','2014-07-23','2019-07-22',0,'0',1,'2014-07-23 00:35:06'),(406,'Скидочный купон 15% для hoper63@inbox.ru','79566674','P','15.0000',1,0,'0.0000','2014-07-23','2019-07-22',0,'0',1,'2014-07-23 00:35:06'),(407,'Скидочный купон 15% для kewinka@mail.ru','97110687','P','15.0000',1,0,'0.0000','2014-07-23','2019-07-22',0,'0',1,'2014-07-23 00:35:06'),(408,'Скидочный купон 15% для dashuny_91@bk.ru','44848566','P','15.0000',1,0,'0.0000','2014-07-23','2019-07-22',0,'0',1,'2014-07-23 00:35:06'),(409,'Скидочный купон 15% для yana07.07@mail.ru','69142058','P','15.0000',1,0,'0.0000','2014-07-23','2019-07-22',0,'0',1,'2014-07-23 00:35:06'),(410,'Скидочный купон 15% для 79265817843@mail.ru','89344073','P','15.0000',1,0,'0.0000','2014-07-23','2019-07-22',0,'0',1,'2014-07-23 00:35:06'),(411,'Скидочный купон 15% для m00ny@mail.ru','68364128','P','15.0000',1,0,'0.0000','2014-07-23','2019-07-22',0,'0',1,'2014-07-23 00:35:06'),(412,'Скидочный купон 15% для novikovamaryana@gmail.com','40124779','P','15.0000',1,0,'0.0000','2014-07-23','2019-07-22',0,'0',1,'2014-07-23 00:35:06'),(413,'Скидочный купон 15% для yulia.prilutskaya@mail.ru','68377755','P','15.0000',1,0,'0.0000','2014-07-23','2019-07-22',0,'0',1,'2014-07-23 00:35:07'),(414,'Скидочный купон 15% для belayaovechka@lenta.ru','68807523','P','15.0000',1,0,'0.0000','2014-07-23','2019-07-22',0,'0',1,'2014-07-23 00:35:07'),(415,'Скидочный купон 15% для elmira49@mail.ru','24955138','P','15.0000',1,0,'0.0000','2014-07-23','2019-07-22',0,'0',1,'2014-07-23 00:35:07'),(416,'Скидочный купон 15% для ornella_s@list.ru','03930625','P','15.0000',1,0,'0.0000','2014-07-23','2019-07-22',0,'0',1,'2014-07-23 00:35:07'),(417,'Скидочный купон 15% для fidgee@yandex.ru','34201646','P','15.0000',1,0,'0.0000','2014-07-23','2019-07-22',0,'0',1,'2014-07-23 00:35:07'),(418,'Скидочный купон 15% для ykozlovskaya@gmail.com','31605737','P','15.0000',1,0,'0.0000','2014-07-23','2019-07-22',0,'0',1,'2014-07-23 00:35:08'),(419,'Скидочный купон 15% для lyasik-love@mail.ru','11251430','P','15.0000',1,0,'0.0000','2014-07-23','2019-07-22',0,'0',1,'2014-07-23 00:35:08'),(420,'Скидочный купон 15% для pucca@inbox.ru','71367400','P','15.0000',1,0,'0.0000','2014-07-23','2019-07-22',0,'0',1,'2014-07-23 00:35:08'),(421,'Скидочный купон 15% для ali-savelieva@yandex.ru','71986239','P','15.0000',1,0,'0.0000','2014-07-23','2019-07-22',0,'0',1,'2014-07-23 00:35:08'),(422,'Скидочный купон 15% для laverlist@mail.ru','28875036','P','15.0000',1,0,'0.0000','2014-07-23','2019-07-22',0,'0',1,'2014-07-23 00:35:08'),(423,'Скидочный купон 15% для ritashelmakova@yahoo.com','14018214','P','15.0000',1,0,'0.0000','2014-07-23','2019-07-22',0,'0',1,'2014-07-23 00:35:08'),(424,'Скидочный купон 15% для truderung@gmail.com','33996893','P','15.0000',1,0,'0.0000','2014-07-23','2019-07-22',0,'0',1,'2014-07-23 00:35:09'),(425,'Скидочный купон 15% для dzeku@yandex.ru','97058330','P','15.0000',1,0,'0.0000','2014-07-23','2019-07-22',0,'0',1,'2014-07-23 00:35:09'),(299,'Скидочный купон 15% для tufelka_s@mail.ru','29742693','P','15.0000',1,0,'0.0000','2014-07-23','2019-07-22',0,'0',1,'2014-07-23 00:34:50'),(300,'Скидочный купон 15% для Katie.design@yandex.ru','55765601','P','15.0000',1,0,'0.0000','2014-07-23','2019-07-22',0,'0',1,'2014-07-23 00:34:50'),(301,'Скидочный купон 15% для Sunnygirl3110@gmail.com','59420027','P','15.0000',1,0,'0.0000','2014-07-23','2019-07-22',0,'0',1,'2014-07-23 00:34:50'),(302,'Скидочный купон 15% для ssmirnovdd@mail.ru','94266588','P','15.0000',1,0,'0.0000','2014-07-23','2019-07-22',0,'0',1,'2014-07-23 00:34:50'),(303,'Скидочный купон 15% для mara777@yandex.ru','34150084','P','15.0000',1,0,'0.0000','2014-07-23','2019-07-22',0,'0',1,'2014-07-23 00:34:50'),(304,'Скидочный купон 15% для margoshipilova@yandex.ru','45991895','P','15.0000',1,0,'0.0000','2014-07-23','2019-07-22',0,'0',1,'2014-07-23 00:34:50'),(305,'Скидочный купон 15% для chernovnn@gmail.com','73763821','P','15.0000',1,0,'0.0000','2014-07-23','2019-07-22',0,'0',1,'2014-07-23 00:34:51'),(306,'Скидочный купон 15% для annfed1@gmail.com','14779542','P','15.0000',1,0,'0.0000','2014-07-23','2019-07-22',0,'0',1,'2014-07-23 00:34:51'),(307,'Скидочный купон 15% для eg_el@mail.com','85674418','P','15.0000',1,0,'0.0000','2014-07-23','2019-07-22',0,'0',1,'2014-07-23 00:34:51'),(308,'Скидочный купон 15% для tukasupaya@gmail.com','80687524','P','15.0000',1,0,'0.0000','2014-07-23','2019-07-22',0,'0',1,'2014-07-23 00:34:51'),(309,'Скидочный купон 15% для ridel_kristina@mail.ru','78906107','P','15.0000',1,0,'0.0000','2014-07-23','2019-07-22',0,'0',1,'2014-07-23 00:34:51'),(310,'Скидочный купон 15% для ekshurygina@mail.ru','47331749','P','15.0000',1,0,'0.0000','2014-07-23','2019-07-22',0,'0',1,'2014-07-23 00:34:51'),(311,'Скидочный купон 15% для anastasiakulik@gmail.com','10543620','P','15.0000',1,0,'0.0000','2014-07-23','2019-07-22',0,'0',1,'2014-07-23 00:34:51'),(312,'Скидочный купон 15% для ek.markanova@gmail.com','58822059','P','15.0000',1,0,'0.0000','2014-07-23','2019-07-22',0,'0',1,'2014-07-23 00:34:51'),(313,'Скидочный купон 15% для dashagp@gmail.com','84834898','P','15.0000',1,0,'0.0000','2014-07-23','2019-07-22',0,'0',1,'2014-07-23 00:34:52'),(314,'Скидочный купон 15% для biola@ngs.ru','42158438','P','15.0000',1,0,'0.0000','2014-07-23','2019-07-22',0,'0',1,'2014-07-23 00:34:52'),(315,'Скидочный купон 15% для thefelislynx@gmail.com','38253457','P','15.0000',1,0,'0.0000','2014-07-23','2019-07-22',0,'0',1,'2014-07-23 00:34:52'),(316,'Скидочный купон 15% для ikrainov@gmail.com','13922310','P','15.0000',1,0,'0.0000','2014-07-23','2019-07-22',0,'0',1,'2014-07-23 00:34:52'),(317,'Скидочный купон 15% для ann_fallen@gmail.com','79216190','P','15.0000',1,0,'0.0000','2014-07-23','2019-07-22',0,'0',1,'2014-07-23 00:34:52'),(318,'Скидочный купон 15% для seafish17@yahoo.com','29402684','P','15.0000',1,0,'0.0000','2014-07-23','2019-07-22',0,'0',1,'2014-07-23 00:34:52'),(319,'Скидочный купон 15% для sportyspice@mail.ru','30963433','P','15.0000',1,0,'0.0000','2014-07-23','2019-07-22',0,'0',1,'2014-07-23 00:34:52'),(320,'Скидочный купон 15% для db@sportinyou.ru','61584670','P','15.0000',1,0,'0.0000','2014-07-23','2019-07-22',0,'0',1,'2014-07-23 00:34:52'),(321,'Скидочный купон 15% для golubcova_ideal@mail.ru','49009891','P','15.0000',1,0,'0.0000','2014-07-23','2019-07-22',0,'0',1,'2014-07-23 00:34:52'),(322,'Скидочный купон 15% для Kristina.galustyan@gmail.com','73088821','P','15.0000',1,0,'0.0000','2014-07-23','2019-07-22',0,'0',1,'2014-07-23 00:34:53'),(323,'Скидочный купон 15% для 2697238@mail.ru','70704930','P','15.0000',1,0,'0.0000','2014-07-23','2019-07-22',0,'0',1,'2014-07-23 00:34:53'),(324,'Скидочный купон 15% для hisashasmith@mail.ru','08743437','P','15.0000',1,0,'0.0000','2014-07-23','2019-07-22',0,'0',1,'2014-07-23 00:34:53'),(325,'Скидочный купон 15% для fionak@yandex.ru','23611527','P','15.0000',1,0,'0.0000','2014-07-23','2019-07-22',0,'0',1,'2014-07-23 00:34:53'),(326,'Скидочный купон 15% для ange_diable@bk.ru','72559666','P','15.0000',1,0,'0.0000','2014-07-23','2019-07-22',0,'0',1,'2014-07-23 00:34:53'),(327,'Скидочный купон 15% для mirik.ru@mail.ru','62591791','P','15.0000',1,0,'0.0000','2014-07-23','2019-07-22',0,'0',1,'2014-07-23 00:34:53'),(328,'Скидочный купон 15% для belovaval@mail.ru','56479741','P','15.0000',1,0,'0.0000','2014-07-23','2019-07-22',0,'0',1,'2014-07-23 00:34:53'),(329,'Скидочный купон 15% для guestsecret777@gmail.com','09213380','P','15.0000',1,0,'0.0000','2014-07-23','2019-07-22',0,'0',1,'2014-07-23 00:34:54'),(330,'Скидочный купон 15% для ingakireeva@gmail.com','42438983','P','15.0000',1,0,'0.0000','2014-07-23','2019-07-22',0,'0',1,'2014-07-23 00:34:54'),(331,'Скидочный купон 15% для komissarova.eka@gmail.com','13210114','P','15.0000',1,0,'0.0000','2014-07-23','2019-07-22',0,'0',1,'2014-07-23 00:34:54'),(332,'Скидочный купон 15% для vikusik-pm@ya.ru','65141451','P','15.0000',1,0,'0.0000','2014-07-23','2019-07-22',0,'0',1,'2014-07-23 00:34:54'),(333,'Скидочный купон 15% для innusik11@rambler.ru','26159843','P','15.0000',1,0,'0.0000','2014-07-23','2019-07-22',0,'0',1,'2014-07-23 00:34:54'),(334,'Скидочный купон 15% для Julia_mit1807@mail.ru','08576306','P','15.0000',1,0,'0.0000','2014-07-23','2019-07-22',0,'0',1,'2014-07-23 00:34:54'),(335,'Скидочный купон 15% для yanshin@me.com','52752887','P','15.0000',1,0,'0.0000','2014-07-23','2019-07-22',0,'0',1,'2014-07-23 00:34:54'),(336,'Скидочный купон 15% для 89261143266@mail.ru','28131533','P','15.0000',1,0,'0.0000','2014-07-23','2019-07-22',0,'0',1,'2014-07-23 00:34:54'),(337,'Скидочный купон 15% для maria.shitsle@gmail.com','14791120','P','15.0000',1,0,'0.0000','2014-07-23','2019-07-22',0,'0',1,'2014-07-23 00:34:55'),(338,'Скидочный купон 15% для mansamoro@mail.ru','86749694','P','15.0000',1,0,'0.0000','2014-07-23','2019-07-22',0,'0',1,'2014-07-23 00:34:55'),(339,'Скидочный купон 15% для mariamaslennikova@mail.ru','75882554','P','15.0000',1,0,'0.0000','2014-07-23','2019-07-22',0,'0',1,'2014-07-23 00:34:55'),(340,'Скидочный купон 15% для shmelevstas@gmail.ru','35639960','P','15.0000',1,0,'0.0000','2014-07-23','2019-07-22',0,'0',1,'2014-07-23 00:34:55'),(341,'Скидочный купон 15% для Natalia.vasilkova@mail.ru','23833931','P','15.0000',1,0,'0.0000','2014-07-23','2019-07-22',0,'0',1,'2014-07-23 00:34:55'),(342,'Скидочный купон 15% для zeldman@mail.ru','59444271','P','15.0000',1,0,'0.0000','2014-07-23','2019-07-22',0,'0',1,'2014-07-23 00:34:55'),(343,'Скидочный купон 15% для schirinaa@mail.ru','74999321','P','15.0000',1,0,'0.0000','2014-07-23','2019-07-22',0,'0',1,'2014-07-23 00:34:55'),(344,'Скидочный купон 15% для shoodesign@mail.ru','88467958','P','15.0000',1,0,'0.0000','2014-07-23','2019-07-22',0,'0',1,'2014-07-23 00:34:55'),(345,'Скидочный купон 15% для odarka.skazka@gmail.com','23042247','P','15.0000',1,0,'0.0000','2014-07-23','2019-07-22',0,'0',1,'2014-07-23 00:34:55'),(346,'Скидочный купон 15% для mokusha@mail.ru','18049656','P','15.0000',1,0,'0.0000','2014-07-23','2019-07-22',0,'0',1,'2014-07-23 00:34:55'),(347,'Скидочный купон 15% для ak.aspr.promotion@gmail.com','03486693','P','15.0000',1,0,'0.0000','2014-07-23','2019-07-22',0,'0',1,'2014-07-23 00:34:55'),(348,'Скидочный купон 15% для rublevaolia@gmail.com','43902483','P','15.0000',1,0,'0.0000','2014-07-23','2019-07-22',0,'0',1,'2014-07-23 00:34:55'),(349,'Скидочный купон 15% для evgeniamasloboeva@gmail.com','78790150','P','15.0000',1,0,'0.0000','2014-07-23','2019-07-22',0,'0',1,'2014-07-23 00:34:56'),(350,'Скидочный купон 15% для Alexandra.shlyaeva@gmail.com','85470820','P','15.0000',1,0,'0.0000','2014-07-23','2019-07-22',0,'0',1,'2014-07-23 00:34:56'),(351,'Скидочный купон 15% для polnikovaml@gmail.com','16872605','P','15.0000',1,0,'0.0000','2014-07-23','2019-07-22',0,'0',1,'2014-07-23 00:34:56'),(352,'Скидочный купон 15% для benderskaya@gmail.com','99502229','P','15.0000',1,0,'0.0000','2014-07-23','2019-07-22',0,'0',1,'2014-07-23 00:34:56'),(353,'Скидочный купон 15% для ilmitrofanova1@yandex.ru','08798196','P','15.0000',1,0,'0.0000','2014-07-23','2019-07-22',0,'0',1,'2014-07-23 00:34:56'),(354,'Скидочный купон 15% для v.lomonosova@gmail.com','52250341','P','15.0000',1,0,'0.0000','2014-07-23','2019-07-22',0,'0',1,'2014-07-23 00:34:56'),(355,'Скидочный купон 15% для karmensmr@gmail.com','91807755','P','15.0000',1,0,'0.0000','2014-07-23','2019-07-22',0,'0',1,'2014-07-23 00:34:57'),(356,'Скидочный купон 15% для svetlans_ob@mail.ru','59471650','P','15.0000',1,0,'0.0000','2014-07-23','2019-07-22',0,'0',1,'2014-07-23 00:34:57'),(357,'Скидочный купон 15% для ryzhryzh@gmail.com','41922777','P','15.0000',1,0,'0.0000','2014-07-23','2019-07-22',0,'0',1,'2014-07-23 00:34:57'),(358,'Скидочный купон 15% для olgafedorova88@gmail.com','88281689','P','15.0000',1,0,'0.0000','2014-07-23','2019-07-22',0,'0',1,'2014-07-23 00:34:57'),(359,'Скидочный купон 15% для vall.molchanova@gmail.com','75932387','P','15.0000',1,0,'0.0000','2014-07-23','2019-07-22',0,'0',1,'2014-07-23 00:34:57'),(360,'Скидочный купон 15% для cherry10@yandex.ru','22327821','P','15.0000',1,0,'0.0000','2014-07-23','2019-07-22',0,'0',1,'2014-07-23 00:34:57'),(361,'Скидочный купон 15% для bellatagarova@gmail.com','90317075','P','15.0000',1,0,'0.0000','2014-07-23','2019-07-22',0,'0',1,'2014-07-23 00:34:57'),(362,'Скидочный купон 15% для tarrka@rambler.ru','89284070','P','15.0000',1,0,'0.0000','2014-07-23','2019-07-22',0,'0',1,'2014-07-23 00:34:58'),(363,'Скидочный купон 15% для melhistinka@list.ru','55367028','P','15.0000',1,0,'0.0000','2014-07-23','2019-07-22',0,'0',1,'2014-07-23 00:34:58'),(364,'Скидочный купон 15% для stanchesss@gmail.com','15082291','P','15.0000',1,0,'0.0000','2014-07-23','2019-07-22',0,'0',1,'2014-07-23 00:34:58'),(365,'Скидочный купон 15% для evantipova@mail.ru','21180827','P','15.0000',1,0,'0.0000','2014-07-23','2019-07-22',0,'0',1,'2014-07-23 00:34:58'),(366,'Скидочный купон 15% для alya.kazimir@mail.ru','64503197','P','15.0000',1,0,'0.0000','2014-07-23','2019-07-22',0,'0',1,'2014-07-23 00:34:58'),(367,'Скидочный купон 15% для lealenka@yandex.ru','52311592','P','15.0000',1,0,'0.0000','2014-07-23','2019-07-22',0,'0',1,'2014-07-23 00:34:58'),(368,'Скидочный купон 15% для kudrizain@gmail.com','99910821','P','15.0000',1,0,'0.0000','2014-07-23','2019-07-22',0,'0',1,'2014-07-23 00:34:58'),(369,'Скидочный купон 15% для anna.stadukhina@gmail.com','82880045','P','15.0000',1,0,'0.0000','2014-07-23','2019-07-22',0,'0',1,'2014-07-23 00:34:59'),(370,'Скидочный купон 15% для m.titkova@gmail.com','38468323','P','15.0000',1,0,'0.0000','2014-07-23','2019-07-22',0,'0',1,'2014-07-23 00:34:59'),(371,'Скидочный купон 15% для shm_elena@bk.ru','45459268','P','15.0000',1,0,'0.0000','2014-07-23','2019-07-22',0,'0',1,'2014-07-23 00:34:59'),(372,'Скидочный купон 15% для amarezza@gmail.com','05992000','P','15.0000',1,0,'0.0000','2014-07-23','2019-07-22',0,'0',1,'2014-07-23 00:34:59'),(373,'Скидочный купон 15% для m.kaprina@mail.ru','27716169','P','15.0000',1,0,'0.0000','2014-07-23','2019-07-22',0,'0',1,'2014-07-23 00:34:59'),(374,'Скидочный купон 15% для maria.bourdina@gmail.com','80462696','P','15.0000',1,0,'0.0000','2014-07-23','2019-07-22',0,'0',1,'2014-07-23 00:34:59'),(375,'Скидочный купон 15% для leralistopadova@gmail.com','02194773','P','15.0000',1,0,'0.0000','2014-07-23','2019-07-22',0,'0',1,'2014-07-23 00:34:59'),(376,'Скидочный купон 15% для st.robakidze@gmail.com','25245137','P','15.0000',1,0,'0.0000','2014-07-23','2019-07-22',0,'0',1,'2014-07-23 00:34:59'),(377,'Скидочный купон 15% для homa_ne@mail.ru','89840328','P','15.0000',1,0,'0.0000','2014-07-23','2019-07-22',0,'0',1,'2014-07-23 00:35:00'),(378,'Скидочный купон 15% для anika-tihaya@mail.ru','25340200','P','15.0000',1,0,'0.0000','2014-07-23','2019-07-22',0,'0',1,'2014-07-23 00:35:00'),(379,'Скидочный купон 15% для zoya.menshova@gmail.com','31867498','P','15.0000',1,0,'0.0000','2014-07-23','2019-07-22',0,'0',1,'2014-07-23 00:35:00'),(380,'Скидочный купон 15% для maxim@ivanov.name','90141419','P','15.0000',1,0,'0.0000','2014-07-23','2019-07-22',0,'0',1,'2014-07-23 00:35:00'),(381,'Скидочный купон 15% для miamura@mail.ru','38220392','P','15.0000',1,0,'0.0000','2014-07-23','2019-07-22',0,'0',1,'2014-07-23 00:35:00'),(382,'Скидочный купон 15% для brattseva@gmail.com','72673665','P','15.0000',1,0,'0.0000','2014-07-23','2019-07-22',0,'0',1,'2014-07-23 00:35:00'),(383,'Скидочный купон 15% для polinapanfilova1@gmail.com','63027906','P','15.0000',1,0,'0.0000','2014-07-23','2019-07-22',0,'0',1,'2014-07-23 00:35:00'),(384,'Скидочный купон 15% для nika-sun@mail.ru','91994976','P','15.0000',1,0,'0.0000','2014-07-23','2019-07-22',0,'0',1,'2014-07-23 00:35:00'),(385,'Скидочный купон 15% для ekaterina2029@yandex.ru','69861688','P','15.0000',1,0,'0.0000','2014-07-23','2019-07-22',0,'0',1,'2014-07-23 00:35:01'),(386,'Скидочный купон 15% для olgatugay@gmail.com','74409044','P','15.0000',1,0,'0.0000','2014-07-23','2019-07-22',0,'0',1,'2014-07-23 00:35:01'),(387,'Скидочный купон 15% для mulia7@yandex.ru','34692640','P','15.0000',1,0,'0.0000','2014-07-23','2019-07-22',0,'0',1,'2014-07-23 00:35:01'),(388,'Скидочный купон 15% для olgafedo@mail.ru','63992658','P','15.0000',1,0,'0.0000','2014-07-23','2019-07-22',0,'0',1,'2014-07-23 00:35:02'),(389,'Скидочный купон 15% для ola.terekhova@gmail.com','42448125','P','15.0000',1,0,'0.0000','2014-07-23','2019-07-22',0,'0',1,'2014-07-23 00:35:02'),(390,'Скидочный купон 15% для viktory0608@mail.ru','46435867','P','15.0000',1,0,'0.0000','2014-07-23','2019-07-22',0,'0',1,'2014-07-23 00:35:03'),(391,'Скидочный купон 15% для krmartynova@mail.ru','22547943','P','15.0000',1,0,'0.0000','2014-07-23','2019-07-22',0,'0',1,'2014-07-23 00:35:03'),(392,'Скидочный купон 15% для dimalevenets@gmail.com','22138611','P','15.0000',1,0,'0.0000','2014-07-23','2019-07-22',0,'0',1,'2014-07-23 00:35:03'),(291,'Скидочный купон 15% для Olyasergeeva90@mail.ru','06081295','P','15.0000',1,0,'0.0000','2014-07-23','2019-07-22',0,'0',1,'2014-07-23 00:34:49'),(292,'Скидочный купон 15% для Ata.55@mail.ru','48913356','P','15.0000',1,0,'0.0000','2014-07-23','2019-07-22',0,'0',1,'2014-07-23 00:34:49'),(293,'Скидочный купон 15% для Egor.forty.four@gmail.com','36968014','P','15.0000',1,0,'0.0000','2014-07-23','2019-07-22',0,'0',1,'2014-07-23 00:34:49'),(294,'Скидочный купон 15% для suzie@mail.ru','27339908','P','15.0000',1,0,'0.0000','2014-07-23','2019-07-22',0,'0',1,'2014-07-23 00:34:49'),(295,'Скидочный купон 15% для jlevitski@mail.ru','40552406','P','15.0000',1,0,'0.0000','2014-07-23','2019-07-22',0,'0',1,'2014-07-23 00:34:49'),(296,'Скидочный купон 15% для alyona.azarenko@gmail.com','29642104','P','15.0000',1,0,'0.0000','2014-07-23','2019-07-22',0,'0',1,'2014-07-23 00:34:49'),(297,'Скидочный купон 15% для rudaevaoi@gmail.com','69038170','P','15.0000',1,0,'0.0000','2014-07-23','2019-07-22',0,'0',1,'2014-07-23 00:34:50'),(298,'Скидочный купон 15% для floers@rambler.ru','89368242','P','15.0000',1,0,'0.0000','2014-07-23','2019-07-22',0,'0',1,'2014-07-23 00:34:50'),(473,'Скидочный купон 15% для Anna.kim.v@gmail.com','00731930','P','15.0000',1,0,'0.0000','2014-07-23','2019-07-22',0,'0',1,'2014-07-23 00:35:19'),(474,'Скидочный купон 15% для Zoopark2003@inbox.ru','64474557','P','15.0000',1,0,'0.0000','2014-07-23','2019-07-22',0,'0',1,'2014-07-23 00:35:20'),(475,'Скидочный купон 15% для Skv1994@mail.ru','00703138','P','15.0000',1,0,'0.0000','2014-07-23','2019-07-22',0,'0',1,'2014-07-23 00:35:20'),(476,'Скидочный купон 15% для shaasya@gmail.com','31283673','P','15.0000',1,0,'0.0000','2014-07-23','2019-07-22',0,'0',1,'2014-07-23 00:35:20'),(477,'Скидочный купон 15% для katerine909@hotmail.com','64572868','P','15.0000',1,0,'0.0000','2014-07-23','2019-07-22',0,'0',1,'2014-07-23 00:35:21'),(478,'Скидочный купон 15% для 2915652@gmail.com','20564924','P','15.0000',1,0,'0.0000','2014-07-23','2019-07-22',0,'0',1,'2014-07-23 00:35:21'),(479,'Скидочный купон 15% для o-kiseleva@inbox.ru','89319582','P','15.0000',1,0,'0.0000','2014-07-23','2019-07-22',0,'0',1,'2014-07-23 00:35:21'),(480,'Скидочный купон 15% для unique-fille@rambler.ru','50976601','P','15.0000',1,0,'0.0000','2014-07-23','2019-07-22',0,'0',1,'2014-07-23 00:35:21'),(481,'Скидочный купон 15% для polinovka@inbox.ru','94711382','P','15.0000',1,0,'0.0000','2014-07-23','2019-07-22',0,'0',1,'2014-07-23 00:35:21'),(482,'Скидочный купон 15% для mila_chernyshova@hotmail.com','22850988','P','15.0000',1,0,'0.0000','2014-07-23','2019-07-22',0,'0',1,'2014-07-23 00:35:22'),(483,'Скидочный купон 15% для zykkova@mail.ru','81865670','P','15.0000',1,0,'0.0000','2014-07-23','2019-07-22',0,'0',1,'2014-07-23 00:35:22'),(484,'Скидочный купон 15% для volegovaolga@gmail.com','66712620','P','15.0000',1,0,'0.0000','2014-07-23','2019-07-22',0,'0',1,'2014-07-23 00:35:22'),(485,'Скидочный купон 15% для sofiaoleynik@gmail.com','99101922','P','15.0000',1,0,'0.0000','2014-07-23','2019-07-22',0,'0',1,'2014-07-23 00:35:22'),(486,'Скидочный купон 15% для destino1992@mail.ru','09708585','P','15.0000',1,0,'0.0000','2014-07-23','2019-07-22',0,'0',1,'2014-07-23 00:35:22'),(487,'Скидочный купон 15% для one2three4five6@yandex.ru','56101897','P','15.0000',1,0,'0.0000','2014-07-23','2019-07-22',0,'0',1,'2014-07-23 00:35:22'),(488,'Скидочный купон 15% для ganihinadaria@gmail.com','45850959','P','15.0000',1,0,'0.0000','2014-07-23','2019-07-22',0,'0',1,'2014-07-23 00:35:23'),(489,'Скидочный купон 15% для o_l_g_@mail.ru','85983103','P','15.0000',1,0,'0.0000','2014-07-23','2019-07-22',0,'0',1,'2014-07-23 00:35:23'),(490,'Скидочный купон 15% для poverxserdca@gmail.com','07372027','P','15.0000',1,0,'0.0000','2014-07-23','2019-07-22',0,'0',1,'2014-07-23 00:35:23'),(775,'Скидочный купон 15% для highsight@mail.ru','12884201','P','15.0000',1,0,'0.0000','2014-07-24','2019-07-23',0,'0',1,'2014-07-24 22:29:12'),(492,'Скидочный купон 15% для dandrey@inbox.ru','90798186','P','15.0000',1,0,'0.0000','2014-07-23','2019-07-22',0,'0',1,'2014-07-23 00:36:45'),(493,'Скидочный купон 15% для alreadyhasbeen@mail.ru','66396316','P','15.0000',1,0,'0.0000','2014-07-23','2019-07-22',0,'0',1,'2014-07-23 00:36:46'),(494,'Скидочный купон 15% для max.oxana@gmail.com','03213477','P','15.0000',1,0,'0.0000','2014-07-23','2019-07-22',0,'0',1,'2014-07-23 00:36:46'),(495,'Скидочный купон 15% для polly.pol@mail.ru','63357576','P','15.0000',1,0,'0.0000','2014-07-23','2019-07-22',0,'0',1,'2014-07-23 00:36:46'),(496,'Скидочный купон 15% для prizzma@inbox.ru','44425170','P','15.0000',1,0,'0.0000','2014-07-23','2019-07-22',0,'0',1,'2014-07-23 00:36:46'),(497,'Скидочный купон 15% для room302@inbox.ru','70933982','P','15.0000',1,0,'0.0000','2014-07-23','2019-07-22',0,'0',1,'2014-07-23 00:36:46'),(498,'Скидочный купон 15% для medvedeva_89@rambler.ru','20353929','P','15.0000',1,0,'0.0000','2014-07-23','2019-07-22',0,'0',1,'2014-07-23 00:36:46'),(499,'Скидочный купон 15% для m-171700@yandex.ru','24388032','P','15.0000',1,0,'0.0000','2014-07-23','2019-07-22',0,'0',1,'2014-07-23 00:36:46'),(500,'Скидочный купон 15% для gal4onok.net@mail.ru','47388984','P','15.0000',1,0,'0.0000','2014-07-23','2019-07-22',0,'0',1,'2014-07-23 00:36:47'),(501,'Скидочный купон 15% для anastasiyasizova@gmail.com','96615327','P','15.0000',1,0,'0.0000','2014-07-23','2019-07-22',0,'0',1,'2014-07-23 00:36:47'),(502,'Скидочный купон 15% для luki4eva@list.ru','34153234','P','15.0000',1,0,'0.0000','2014-07-23','2019-07-22',0,'0',1,'2014-07-23 00:36:47'),(503,'Скидочный купон 15% для inga_berezovets@mail.ru','66246559','P','15.0000',1,0,'0.0000','2014-07-23','2019-07-22',0,'0',1,'2014-07-23 00:36:47'),(504,'Скидочный купон 15% для jul.lukina@gmail.com','27696324','P','15.0000',1,0,'0.0000','2014-07-23','2019-07-22',0,'0',1,'2014-07-23 00:36:47'),(505,'Скидочный купон 15% для alexeeva.ann@gmail.com','98530693','P','15.0000',1,0,'0.0000','2014-07-23','2019-07-22',0,'0',1,'2014-07-23 00:36:47'),(506,'Скидочный купон 15% для mkandlin@mail.ru','00732077','P','15.0000',1,0,'0.0000','2014-07-23','2019-07-22',0,'0',1,'2014-07-23 00:36:47'),(507,'Скидочный купон 15% для annimagines@writeme.com','69013595','P','15.0000',1,0,'0.0000','2014-07-23','2019-07-22',0,'0',1,'2014-07-23 00:36:47'),(508,'Скидочный купон 15% для levelinterior@mail.ru','15378406','P','15.0000',1,0,'0.0000','2014-07-23','2019-07-22',0,'0',1,'2014-07-23 00:36:48'),(509,'Скидочный купон 15% для krestik-13@mail.ru','15911830','P','15.0000',1,0,'0.0000','2014-07-23','2019-07-22',0,'0',1,'2014-07-23 00:36:48'),(510,'Скидочный купон 15% для aleksa_disign@mail.ru','80390965','P','15.0000',1,0,'0.0000','2014-07-23','2019-07-22',0,'0',1,'2014-07-23 00:36:48'),(511,'Скидочный купон 15% для olga-ershkova@mail.ru','85510450','P','15.0000',1,0,'0.0000','2014-07-23','2019-07-22',0,'0',1,'2014-07-23 00:36:48'),(512,'Скидочный купон 15% для tasya_tender@mail.ru','97661621','P','15.0000',1,0,'0.0000','2014-07-23','2019-07-22',0,'0',1,'2014-07-23 00:36:48'),(513,'Скидочный купон 15% для ksuwaksuwa@gmail.com','01208505','P','15.0000',1,0,'0.0000','2014-07-23','2019-07-22',0,'0',1,'2014-07-23 00:36:48'),(514,'Скидочный купон 15% для pokrovskaya.msk@gmail.com','43441989','P','15.0000',1,0,'0.0000','2014-07-23','2019-07-22',0,'0',1,'2014-07-23 00:36:49'),(515,'Скидочный купон 15% для ekaterinapolushina@gmail.com','42936334','P','15.0000',1,0,'0.0000','2014-07-23','2019-07-22',0,'0',1,'2014-07-23 00:36:49'),(516,'Скидочный купон 15% для mailfornatali@mail.ru','09904114','P','15.0000',1,0,'0.0000','2014-07-23','2019-07-22',0,'0',1,'2014-07-23 00:36:49'),(517,'Скидочный купон 15% для vertualochka@rambler.ru','13497441','P','15.0000',1,0,'0.0000','2014-07-23','2019-07-22',0,'0',1,'2014-07-23 00:36:49'),(518,'Скидочный купон 15% для olka2907@rambler.ru','67476150','P','15.0000',1,0,'0.0000','2014-07-23','2019-07-22',0,'0',1,'2014-07-23 00:36:49'),(519,'Скидочный купон 15% для ev-a87@yandex.ru','33286516','P','15.0000',1,0,'0.0000','2014-07-23','2019-07-22',0,'0',1,'2014-07-23 00:36:49'),(520,'Скидочный купон 15% для elenagalieva@list.ru','30570511','P','15.0000',1,0,'0.0000','2014-07-23','2019-07-22',0,'0',1,'2014-07-23 00:36:49'),(521,'Скидочный купон 15% для miamlik@mail.ru','74947343','P','15.0000',1,0,'0.0000','2014-07-23','2019-07-22',0,'0',1,'2014-07-23 00:36:50'),(522,'Скидочный купон 15% для alexsia4@yandex.ru','98959341','P','15.0000',1,0,'0.0000','2014-07-23','2019-07-22',0,'0',1,'2014-07-23 00:36:50'),(523,'Скидочный купон 15% для girlfriend07@mail.ru','66920072','P','15.0000',1,0,'0.0000','2014-07-23','2019-07-22',0,'0',1,'2014-07-23 00:36:50'),(524,'Скидочный купон 15% для Katie_17@bk.ru','92997904','P','15.0000',1,0,'0.0000','2014-07-23','2019-07-22',0,'0',1,'2014-07-23 00:36:50'),(525,'Скидочный купон 15% для Irina-a@list.ru','38791129','P','15.0000',1,0,'0.0000','2014-07-23','2019-07-22',0,'0',1,'2014-07-23 00:36:50'),(526,'Скидочный купон 15% для lalalastyle@hotmail.com','80473779','P','15.0000',1,0,'0.0000','2014-07-23','2019-07-22',0,'0',1,'2014-07-23 00:36:51'),(527,'Скидочный купон 15% для lilianachijova@mail.ru','25025733','P','15.0000',1,0,'0.0000','2014-07-23','2019-07-22',0,'0',1,'2014-07-23 00:36:51'),(528,'Скидочный купон 15% для dianagerald7@gmail.com','82240172','P','15.0000',1,0,'0.0000','2014-07-23','2019-07-22',0,'0',1,'2014-07-23 00:36:51'),(529,'Скидочный купон 15% для elizaveta_khodina91@mail.ru','94194282','P','15.0000',1,0,'0.0000','2014-07-23','2019-07-22',0,'0',1,'2014-07-23 00:36:51'),(530,'Скидочный купон 15% для tosista@gmail.com','11848529','P','15.0000',1,0,'0.0000','2014-07-23','2019-07-22',0,'0',1,'2014-07-23 00:36:51'),(531,'Скидочный купон 15% для shkodina@yahoo.com','02148465','P','15.0000',1,0,'0.0000','2014-07-23','2019-07-22',0,'0',1,'2014-07-23 00:36:51'),(532,'Скидочный купон 15% для mura1331@rambler.ru','58948657','P','15.0000',1,0,'0.0000','2014-07-23','2019-07-22',0,'0',1,'2014-07-23 00:36:51'),(533,'Скидочный купон 15% для aneeechkaa@gmail.com','96527348','P','15.0000',1,0,'0.0000','2014-07-23','2019-07-22',0,'0',1,'2014-07-23 00:36:51'),(534,'Скидочный купон 15% для nicebettygirl@gmail.com','31116305','P','15.0000',1,0,'0.0000','2014-07-23','2019-07-22',0,'0',1,'2014-07-23 00:36:52'),(535,'Скидочный купон 15% для popova77045@yandex.ru','40813467','P','15.0000',1,0,'0.0000','2014-07-23','2019-07-22',0,'0',1,'2014-07-23 00:36:52'),(536,'Скидочный купон 15% для khomutova-nastya@mail.ru','24000568','P','15.0000',1,0,'0.0000','2014-07-23','2019-07-22',0,'0',1,'2014-07-23 00:36:52'),(537,'Скидочный купон 15% для flamma.j2@gmail.com','01963346','P','15.0000',1,0,'0.0000','2014-07-23','2019-07-22',0,'0',1,'2014-07-23 00:36:52'),(538,'Скидочный купон 15% для adevyatkina@gmail.com','34696530','P','15.0000',1,0,'0.0000','2014-07-23','2019-07-22',0,'0',1,'2014-07-23 00:36:52'),(539,'Скидочный купон 15% для voffka.kosyakov@gmail.com','51075636','P','15.0000',1,0,'0.0000','2014-07-23','2019-07-22',0,'0',1,'2014-07-23 00:36:52'),(540,'Скидочный купон 15% для sokolova.art@gmail.com','03597067','P','15.0000',1,0,'0.0000','2014-07-23','2019-07-22',0,'0',1,'2014-07-23 00:36:52'),(541,'Скидочный купон 15% для millernataly@ya.ru','15237690','P','15.0000',1,0,'0.0000','2014-07-23','2019-07-22',0,'0',1,'2014-07-23 00:36:53'),(542,'Скидочный купон 15% для ozudina@gmail.com','05860054','P','15.0000',1,0,'0.0000','2014-07-23','2019-07-22',0,'0',1,'2014-07-23 00:36:53'),(543,'Скидочный купон 15% для theblondesalad@yandex.ru','14050309','P','15.0000',1,0,'0.0000','2014-07-23','2019-07-22',0,'0',1,'2014-07-23 00:36:53'),(544,'Скидочный купон 15% для pavel.taptygin@hotmail.com','54724284','P','15.0000',1,0,'0.0000','2014-07-23','2019-07-22',0,'0',1,'2014-07-23 00:36:53'),(545,'Скидочный купон 15% для gadanilina@yandex.ru','70735624','P','15.0000',1,0,'0.0000','2014-07-23','2019-07-22',0,'0',1,'2014-07-23 00:36:53'),(546,'Скидочный купон 15% для darialukovnikova@gmail.com','00909330','P','15.0000',1,0,'0.0000','2014-07-23','2019-07-22',0,'0',1,'2014-07-23 00:36:53'),(547,'Скидочный купон 15% для chugunova.inna@gmail.com','73465340','P','15.0000',1,0,'0.0000','2014-07-23','2019-07-22',0,'0',1,'2014-07-23 00:36:54'),(548,'Скидочный купон 15% для rmpiskareva@gmail.com','71103839','P','15.0000',1,0,'0.0000','2014-07-23','2019-07-22',0,'0',1,'2014-07-23 00:36:54'),(549,'Скидочный купон 15% для janna_s@mail.ru','80225364','P','15.0000',1,0,'0.0000','2014-07-23','2019-07-22',0,'0',1,'2014-07-23 00:36:54'),(550,'Скидочный купон 15% для k-kati@list.ru','24317603','P','15.0000',1,0,'0.0000','2014-07-23','2019-07-22',0,'0',1,'2014-07-23 00:36:54'),(551,'Скидочный купон 15% для dnatashka@yandex.ru','94946333','P','15.0000',1,0,'0.0000','2014-07-23','2019-07-22',0,'0',1,'2014-07-23 00:36:54'),(552,'Скидочный купон 15% для ksidorova@me.com','34261558','P','15.0000',1,0,'0.0000','2014-07-23','2019-07-22',0,'0',1,'2014-07-23 00:36:54'),(553,'Скидочный купон 15% для asjaf@bk.ru','46088520','P','15.0000',1,0,'0.0000','2014-07-23','2019-07-22',0,'0',1,'2014-07-23 00:36:54'),(554,'Скидочный купон 15% для khairullin@gmail.com','95150189','P','15.0000',1,0,'0.0000','2014-07-23','2019-07-22',0,'0',1,'2014-07-23 00:36:55'),(555,'Скидочный купон 15% для evgenymuho@gmail.com','46209421','P','15.0000',1,0,'0.0000','2014-07-23','2019-07-22',0,'0',1,'2014-07-23 00:36:55'),(556,'Скидочный купон 15% для aakurzina@gmail.com','74788162','P','15.0000',1,0,'0.0000','2014-07-23','2019-07-22',0,'0',1,'2014-07-23 00:36:55'),(557,'Скидочный купон 15% для politelena@mail.ru','65040148','P','15.0000',1,0,'0.0000','2014-07-23','2019-07-22',0,'0',1,'2014-07-23 00:36:55'),(558,'Скидочный купон 15% для ksenia.mekhanik@gmail.com','54255938','P','15.0000',1,0,'0.0000','2014-07-23','2019-07-22',0,'0',1,'2014-07-23 00:36:55'),(559,'Скидочный купон 15% для novikovaks4@gmail.com','54838944','P','15.0000',1,0,'0.0000','2014-07-23','2019-07-22',0,'0',1,'2014-07-23 00:36:55'),(560,'Скидочный купон 15% для shmeleva-project@yandex.ru','30201727','P','15.0000',1,0,'0.0000','2014-07-23','2019-07-22',0,'0',1,'2014-07-23 00:36:55'),(561,'Скидочный купон 15% для m-medvedeva@list.ru','21011486','P','15.0000',1,0,'0.0000','2014-07-23','2019-07-22',0,'0',1,'2014-07-23 00:36:56'),(562,'Скидочный купон 15% для gurova.ann@gmail.com','70128493','P','15.0000',1,0,'0.0000','2014-07-23','2019-07-22',0,'0',1,'2014-07-23 00:36:56'),(563,'Скидочный купон 15% для tmakarenko@yandex.ru','87555998','P','15.0000',1,0,'0.0000','2014-07-23','2019-07-22',0,'0',1,'2014-07-23 00:36:56'),(564,'Скидочный купон 15% для oxana.nv@gmail.com','90897958','P','15.0000',1,0,'0.0000','2014-07-23','2019-07-22',0,'0',1,'2014-07-23 00:36:56'),(565,'Скидочный купон 15% для a.sinenkova@gmail.com','95808665','P','15.0000',1,0,'0.0000','2014-07-23','2019-07-22',0,'0',1,'2014-07-23 00:36:56'),(566,'Скидочный купон 15% для gugnina-ann@mail.ru','56630567','P','15.0000',1,0,'0.0000','2014-07-23','2019-07-22',0,'0',1,'2014-07-23 00:36:56'),(567,'Скидочный купон 15% для dboutko@gmail.com','11169037','P','15.0000',1,0,'0.0000','2014-07-23','2019-07-22',0,'0',1,'2014-07-23 00:36:57'),(568,'Скидочный купон 15% для laktionova.n@gmail.com','00669148','P','15.0000',1,0,'0.0000','2014-07-23','2019-07-22',0,'0',1,'2014-07-23 00:36:57'),(569,'Скидочный купон 15% для fishka114@ya.ru','52737272','P','15.0000',1,0,'0.0000','2014-07-23','2019-07-22',0,'0',1,'2014-07-23 00:36:57'),(570,'Скидочный купон 15% для shablevich@gmail.com','83478948','P','15.0000',1,0,'0.0000','2014-07-23','2019-07-22',0,'0',1,'2014-07-23 00:36:58'),(571,'Скидочный купон 15% для alenaalshanova@gmail.com','94484753','P','15.0000',1,0,'0.0000','2014-07-23','2019-07-22',0,'0',1,'2014-07-23 00:37:00'),(572,'Скидочный купон 15% для snezhnost412@gmail.com','70950225','P','15.0000',1,0,'0.0000','2014-07-23','2019-07-22',0,'0',1,'2014-07-23 00:37:00'),(573,'Скидочный купон 15% для tufelka_s@mail.ru','49701429','P','15.0000',1,0,'0.0000','2014-07-23','2019-07-22',0,'0',1,'2014-07-23 00:37:01'),(574,'Скидочный купон 15% для natvi86@mail.ru','65634913','P','15.0000',1,0,'0.0000','2014-07-23','2019-07-22',0,'0',1,'2014-07-23 00:37:01'),(575,'Скидочный купон 15% для gkhisametdinova@mail.ru','35061497','P','15.0000',1,0,'0.0000','2014-07-23','2019-07-22',0,'0',1,'2014-07-23 00:37:01'),(576,'Скидочный купон 15% для ol.baskakova@gmail.com','48249483','P','15.0000',1,0,'0.0000','2014-07-23','2019-07-22',0,'0',1,'2014-07-23 00:37:01'),(577,'Скидочный купон 15% для das-denisov@mail.ru','35239324','P','15.0000',1,0,'0.0000','2014-07-23','2019-07-22',0,'0',1,'2014-07-23 00:37:02'),(578,'Скидочный купон 15% для m.petoukhova@gmail.com','87725857','P','15.0000',1,0,'0.0000','2014-07-23','2019-07-22',0,'0',1,'2014-07-23 00:37:02'),(579,'Скидочный купон 15% для aquiz@yandex.ru','24338292','P','15.0000',1,0,'0.0000','2014-07-23','2019-07-22',0,'0',1,'2014-07-23 00:37:02'),(580,'Скидочный купон 15% для d.burdina@irus.ru','91585307','P','15.0000',1,0,'0.0000','2014-07-23','2019-07-22',0,'0',1,'2014-07-23 00:37:02'),(581,'Скидочный купон 15% для katieromanova@gmail.com','82065102','P','15.0000',1,0,'0.0000','2014-07-23','2019-07-22',0,'0',1,'2014-07-23 00:37:02'),(582,'Скидочный купон 15% для vsmish@gmail.com','77424886','P','15.0000',1,0,'0.0000','2014-07-23','2019-07-22',0,'0',1,'2014-07-23 00:37:02'),(583,'Скидочный купон 15% для ljdanova@mail.ru','21802710','P','15.0000',1,0,'0.0000','2014-07-23','2019-07-22',0,'0',1,'2014-07-23 00:37:02'),(584,'Скидочный купон 15% для tina_46@mail.ru','76729686','P','15.0000',1,0,'0.0000','2014-07-23','2019-07-22',0,'0',1,'2014-07-23 00:37:02'),(585,'Скидочный купон 15% для likeness@mail.ru','77217134','P','15.0000',1,0,'0.0000','2014-07-23','2019-07-22',0,'0',1,'2014-07-23 00:37:03'),(586,'Скидочный купон 15% для cherechnj@list.ru','77514265','P','15.0000',1,0,'0.0000','2014-07-23','2019-07-22',0,'0',1,'2014-07-23 00:37:03'),(587,'Скидочный купон 15% для for-good-mail@yandex.ru','34540547','P','15.0000',1,0,'0.0000','2014-07-23','2019-07-22',0,'0',1,'2014-07-23 00:37:03'),(588,'Скидочный купон 15% для olgapopova@mac.com','10896653','P','15.0000',1,0,'0.0000','2014-07-23','2019-07-22',0,'0',1,'2014-07-23 00:37:03'),(589,'Скидочный купон 15% для a_sima@mail.ru','26496723','P','15.0000',1,0,'0.0000','2014-07-23','2019-07-22',0,'0',1,'2014-07-23 00:37:03'),(590,'Скидочный купон 15% для fayzulina.alina@gmail.com','36468010','P','15.0000',1,0,'0.0000','2014-07-23','2019-07-22',0,'0',1,'2014-07-23 00:37:03'),(591,'Скидочный купон 15% для kartinka987@mail.ru','35430790','P','15.0000',1,0,'0.0000','2014-07-23','2019-07-22',0,'0',1,'2014-07-23 00:37:03'),(592,'Скидочный купон 15% для a-nikulina@inbox.ru','77832254','P','15.0000',1,0,'0.0000','2014-07-23','2019-07-22',0,'0',1,'2014-07-23 00:37:03'),(593,'Скидочный купон 15% для arina_flyugova@gmail.com','89235367','P','15.0000',1,0,'0.0000','2014-07-23','2019-07-22',0,'0',1,'2014-07-23 00:37:04'),(594,'Скидочный купон 15% для kkhas.ks@gmail.com','80369352','P','15.0000',1,0,'0.0000','2014-07-23','2019-07-22',0,'0',1,'2014-07-23 00:37:04'),(595,'Скидочный купон 15% для design@tvoy-svet.ru','79475362','P','15.0000',1,0,'0.0000','2014-07-23','2019-07-22',0,'0',1,'2014-07-23 00:37:04'),(596,'Скидочный купон 15% для malatok2006@yandex.ru','93415942','P','15.0000',1,0,'0.0000','2014-07-23','2019-07-22',0,'0',1,'2014-07-23 00:37:04'),(597,'Скидочный купон 15% для boton4ik83@mail.ru','75518186','P','15.0000',1,0,'0.0000','2014-07-23','2019-07-22',0,'0',1,'2014-07-23 00:37:05'),(598,'Скидочный купон 15% для lo-lo8787@mail.ru','00192609','P','15.0000',1,0,'0.0000','2014-07-23','2019-07-22',0,'0',1,'2014-07-23 00:37:05'),(599,'Скидочный купон 15% для dukoctb@gmail.com','43585193','P','15.0000',1,0,'0.0000','2014-07-23','2019-07-22',0,'0',1,'2014-07-23 00:37:05'),(600,'Скидочный купон 15% для ek-le@yandex.ru','33481798','P','15.0000',1,0,'0.0000','2014-07-23','2019-07-22',0,'0',1,'2014-07-23 00:37:05'),(601,'Скидочный купон 15% для petrovooshka@ukr.net','24994643','P','15.0000',1,0,'0.0000','2014-07-23','2019-07-22',0,'0',1,'2014-07-23 00:37:05'),(602,'Скидочный купон 15% для 19991624@rambler.ru','65180173','P','15.0000',1,0,'0.0000','2014-07-23','2019-07-22',0,'0',1,'2014-07-23 00:37:05'),(603,'Скидочный купон 15% для nadya.skazka@gmail.com','31172005','P','15.0000',1,0,'0.0000','2014-07-23','2019-07-22',0,'0',1,'2014-07-23 00:37:05'),(604,'Скидочный купон 15% для jmm.daria@gmail.com','23239100','P','15.0000',1,0,'0.0000','2014-07-23','2019-07-22',0,'0',1,'2014-07-23 00:37:06'),(605,'Скидочный купон 15% для anastasivanova@gmail.com','48974309','P','15.0000',1,0,'0.0000','2014-07-23','2019-07-22',0,'0',1,'2014-07-23 00:37:06'),(606,'Скидочный купон 15% для n.y.kuz@mail.ru','71661294','P','15.0000',1,0,'0.0000','2014-07-23','2019-07-22',0,'0',1,'2014-07-23 00:37:06'),(607,'Скидочный купон 15% для aksenovajul@list.ru','39058090','P','15.0000',1,0,'0.0000','2014-07-23','2019-07-22',0,'0',1,'2014-07-23 00:37:06'),(608,'Скидочный купон 15% для anastasiakraynikova@gmail.com','20310214','P','15.0000',1,0,'0.0000','2014-07-23','2019-07-22',0,'0',1,'2014-07-23 00:37:06'),(609,'Скидочный купон 15% для sirotkina.ek@yandex.ru','09142038','P','15.0000',1,0,'0.0000','2014-07-23','2019-07-22',0,'0',1,'2014-07-23 00:37:06'),(610,'Скидочный купон 15% для hello.anias@gmail.com','19421264','P','15.0000',1,0,'0.0000','2014-07-23','2019-07-22',0,'0',1,'2014-07-23 00:37:06'),(611,'Скидочный купон 15% для kate.warkentin@gmail.com','15895696','P','15.0000',1,0,'0.0000','2014-07-23','2019-07-22',0,'0',1,'2014-07-23 00:37:06'),(612,'Скидочный купон 15% для vorobeisofya@gmail.com','51753783','P','15.0000',1,0,'0.0000','2014-07-23','2019-07-22',0,'0',1,'2014-07-23 00:37:07'),(613,'Скидочный купон 15% для marina_244@list.ru','68678859','P','15.0000',1,0,'0.0000','2014-07-23','2019-07-22',0,'0',1,'2014-07-23 00:37:07'),(614,'Скидочный купон 15% для tamara.ermand@gmail.com','79171601','P','15.0000',1,0,'0.0000','2014-07-23','2019-07-22',0,'0',1,'2014-07-23 00:37:07'),(615,'Скидочный купон 15% для mikhailovayana@list.ru','17052807','P','15.0000',1,0,'0.0000','2014-07-23','2019-07-22',0,'0',1,'2014-07-23 00:37:07'),(616,'Скидочный купон 15% для olbelykh@gmail.com','97113839','P','15.0000',1,0,'0.0000','2014-07-23','2019-07-22',0,'0',1,'2014-07-23 00:37:07'),(617,'Скидочный купон 15% для horeklove@gmail.com','69637023','P','15.0000',1,0,'0.0000','2014-07-23','2019-07-22',0,'0',1,'2014-07-23 00:37:07'),(618,'Скидочный купон 15% для lusiollax@gmail.com','82987997','P','15.0000',1,0,'0.0000','2014-07-23','2019-07-22',0,'0',1,'2014-07-23 00:37:07'),(619,'Скидочный купон 15% для stasy_k@mail.ru','59166135','P','15.0000',1,0,'0.0000','2014-07-23','2019-07-22',0,'0',1,'2014-07-23 00:37:07'),(620,'Скидочный купон 15% для el1925@mail.ru','73501886','P','15.0000',1,0,'0.0000','2014-07-23','2019-07-22',0,'0',1,'2014-07-23 00:37:07'),(621,'Скидочный купон 15% для patimatisaeva69@mail.ru','73933061','P','15.0000',1,0,'0.0000','2014-07-23','2019-07-22',0,'0',1,'2014-07-23 00:37:08'),(622,'Скидочный купон 15% для patimatisaeva69@mail.tu','25993757','P','15.0000',1,0,'0.0000','2014-07-23','2019-07-22',0,'0',1,'2014-07-23 00:37:08'),(623,'Скидочный купон 15% для bns-1@yandex.ru','56317553','P','15.0000',1,0,'0.0000','2014-07-23','2019-07-22',0,'0',1,'2014-07-23 00:37:08'),(624,'Скидочный купон 15% для i.velichko102@gmail.com','80287043','P','15.0000',1,0,'0.0000','2014-07-23','2019-07-22',0,'0',1,'2014-07-23 00:37:08'),(625,'Скидочный купон 15% для anya.eroshenko@gmail.com','32652154','P','15.0000',1,0,'0.0000','2014-07-23','2019-07-22',0,'0',1,'2014-07-23 00:37:08'),(626,'Скидочный купон 15% для sunnygirl3110@gmail.ru','53270745','P','15.0000',1,0,'0.0000','2014-07-23','2019-07-22',0,'0',1,'2014-07-23 00:37:08'),(627,'Скидочный купон 15% для whlhrtd@gmail.com','27691019','P','15.0000',1,0,'0.0000','2014-07-23','2019-07-22',0,'0',1,'2014-07-23 00:37:08'),(628,'Скидочный купон 15% для napalkova-v@mail.ru','03673905','P','15.0000',1,0,'0.0000','2014-07-23','2019-07-22',0,'0',1,'2014-07-23 00:37:08'),(629,'Скидочный купон 15% для d.ivanova1993@mail.ru','15036461','P','15.0000',1,0,'0.0000','2014-07-23','2019-07-22',0,'0',1,'2014-07-23 00:37:08'),(630,'Скидочный купон 15% для 9266812535@bk.ru','78874116','P','15.0000',1,0,'0.0000','2014-07-23','2019-07-22',0,'0',1,'2014-07-23 00:37:08'),(631,'Скидочный купон 15% для tinikon@mail.ru','87496576','P','15.0000',1,0,'0.0000','2014-07-23','2019-07-22',0,'0',1,'2014-07-23 00:37:09'),(632,'Скидочный купон 15% для fonina.olga@gmail.com','82201152','P','15.0000',1,0,'0.0000','2014-07-23','2019-07-22',0,'0',1,'2014-07-23 00:37:09'),(633,'Скидочный купон 15% для sofja-ganicheva@rambler.ru','64428024','P','15.0000',1,0,'0.0000','2014-07-23','2019-07-22',0,'0',1,'2014-07-23 00:37:09'),(634,'Скидочный купон 15% для katik.86@mail.ru','79100258','P','15.0000',1,0,'0.0000','2014-07-23','2019-07-22',0,'0',1,'2014-07-23 00:37:09'),(635,'Скидочный купон 15% для notsimple84@mail.ru','89643290','P','15.0000',1,0,'0.0000','2014-07-23','2019-07-22',0,'0',1,'2014-07-23 00:37:09'),(636,'Скидочный купон 15% для Tanya.makhnovskaya@gmail.com','41042457','P','15.0000',1,0,'0.0000','2014-07-23','2019-07-22',0,'0',1,'2014-07-23 00:37:09'),(637,'Скидочный купон 15% для Ls6400057@yandex.ru','79948084','P','15.0000',1,0,'0.0000','2014-07-23','2019-07-22',0,'0',1,'2014-07-23 00:37:09'),(638,'Скидочный купон 15% для eovikova@li.ru','98390867','P','15.0000',1,0,'0.0000','2014-07-23','2019-07-22',0,'0',1,'2014-07-23 00:37:09'),(639,'Скидочный купон 15% для eaytuganova@gmail.com','61093996','P','15.0000',1,0,'0.0000','2014-07-23','2019-07-22',0,'0',1,'2014-07-23 00:37:10'),(640,'Скидочный купон 15% для mrs.happy.platonova@mail.ru','98002578','P','15.0000',1,0,'0.0000','2014-07-23','2019-07-22',0,'0',1,'2014-07-23 00:37:10'),(641,'Скидочный купон 15% для artamonova2@yandex.ru','35205944','P','15.0000',1,0,'0.0000','2014-07-23','2019-07-22',0,'0',1,'2014-07-23 00:37:10'),(642,'Скидочный купон 15% для Alexandra.cake@mail.ru','77264830','P','15.0000',1,0,'0.0000','2014-07-23','2019-07-22',0,'0',1,'2014-07-23 00:37:10'),(643,'Скидочный купон 15% для L_daxa@mail.ru','92910779','P','15.0000',1,0,'0.0000','2014-07-23','2019-07-22',0,'0',1,'2014-07-23 00:37:10'),(644,'Скидочный купон 15% для M_dresvyanskaya@mail.ru','56861543','P','15.0000',1,0,'0.0000','2014-07-23','2019-07-22',0,'0',1,'2014-07-23 00:37:10'),(645,'Скидочный купон 15% для anastasiyasizova@gmail.com','95344671','P','15.0000',1,0,'0.0000','2014-07-23','2019-07-22',0,'0',1,'2014-07-23 00:37:10'),(646,'Скидочный купон 15% для tarskix@gmail.com','38766964','P','15.0000',1,0,'0.0000','2014-07-23','2019-07-22',0,'0',1,'2014-07-23 00:37:11'),(647,'Скидочный купон 15% для abitantebox@gmail.com','15511196','P','15.0000',1,0,'0.0000','2014-07-23','2019-07-22',0,'0',1,'2014-07-23 00:37:11'),(648,'Скидочный купон 15% для p.chibisova@gmail.com','77171400','P','15.0000',1,0,'0.0000','2014-07-23','2019-07-22',0,'0',1,'2014-07-23 00:37:11'),(649,'Скидочный купон 15% для nutsushka@gmail.com','92328930','P','15.0000',1,0,'0.0000','2014-07-23','2019-07-22',0,'0',1,'2014-07-23 00:37:11'),(650,'Скидочный купон 15% для mariazarodova@gmail.com','79637268','P','15.0000',1,0,'0.0000','2014-07-23','2019-07-22',0,'0',1,'2014-07-23 00:37:11'),(651,'Скидочный купон 15% для anastasiarom@bk.ru','60871727','P','15.0000',1,0,'0.0000','2014-07-23','2019-07-22',0,'0',1,'2014-07-23 00:37:11'),(652,'Скидочный купон 15% для designisthepower@yandex.ru','33446335','P','15.0000',1,0,'0.0000','2014-07-23','2019-07-22',0,'0',1,'2014-07-23 00:37:11'),(653,'Скидочный купон 15% для ikrainov@gmail.com','46625922','P','15.0000',1,0,'0.0000','2014-07-23','2019-07-22',0,'0',1,'2014-07-23 00:37:11'),(654,'Скидочный купон 15% для ugrozabusam@gmail.com','77448914','P','15.0000',1,0,'0.0000','2014-07-23','2019-07-22',0,'0',1,'2014-07-23 00:37:12'),(655,'Скидочный купон 15% для vol4ok@gmail.com','98004167','P','15.0000',1,0,'0.0000','2014-07-23','2019-07-22',0,'0',1,'2014-07-23 00:37:12'),(656,'Скидочный купон 15% для irinagermanovna1@gmail.com','39092336','P','15.0000',1,0,'0.0000','2014-07-23','2019-07-22',0,'0',1,'2014-07-23 00:37:12'),(657,'Скидочный купон 15% для deepl@me.com','99737844','P','15.0000',1,0,'0.0000','2014-07-23','2019-07-22',0,'0',1,'2014-07-23 00:37:12'),(658,'Скидочный купон 15% для mmatrice@gmail.com','58727755','P','15.0000',1,0,'0.0000','2014-07-23','2019-07-22',0,'0',1,'2014-07-23 00:37:12'),(659,'Скидочный купон 15% для Helen-insar@yandex.ru','55595058','P','15.0000',1,0,'0.0000','2014-07-23','2019-07-22',0,'0',1,'2014-07-23 00:37:12'),(660,'Скидочный купон 15% для Inna.sid@gmail.com','95718066','P','15.0000',1,0,'0.0000','2014-07-23','2019-07-22',0,'0',1,'2014-07-23 00:37:12'),(661,'Скидочный купон 15% для lizavetak@yandex.ru','92950294','P','15.0000',1,0,'0.0000','2014-07-23','2019-07-22',0,'0',1,'2014-07-23 00:37:12'),(662,'Скидочный купон 15% для kisatich@gmail.com','95651106','P','15.0000',1,0,'0.0000','2014-07-23','2019-07-22',0,'0',1,'2014-07-23 00:37:13'),(663,'Скидочный купон 15% для viktoriyaslavina@mail.ru','54404983','P','15.0000',1,0,'0.0000','2014-07-23','2019-07-22',0,'0',1,'2014-07-23 00:37:13'),(664,'Скидочный купон 15% для anet944@rambler.ru','34313961','P','15.0000',1,0,'0.0000','2014-07-23','2019-07-22',0,'0',1,'2014-07-23 00:37:13'),(665,'Скидочный купон 15% для sinazina@gmail.com','05606435','P','15.0000',1,0,'0.0000','2014-07-23','2019-07-22',0,'0',1,'2014-07-23 00:37:13'),(666,'Скидочный купон 15% для fairysfair@gmail.com','99009054','P','15.0000',1,0,'0.0000','2014-07-23','2019-07-22',0,'0',1,'2014-07-23 00:37:13'),(667,'Скидочный купон 15% для tischenko.natalia@gmail.com','48386009','P','15.0000',1,0,'0.0000','2014-07-23','2019-07-22',0,'0',1,'2014-07-23 00:37:13'),(668,'Скидочный купон 15% для kv_d@rambler.ru','43962571','P','15.0000',1,0,'0.0000','2014-07-23','2019-07-22',0,'0',1,'2014-07-23 00:37:13'),(669,'Скидочный купон 15% для aleksandrahome@gmail.com','92156304','P','15.0000',1,0,'0.0000','2014-07-23','2019-07-22',0,'0',1,'2014-07-23 00:37:14'),(670,'Скидочный купон 15% для klevochkina@hotmail.com','19309732','P','15.0000',1,0,'0.0000','2014-07-23','2019-07-22',0,'0',1,'2014-07-23 00:37:14'),(671,'Скидочный купон 15% для popovai@mail.ru','55915998','P','15.0000',1,0,'0.0000','2014-07-23','2019-07-22',0,'0',1,'2014-07-23 00:37:14'),(672,'Скидочный купон 15% для aschedr@gmail.com','28432041','P','15.0000',1,0,'0.0000','2014-07-23','2019-07-22',0,'0',1,'2014-07-23 00:37:14'),(673,'Скидочный купон 15% для nadine07@inbox.ru','24587418','P','15.0000',1,0,'0.0000','2014-07-23','2019-07-22',0,'0',1,'2014-07-23 00:37:14'),(674,'Скидочный купон 15% для galina.kasjanova@gmail.com','34711925','P','15.0000',1,0,'0.0000','2014-07-23','2019-07-22',0,'0',1,'2014-07-23 00:37:14'),(675,'Скидочный купон 15% для mvalenso@gmail.com','41599460','P','15.0000',1,0,'0.0000','2014-07-23','2019-07-22',0,'0',1,'2014-07-23 00:37:15'),(676,'Скидочный купон 15% для jusika_peps@mail.ru','10339631','P','15.0000',1,0,'0.0000','2014-07-23','2019-07-22',0,'0',1,'2014-07-23 00:37:15'),(677,'Скидочный купон 15% для herbina_06@mail.ru','98851924','P','15.0000',1,0,'0.0000','2014-07-23','2019-07-22',0,'0',1,'2014-07-23 00:37:15'),(678,'Скидочный купон 15% для Ekaterina-l@yandex.ru','39437681','P','15.0000',1,0,'0.0000','2014-07-23','2019-07-22',0,'0',1,'2014-07-23 00:37:15'),(679,'Скидочный купон 15% для Jen1a@list.ru','63956547','P','15.0000',1,0,'0.0000','2014-07-23','2019-07-22',0,'0',1,'2014-07-23 00:37:15'),(680,'Скидочный купон 15% для An.baryshnikova@gmail.com','47022231','P','15.0000',1,0,'0.0000','2014-07-23','2019-07-22',0,'0',1,'2014-07-23 00:37:15'),(681,'Скидочный купон 15% для O_l_g_@mail.ru','91509732','P','15.0000',1,0,'0.0000','2014-07-23','2019-07-22',0,'0',1,'2014-07-23 00:37:15'),(682,'Скидочный купон 15% для Irina.chekhonina@gmail.com','56422237','P','15.0000',1,0,'0.0000','2014-07-23','2019-07-22',0,'0',1,'2014-07-23 00:37:15'),(683,'Скидочный купон 15% для Gulina.nv@gmail.com','41105578','P','15.0000',1,0,'0.0000','2014-07-23','2019-07-22',0,'0',1,'2014-07-23 00:37:15'),(684,'Скидочный купон 15% для sashaintouch@gmail.com','16037336','P','15.0000',1,0,'0.0000','2014-07-23','2019-07-22',0,'0',1,'2014-07-23 00:37:15'),(685,'Скидочный купон 15% для jumangyster@gmail.com','38524839','P','15.0000',1,0,'0.0000','2014-07-23','2019-07-22',0,'0',1,'2014-07-23 00:37:16'),(686,'Скидочный купон 15% для asya.krumina@gmail.com','46158311','P','15.0000',1,0,'0.0000','2014-07-23','2019-07-22',0,'0',1,'2014-07-23 00:37:16'),(687,'Скидочный купон 15% для mamapolinosa@gmail.com','42186767','P','15.0000',1,0,'0.0000','2014-07-23','2019-07-22',0,'0',1,'2014-07-23 00:37:16'),(688,'Скидочный купон 15% для elkabgk@gmail.com','26998150','P','15.0000',1,0,'0.0000','2014-07-23','2019-07-22',0,'0',1,'2014-07-23 00:37:16'),(689,'Скидочный купон 15% для anutason@gmail.com','80127410','P','15.0000',1,0,'0.0000','2014-07-23','2019-07-22',0,'0',1,'2014-07-23 00:37:16'),(690,'Скидочный купон 15% для alagich.k@gmail.com','92464578','P','15.0000',1,0,'0.0000','2014-07-23','2019-07-22',0,'0',1,'2014-07-23 00:37:16'),(691,'Скидочный купон 15% для tatianademidova@mail.ru','67524196','P','15.0000',1,0,'0.0000','2014-07-23','2019-07-22',0,'0',1,'2014-07-23 00:37:16'),(692,'Скидочный купон 15% для mastusha@yandex.ru','68549947','P','15.0000',1,0,'0.0000','2014-07-23','2019-07-22',0,'0',1,'2014-07-23 00:37:16'),(693,'Скидочный купон 15% для einini@yandex.ru','94857956','P','15.0000',1,0,'0.0000','2014-07-23','2019-07-22',0,'0',1,'2014-07-23 00:38:03'),(694,'Скидочный купон 15% для 9262237403@mail.ru','09243919','P','15.0000',1,0,'0.0000','2014-07-23','2019-07-22',0,'0',1,'2014-07-23 00:38:03'),(695,'Скидочный купон 15% для katizade@icloud.com','66196952','P','15.0000',1,0,'0.0000','2014-07-23','2019-07-22',0,'0',1,'2014-07-23 00:38:03'),(696,'Скидочный купон 15% для rimka_52@hotmail.com','79558816','P','15.0000',1,0,'0.0000','2014-07-23','2019-07-22',0,'0',1,'2014-07-23 00:38:03'),(697,'Скидочный купон 15% для architect.sukhanova@gmail.com','29098557','P','15.0000',1,0,'0.0000','2014-07-23','2019-07-22',0,'0',1,'2014-07-23 00:38:04'),(698,'Скидочный купон 15% для arinab@list.ru','37065140','P','15.0000',1,0,'0.0000','2014-07-23','2019-07-22',0,'0',1,'2014-07-23 00:38:04'),(699,'Скидочный купон 15% для 0002494@gmail.com','65924330','P','15.0000',1,0,'0.0000','2014-07-23','2019-07-22',0,'0',1,'2014-07-23 00:38:04'),(700,'Скидочный купон 15% для nsinayskaya@mail.ru','28496548','P','15.0000',1,0,'0.0000','2014-07-23','2019-07-22',0,'0',1,'2014-07-23 00:38:04'),(701,'Скидочный купон 15% для emingazova@gmail.com','44618170','P','15.0000',1,0,'0.0000','2014-07-23','2019-07-22',0,'0',1,'2014-07-23 00:38:04'),(702,'Скидочный купон 15% для buasha1@ya.ru','77527923','P','15.0000',1,0,'0.0000','2014-07-23','2019-07-22',0,'0',1,'2014-07-23 00:38:04'),(703,'Скидочный купон 15% для Louisa_o@msn.com','31463665','P','15.0000',1,0,'0.0000','2014-07-23','2019-07-22',0,'0',1,'2014-07-23 00:38:04'),(704,'Скидочный купон 15% для Orange.free@mail.ru','40394677','P','15.0000',1,0,'0.0000','2014-07-23','2019-07-22',0,'0',1,'2014-07-23 00:38:04'),(705,'Скидочный купон 15% для blinalla@rambler.ru','93873560','P','15.0000',1,0,'0.0000','2014-07-23','2019-07-22',0,'0',1,'2014-07-23 00:38:05'),(706,'Скидочный купон 15% для brownbabies@gmail.com','11289302','P','15.0000',1,0,'0.0000','2014-07-23','2019-07-22',0,'0',1,'2014-07-23 00:38:05'),(707,'Скидочный купон 15% для yanafiesta1982@yandex.ru','33869303','P','15.0000',1,0,'0.0000','2014-07-23','2019-07-22',0,'0',1,'2014-07-23 00:38:05'),(708,'Скидочный купон 15% для panova.nataliiia@gmail.com','23268827','P','15.0000',1,0,'0.0000','2014-07-23','2019-07-22',0,'0',1,'2014-07-23 00:38:05'),(709,'Скидочный купон 15% для tanuki12@rambler.ru','00334935','P','15.0000',1,0,'0.0000','2014-07-23','2019-07-22',0,'0',1,'2014-07-23 00:38:05'),(710,'Скидочный купон 15% для kitanna@yandex.ru','04297209','P','15.0000',1,0,'0.0000','2014-07-23','2019-07-22',0,'0',1,'2014-07-23 00:38:05'),(711,'Скидочный купон 15% для pankovalena88@gmail.com','57540561','P','15.0000',1,0,'0.0000','2014-07-23','2019-07-22',0,'0',1,'2014-07-23 00:38:08'),(712,'Скидочный купон 15% для ikatrini@gmail.com','77655825','P','15.0000',1,0,'0.0000','2014-07-23','2019-07-22',0,'0',1,'2014-07-23 00:38:08'),(713,'Скидочный купон 15% для Dmitry.monarev@gmail.com','74713052','P','15.0000',1,0,'0.0000','2014-07-23','2019-07-22',0,'0',1,'2014-07-23 00:38:08'),(714,'Скидочный купон 15% для Bubnilka1@yandex.ru','36098082','P','15.0000',1,0,'0.0000','2014-07-23','2019-07-22',0,'0',1,'2014-07-23 00:38:08'),(715,'Скидочный купон 15% для Katja-shmakova@mail.ru','72567173','P','15.0000',1,0,'0.0000','2014-07-23','2019-07-22',0,'0',1,'2014-07-23 00:38:09'),(716,'Скидочный купон 15% для vitakareva@gmail.com','82720967','P','15.0000',1,0,'0.0000','2014-07-23','2019-07-22',0,'0',1,'2014-07-23 00:38:09'),(717,'Скидочный купон 15% для evgeniy.karev@bk.ru','33752274','P','15.0000',1,0,'0.0000','2014-07-23','2019-07-22',0,'0',1,'2014-07-23 00:38:09'),(718,'Скидочный купон 15% для kate_gg@mail.ru','77346063','P','15.0000',1,0,'0.0000','2014-07-23','2019-07-22',0,'0',1,'2014-07-23 00:38:09'),(719,'Скидочный купон 15% для timatio@mail.ru','21891418','P','15.0000',1,0,'0.0000','2014-07-23','2019-07-22',0,'0',1,'2014-07-23 00:38:10'),(720,'Скидочный купон 15% для lyubov.polimatidi@gmail.com','68966528','P','15.0000',1,0,'0.0000','2014-07-23','2019-07-22',0,'0',1,'2014-07-23 00:38:10'),(721,'Скидочный купон 15% для a-nikulina@inbox.ru','79390037','P','15.0000',1,0,'0.0000','2014-07-23','2019-07-22',0,'0',1,'2014-07-23 00:38:10'),(722,'Скидочный купон 15% для slastena2358@mail.ru','65125647','P','15.0000',1,0,'0.0000','2014-07-23','2019-07-22',0,'0',1,'2014-07-23 00:38:10'),(723,'Скидочный купон 15% для dos07@mail.ru','71575640','P','15.0000',1,0,'0.0000','2014-07-23','2019-07-22',0,'0',1,'2014-07-23 00:38:10'),(724,'Скидочный купон 15% для praslovan@bk.ru','43607784','P','15.0000',1,0,'0.0000','2014-07-23','2019-07-22',0,'0',1,'2014-07-23 00:38:10'),(725,'Скидочный купон 15% для nesterova-natalia@yandex.ru','60260425','P','15.0000',1,0,'0.0000','2014-07-23','2019-07-22',0,'0',1,'2014-07-23 00:38:10'),(726,'Скидочный купон 15% для Pika_ch@mail.ru','92738004','P','15.0000',1,0,'0.0000','2014-07-23','2019-07-22',0,'0',1,'2014-07-23 00:38:11'),(727,'Скидочный купон 15% для a.dyuzheva@inbox.ru','15150454','P','15.0000',1,0,'0.0000','2014-07-23','2019-07-22',0,'0',1,'2014-07-23 00:38:11'),(728,'Скидочный купон 15% для Janefilimonova@gmail.com','70347073','P','15.0000',1,0,'0.0000','2014-07-23','2019-07-22',0,'0',1,'2014-07-23 00:38:11'),(729,'Скидочный купон 15% для Darya.Efimenko@fesmos.ru','09893941','P','15.0000',1,0,'0.0000','2014-07-23','2019-07-22',0,'0',1,'2014-07-23 00:38:11'),(730,'Скидочный купон 15% для nika.photo@mail.ru','10499330','P','15.0000',1,0,'0.0000','2014-07-23','2019-07-22',0,'0',1,'2014-07-23 00:38:11'),(731,'Скидочный купон 15% для shmeleva-project@yandex.ru','73577003','P','15.0000',1,0,'0.0000','2014-07-23','2019-07-22',0,'0',1,'2014-07-23 00:38:12'),(732,'Скидочный купон 15% для super.gruzdeva@yandex.ru','03663382','P','15.0000',1,0,'0.0000','2014-07-23','2019-07-22',0,'0',1,'2014-07-23 00:38:12'),(733,'Скидочный купон 15% для Aliceinwonderlandr@mail.ru','25144545','P','15.0000',1,0,'0.0000','2014-07-23','2019-07-22',0,'0',1,'2014-07-23 00:38:12'),(734,'Скидочный купон 15% для Nns2012@inbox.ru','47330527','P','15.0000',1,0,'0.0000','2014-07-23','2019-07-22',0,'0',1,'2014-07-23 00:38:12'),(735,'Скидочный купон 15% для ganaarzumanova@yandex.ru','77346365','P','15.0000',1,0,'0.0000','2014-07-23','2019-07-22',0,'0',1,'2014-07-23 00:38:13'),(736,'Скидочный купон 15% для olkagalitskaya@gmail.com','52075896','P','15.0000',1,0,'0.0000','2014-07-23','2019-07-22',0,'0',1,'2014-07-23 00:38:13'),(737,'Скидочный купон 15% для Mypovod@gmail.com','30974317','P','15.0000',1,0,'0.0000','2014-07-23','2019-07-22',0,'0',1,'2014-07-23 00:38:13'),(738,'Скидочный купон 15% для aleksandra.rudaskova@rambler.ru','04098255','P','15.0000',1,0,'0.0000','2014-07-23','2019-07-22',0,'0',1,'2014-07-23 00:38:13'),(739,'Скидочный купон 15% для dos07@mail.ru','88831475','P','15.0000',1,0,'0.0000','2014-07-23','2019-07-22',0,'0',1,'2014-07-23 00:38:13'),(740,'Скидочный купон 15% для kadelinka@yandex.ru','57295157','P','15.0000',1,0,'0.0000','2014-07-23','2019-07-22',0,'0',1,'2014-07-23 00:38:13'),(741,'Скидочный купон 15% для vishny_1992@mail.ru','03446415','P','15.0000',1,0,'0.0000','2014-07-23','2019-07-22',0,'0',1,'2014-07-23 00:38:14'),(742,'Скидочный купон 15% для Basova.maria@gmail.com','70351808','P','15.0000',1,0,'0.0000','2014-07-23','2019-07-22',0,'0',1,'2014-07-23 00:38:14'),(743,'Скидочный купон 15% для 1107800ai@gmail.ru','67060715','P','15.0000',1,0,'0.0000','2014-07-23','2019-07-22',0,'0',1,'2014-07-23 00:38:14'),(744,'Скидочный купон 15% для abramova_valentine@mail.ru','42483853','P','15.0000',1,0,'0.0000','2014-07-23','2019-07-22',0,'0',1,'2014-07-23 00:38:14'),(745,'Скидочный купон 15% для s.f.elf@mail.ru','18662709','P','15.0000',1,0,'0.0000','2014-07-23','2019-07-22',0,'0',1,'2014-07-23 00:38:14'),(746,'Скидочный купон 15% для roll.up.roll.up@gmail.com','63471347','P','15.0000',1,0,'0.0000','2014-07-23','2019-07-22',0,'0',1,'2014-07-23 00:38:14'),(747,'Скидочный купон 15% для olikkrolik007@gmail.com','94291234','P','15.0000',1,0,'0.0000','2014-07-23','2019-07-22',0,'0',1,'2014-07-23 00:38:14'),(748,'Скидочный купон 15% для natalie_smile@mail.ru','46174694','P','15.0000',1,0,'0.0000','2014-07-23','2019-07-22',0,'0',1,'2014-07-23 00:38:15'),(749,'Скидочный купон 15% для stepanchenko07@gmail.com','35051037','P','15.0000',1,0,'0.0000','2014-07-23','2019-07-22',0,'0',1,'2014-07-23 00:38:15'),(750,'Скидочный купон 15% для e-sosnovskaya@ya.ru','36339698','P','15.0000',1,0,'0.0000','2014-07-23','2019-07-22',0,'0',1,'2014-07-23 00:38:15'),(751,'Скидочный купон 15% для s.semipyatnov@gmail.com','01613946','P','15.0000',1,0,'0.0000','2014-07-23','2019-07-22',0,'0',1,'2014-07-23 00:38:15'),(752,'Скидочный купон 15% для stomp77@mail.ru','55380122','P','15.0000',1,0,'0.0000','2014-07-23','2019-07-22',0,'0',1,'2014-07-23 00:38:15'),(753,'Скидочный купон 15% для i.otunchiev@gmail.com','62761923','P','15.0000',1,0,'0.0000','2014-07-23','2019-07-22',0,'0',1,'2014-07-23 00:38:15'),(754,'Скидочный купон 15% для tatiana.yakushkina@gmail.com','54640510','P','15.0000',1,0,'0.0000','2014-07-23','2019-07-22',0,'0',1,'2014-07-23 00:38:15'),(755,'Скидочный купон 15% для valechka.che@gmail.com','56074439','P','15.0000',1,0,'0.0000','2014-07-23','2019-07-22',0,'0',1,'2014-07-23 00:38:15'),(756,'Скидочный купон 15% для Kuzneas@gmail.com','86676892','P','15.0000',1,0,'0.0000','2014-07-23','2019-07-22',0,'0',1,'2014-07-23 00:38:16'),(757,'Скидочный купон 15% для Koledaolya@yandex.ru','95794929','P','15.0000',1,0,'0.0000','2014-07-23','2019-07-22',0,'0',1,'2014-07-23 00:38:16'),(758,'Скидочный купон 15% для Krilatskiehills@gmail.com','38332327','P','15.0000',1,0,'0.0000','2014-07-23','2019-07-22',0,'0',1,'2014-07-23 00:38:16'),(759,'Скидочный купон 15% для Liliya_zhukova@mail.ru','82425602','P','15.0000',1,0,'0.0000','2014-07-23','2019-07-22',0,'0',1,'2014-07-23 00:38:16'),(760,'Скидочный купон 15% для lenaandalena1@rambler.ru','16973882','P','15.0000',1,0,'0.0000','2014-07-23','2019-07-22',0,'0',1,'2014-07-23 00:38:16'),(761,'Скидочный купон 15% для Elenagalieva@list.ru','35174256','P','15.0000',1,0,'0.0000','2014-07-23','2019-07-22',0,'0',1,'2014-07-23 00:38:17'),(762,'Скидочный купон 15% для Ostrovnayae@mail.ru','97910078','P','15.0000',1,0,'0.0000','2014-07-23','2019-07-22',0,'0',1,'2014-07-23 00:38:17'),(763,'Скидочный купон 15% для margaritka06@mail.ru','20066087','P','15.0000',1,0,'0.0000','2014-07-23','2019-07-22',0,'0',1,'2014-07-23 00:38:17'),(764,'Скидочный купон 15% для elizaveta_khodina91@mail.ru','57484297','P','15.0000',1,0,'0.0000','2014-07-23','2019-07-22',0,'0',1,'2014-07-23 00:38:17'),(765,'Скидочный купон 15% для katbackett@gmail.com','70301860','P','15.0000',1,0,'0.0000','2014-07-23','2019-07-22',0,'0',1,'2014-07-23 00:38:17'),(766,'Скидочный купон 15% для skvselena@gmail.com','44144815','P','15.0000',1,0,'0.0000','2014-07-23','2019-07-22',0,'0',1,'2014-07-23 00:38:17'),(767,'Скидочный купон 15% для ludmila-sercons@mail.ru','70139804','P','15.0000',1,0,'0.0000','2014-07-23','2019-07-22',0,'0',1,'2014-07-23 00:38:17'),(768,'Скидочный купон 15% для anastasia@avizhich.com','53184051','P','15.0000',1,0,'0.0000','2014-07-23','2019-07-22',0,'0',1,'2014-07-23 00:38:18'),(769,'Скидочный купон 15% для Janisj@mail.ru','97004608','P','15.0000',1,0,'0.0000','2014-07-23','2019-07-22',0,'0',1,'2014-07-23 00:38:18'),(770,'Скидочный купон 15% для Sofia.dozorets@gmail.com','91138175','P','15.0000',1,0,'0.0000','2014-07-23','2019-07-22',0,'0',1,'2014-07-23 00:38:18'),(771,'Скидочный купон 15% для T.chichina@gmail.com','17795629','P','15.0000',1,0,'0.0000','2014-07-23','2019-07-22',0,'0',1,'2014-07-23 00:38:19'),(772,'Скидочный купон 15% для Anya_mishina@mail.ru','93723132','P','15.0000',1,0,'0.0000','2014-07-23','2019-07-22',0,'0',1,'2014-07-23 00:38:19'),(773,'Скидочный купон 15% для Mayami_beach@mail.ru','82218187','P','15.0000',1,0,'0.0000','2014-07-23','2019-07-22',0,'0',1,'2014-07-23 00:38:19'),(774,'Скидочный купон 15% для Kichenko.maria@gmail.com','29999639','P','15.0000',1,0,'0.0000','2014-07-23','2019-07-22',0,'0',1,'2014-07-23 00:38:20'),(776,'Скидочный купон 15% для shmelevstas@gmail.com','77625558','P','15.0000',1,0,'0.0000','2014-07-24','2019-07-23',0,'0',1,'2014-07-24 22:29:12'),(777,'Скидочный купон 15% для katerinakulish23@mail.ru','57629244','P','15.0000',1,0,'0.0000','2014-07-24','2019-07-23',0,'0',1,'2014-07-24 22:29:12'),(778,'Скидочный купон 15% для lizavetak@yandex.ru','03422363','P','15.0000',1,0,'0.0000','2014-07-24','2019-07-23',0,'0',1,'2014-07-24 22:29:12'),(779,'Скидочный купон 15% для natalixen_5@mail.ru','43184081','P','15.0000',1,0,'0.0000','2014-07-24','2019-07-23',0,'0',1,'2014-07-24 22:29:12'),(780,'Скидочный купон 15% для anya-bzzz@mail.ru','63318783','P','15.0000',1,0,'0.0000','2014-07-24','2019-07-23',0,'0',1,'2014-07-24 22:29:12'),(781,'Скидочный купон 15% для annsokolova94@bk.ru','43425854','P','15.0000',1,0,'0.0000','2014-07-24','2019-07-23',0,'0',1,'2014-07-24 22:29:12'),(782,'Скидочный купон 15% для klevochkina@hotmail.com','09622145','P','15.0000',1,0,'0.0000','2014-07-24','2019-07-23',0,'0',1,'2014-07-24 22:29:13'),(783,'Скидочный купон 15% для Tatiana.mushaeva@gmail.com','44284080','P','15.0000',1,0,'0.0000','2014-07-24','2019-07-23',0,'0',1,'2014-07-24 22:29:13'),(784,'Скидочный купон 15% для sofiaoleynik@gmail.com','30007720','P','15.0000',1,0,'0.0000','2014-07-24','2019-07-23',0,'0',1,'2014-07-24 22:29:13'),(785,'Скидочный купон 10% для lyapunovaa@list.ru','bHlhcHVub','P','10.0000',1,0,'0.0000','2014-10-28','2019-10-27',0,'0',1,'2014-10-28 22:44:08'),(786,'Скидочный купон 10% для lyapunovaa@list.ru','bHlhcHVub','P','10.0000',1,0,'0.0000','2014-10-28','2019-10-27',0,'0',1,'2014-10-28 22:47:15'),(787,'Скидочный купон 10% для lyapunovaa@list.ru','bHlhcHVub','P','10.0000',1,0,'0.0000','2014-10-28','2019-10-27',0,'0',1,'2014-10-28 22:48:09'),(788,'Скидочный купон 10% для lyapunovaa@list.ru','bHlhcHVub','P','10.0000',1,0,'0.0000','2014-10-28','2019-10-27',0,'0',1,'2014-10-28 22:51:05'),(789,'Скидочный купон 10% для lyapunovaa@list.ru','bHlhcHVub','P','10.0000',1,0,'0.0000','2014-10-28','2019-10-27',0,'0',1,'2014-10-28 22:53:11'),(790,'Скидочный купон 10% для zudilina@gmail.com','enVkaWxpb','P','10.0000',1,0,'0.0000','2014-10-28','2019-10-27',0,'0',1,'2014-10-28 22:53:11'),(791,'Скидочный купон 10% для zudilina@gmail.com','enVkaWxpb','P','10.0000',1,0,'0.0000','2014-10-28','2019-10-27',0,'0',1,'2014-10-28 22:56:24'),(792,'Скидочный купон 10% для Indima_karasevi@mail.ru','SW5kaW1hX','P','10.0000',1,0,'0.0000','2014-10-28','2019-10-27',0,'0',1,'2014-10-28 22:56:24'),(793,'Скидочный купон 10% для daryabalandina@gmail.com','ZGFyeWFiY','P','10.0000',1,0,'0.0000','2014-10-28','2019-10-27',0,'0',1,'2014-10-28 22:56:24'),(794,'Скидочный купон 10% для elena-zam@yandex.ru','ZWxlbmEte','P','10.0000',1,0,'0.0000','2014-10-28','2019-10-27',0,'0',1,'2014-10-28 22:56:24'),(795,'Скидочный купон 10% для yulews@mail.ru','eXVsZXdzQ','P','10.0000',1,0,'0.0000','2014-10-28','2019-10-27',0,'0',1,'2014-10-28 22:56:24'),(796,'Скидочный купон 10% для anulya29@mail.ru','YW51bHlhM','P','10.0000',1,0,'0.0000','2014-10-28','2019-10-27',0,'0',1,'2014-10-28 22:56:24'),(797,'Скидочный купон 10% для S_888@list.ru','U184ODhAb','P','10.0000',1,0,'0.0000','2014-10-28','2019-10-27',0,'0',1,'2014-10-28 22:56:24'),(798,'Скидочный купон 10% для Malekovalily@gmail.com','TWFsZWtvd','P','10.0000',1,0,'0.0000','2014-10-28','2019-10-27',0,'0',1,'2014-10-28 22:56:24'),(799,'Скидочный купон 10% для A84anna@yandex.ru','QTg0YW5uY','P','10.0000',1,0,'0.0000','2014-10-28','2019-10-27',0,'0',1,'2014-10-28 22:56:24'),(800,'Скидочный купон 10% для K_i_tty@mail.ru','S19pX3R0e','P','10.0000',1,0,'0.0000','2014-10-28','2019-10-27',0,'0',1,'2014-10-28 22:56:24'),(801,'Скидочный купон 10% для d.jefferson@mail.ru','ZC5qZWZmZ','P','10.0000',1,0,'0.0000','2014-10-28','2019-10-27',0,'0',1,'2014-10-28 22:56:24'),(802,'Скидочный купон 10% для dashylia33@gmail.com','ZGFzaHlsa','P','10.0000',1,0,'0.0000','2014-10-28','2019-10-27',0,'0',1,'2014-10-28 22:56:24'),(803,'Скидочный купон 10% для asutka.04.95@mail.ru','YXN1dGthL','P','10.0000',1,0,'0.0000','2014-10-28','2019-10-27',0,'0',1,'2014-10-28 22:56:24'),(804,'Скидочный купон 10% для al.kitaeva2015@yandex.ru','YWwua2l0Y','P','10.0000',1,0,'0.0000','2014-10-28','2019-10-27',0,'0',1,'2014-10-28 22:56:24'),(805,'Скидочный купон 10% для mirzoevasv@mail.ru','bWlyem9ld','P','10.0000',1,0,'0.0000','2014-10-28','2019-10-27',0,'0',1,'2014-10-28 22:56:25'),(806,'Скидочный купон 10% для maseika@yandex.ru','bWFzZWlrY','P','10.0000',1,0,'0.0000','2014-10-28','2019-10-27',0,'0',1,'2014-10-28 22:56:25'),(807,'Скидочный купон 10% для Liza_saveleva@list.ru','TGl6YV9zY','P','10.0000',1,0,'0.0000','2014-10-28','2019-10-27',0,'0',1,'2014-10-28 22:56:25'),(808,'Скидочный купон 10% для Kropyleva.rsm@yandex.ru','S3JvcHlsZ','P','10.0000',1,0,'0.0000','2014-10-28','2019-10-27',0,'0',1,'2014-10-28 22:56:25'),(809,'Скидочный купон 10% для iphone738@gmail.com','aXBob25lN','P','10.0000',1,0,'0.0000','2014-10-28','2019-10-27',0,'0',1,'2014-10-28 22:56:25'),(810,'Скидочный купон 10% для Viestyle@mail.ru','Vmllc3R5b','P','10.0000',1,0,'0.0000','2014-10-28','2019-10-27',0,'0',1,'2014-10-28 22:56:25'),(811,'Скидочный купон 10% для anie_k_s@mail.ru','YW5pZV9rX','P','10.0000',1,0,'0.0000','2014-10-28','2019-10-27',0,'0',1,'2014-10-28 22:56:25'),(812,'Скидочный купон 10% для e_parshina@bk.ru','ZV9wYXJza','P','10.0000',1,0,'0.0000','2014-10-28','2019-10-27',0,'0',1,'2014-10-28 22:56:25'),(813,'Скидочный купон 10% для annet.vasileva@mail.ru','YW5uZXQud','P','10.0000',1,0,'0.0000','2014-10-28','2019-10-27',0,'0',1,'2014-10-28 22:56:25'),(814,'Скидочный купон 10% для kaneht@ya.ru','a2FuZWh0Q','P','10.0000',1,0,'0.0000','2014-10-28','2019-10-27',0,'0',1,'2014-10-28 22:56:25'),(815,'Скидочный купон 10% для oayaseneva@inbox.ru','b2F5YXNlb','P','10.0000',1,0,'0.0000','2014-10-28','2019-10-27',0,'0',1,'2014-10-28 22:56:25'),(816,'Скидочный купон 10% для Asemenova@yahoo.com','QXNlbWVub','P','10.0000',1,0,'0.0000','2014-10-28','2019-10-27',0,'0',1,'2014-10-28 22:56:25'),(817,'Скидочный купон 10% для Lovefunsmile@mail.ru','TG92ZWZ1b','P','10.0000',1,0,'0.0000','2014-10-28','2019-10-27',0,'0',1,'2014-10-28 22:56:25'),(818,'Скидочный купон 10% для Media.larissa@mail.ru','TWVkaWEub','P','10.0000',1,0,'0.0000','2014-10-28','2019-10-27',0,'0',1,'2014-10-28 22:56:25'),(819,'Скидочный купон 10% для ymashkova86@mail.ru','eW1hc2hrb','P','10.0000',1,0,'0.0000','2014-10-28','2019-10-27',0,'0',1,'2014-10-28 22:56:25'),(820,'Скидочный купон 10% для Eumisam@yandex.ru','RXVtaXNhb','P','10.0000',1,0,'0.0000','2014-10-28','2019-10-27',0,'0',1,'2014-10-28 22:56:25'),(821,'Скидочный купон 10% для Yanakabanova@yandex.ru','WWFuYWthY','P','10.0000',1,0,'0.0000','2014-10-28','2019-10-27',0,'0',1,'2014-10-28 22:56:25'),(822,'Скидочный купон 10% для Zaira.khanova@icloud.com','WmFpcmEua','P','10.0000',1,0,'0.0000','2014-10-28','2019-10-27',0,'0',1,'2014-10-28 22:56:25'),(823,'Скидочный купон 10% для ivanzagoskin@inbox.ru','aXZhbnphZ','P','10.0000',1,0,'0.0000','2014-10-28','2019-10-27',0,'0',1,'2014-10-28 22:56:26'),(824,'Скидочный купон 10% для vodolagina.diana@mail.ru','dm9kb2xhZ','P','10.0000',1,0,'0.0000','2014-10-28','2019-10-27',0,'0',1,'2014-10-28 22:56:26'),(825,'Скидочный купон 10% для 4215599@mail.ru','NDIxNTU5O','P','10.0000',1,0,'0.0000','2014-10-28','2019-10-27',0,'0',1,'2014-10-28 22:56:26'),(826,'Скидочный купон 10% для Soldatkina.elya@mail.ru','U29sZGF0a','P','10.0000',1,0,'0.0000','2014-10-28','2019-10-27',0,'0',1,'2014-10-28 22:56:26'),(827,'Скидочный купон 10% для jassy16mur@gmail.com','amFzc3kxN','P','10.0000',1,0,'0.0000','2014-10-28','2019-10-27',0,'0',1,'2014-10-28 22:56:26'),(828,'Скидочный купон 10% для Asiyatabueva@yandex.ru','QXNpeWF0Y','P','10.0000',1,0,'0.0000','2014-10-28','2019-10-27',0,'0',1,'2014-10-28 22:56:26'),(829,'Скидочный купон 10% для tterekhova@gmail.com','dHRlcmVra','P','10.0000',1,0,'0.0000','2014-10-28','2019-10-27',0,'0',1,'2014-10-28 22:56:26'),(830,'Скидочный купон 10% для nastya-shuv@mail.ru','bmFzdHlhL','P','10.0000',1,0,'0.0000','2014-10-28','2019-10-27',0,'0',1,'2014-10-28 22:56:26'),(831,'Скидочный купон 10% для Calvaire7@yandex.ru','Q2FsdmFpc','P','10.0000',1,0,'0.0000','2014-10-28','2019-10-27',0,'0',1,'2014-10-28 22:56:26'),(832,'Скидочный купон 10% для a-mama-eva@mail.ru','YS1tYW1hL','P','10.0000',1,0,'0.0000','2014-10-28','2019-10-27',0,'0',1,'2014-10-28 22:56:26'),(833,'Скидочный купон 10% для nataly-13@list.ru','bmF0YWx5L','P','10.0000',1,0,'0.0000','2014-10-28','2019-10-27',0,'0',1,'2014-10-28 22:56:26'),(834,'Скидочный купон 10% для Lyudmila_bass@mail.ru','THl1ZG1pb','P','10.0000',1,0,'0.0000','2014-10-28','2019-10-27',0,'0',1,'2014-10-28 22:56:26'),(835,'Скидочный купон 10% для maksim17091988@yandex.ru','bWFrc2ltM','P','10.0000',1,0,'0.0000','2014-10-28','2019-10-27',0,'0',1,'2014-10-28 22:56:26'),(836,'Скидочный купон 10% для Insane_vt@bk.ru','SW5zYW5lX','P','10.0000',1,0,'0.0000','2014-10-28','2019-10-27',0,'0',1,'2014-10-28 22:56:26');
/*!40000 ALTER TABLE `coupon` ENABLE KEYS */;
UNLOCK TABLES;

--
-- Table structure for table `coupon_category`
--

DROP TABLE IF EXISTS `coupon_category`;
/*!40101 SET @saved_cs_client     = @@character_set_client */;
/*!40101 SET character_set_client = utf8 */;
CREATE TABLE `coupon_category` (
  `coupon_id` int(11) NOT NULL,
  `category_id` int(11) NOT NULL,
  PRIMARY KEY (`coupon_id`,`category_id`)
) ENGINE=MyISAM DEFAULT CHARSET=utf8;
/*!40101 SET character_set_client = @saved_cs_client */;

--
-- Dumping data for table `coupon_category`
--

LOCK TABLES `coupon_category` WRITE;
/*!40000 ALTER TABLE `coupon_category` DISABLE KEYS */;
/*!40000 ALTER TABLE `coupon_category` ENABLE KEYS */;
UNLOCK TABLES;

--
-- Table structure for table `coupon_history`
--

DROP TABLE IF EXISTS `coupon_history`;
/*!40101 SET @saved_cs_client     = @@character_set_client */;
/*!40101 SET character_set_client = utf8 */;
CREATE TABLE `coupon_history` (
  `coupon_history_id` int(11) NOT NULL AUTO_INCREMENT,
  `coupon_id` int(11) NOT NULL,
  `order_id` int(11) NOT NULL,
  `customer_id` int(11) NOT NULL,
  `amount` decimal(15,4) NOT NULL,
  `date_added` datetime NOT NULL,
  PRIMARY KEY (`coupon_history_id`)
) ENGINE=MyISAM AUTO_INCREMENT=6 DEFAULT CHARSET=utf8;
/*!40101 SET character_set_client = @saved_cs_client */;

--
-- Dumping data for table `coupon_history`
--

LOCK TABLES `coupon_history` WRITE;
/*!40000 ALTER TABLE `coupon_history` DISABLE KEYS */;
INSERT INTO `coupon_history` VALUES (5,721,241,21,'-750.0000','2014-08-30 22:43:48');
/*!40000 ALTER TABLE `coupon_history` ENABLE KEYS */;
UNLOCK TABLES;

--
-- Table structure for table `coupon_product`
--

DROP TABLE IF EXISTS `coupon_product`;
/*!40101 SET @saved_cs_client     = @@character_set_client */;
/*!40101 SET character_set_client = utf8 */;
CREATE TABLE `coupon_product` (
  `coupon_product_id` int(11) NOT NULL AUTO_INCREMENT,
  `coupon_id` int(11) NOT NULL,
  `product_id` int(11) NOT NULL,
  PRIMARY KEY (`coupon_product_id`)
) ENGINE=MyISAM DEFAULT CHARSET=utf8;
/*!40101 SET character_set_client = @saved_cs_client */;

--
-- Dumping data for table `coupon_product`
--

LOCK TABLES `coupon_product` WRITE;
/*!40000 ALTER TABLE `coupon_product` DISABLE KEYS */;
/*!40000 ALTER TABLE `coupon_product` ENABLE KEYS */;
UNLOCK TABLES;

--
-- Table structure for table `currency`
--

DROP TABLE IF EXISTS `currency`;
/*!40101 SET @saved_cs_client     = @@character_set_client */;
/*!40101 SET character_set_client = utf8 */;
CREATE TABLE `currency` (
  `currency_id` int(11) NOT NULL AUTO_INCREMENT,
  `title` varchar(32) NOT NULL,
  `code` varchar(3) NOT NULL,
  `symbol_left` varchar(12) NOT NULL,
  `symbol_right` varchar(12) NOT NULL,
  `decimal_place` char(1) NOT NULL,
  `value` float(15,8) NOT NULL,
  `status` tinyint(1) NOT NULL,
  `date_modified` datetime NOT NULL DEFAULT '0000-00-00 00:00:00',
  PRIMARY KEY (`currency_id`)
) ENGINE=MyISAM AUTO_INCREMENT=4 DEFAULT CHARSET=utf8;
/*!40101 SET character_set_client = @saved_cs_client */;

--
-- Dumping data for table `currency`
--

LOCK TABLES `currency` WRITE;
/*!40000 ALTER TABLE `currency` DISABLE KEYS */;
INSERT INTO `currency` VALUES (1,'Рубль','RUB','','p','0',1.00000000,1,'2014-11-23 18:44:30');
/*!40000 ALTER TABLE `currency` ENABLE KEYS */;
UNLOCK TABLES;

--
-- Table structure for table `custom_field`
--

DROP TABLE IF EXISTS `custom_field`;
/*!40101 SET @saved_cs_client     = @@character_set_client */;
/*!40101 SET character_set_client = utf8 */;
CREATE TABLE `custom_field` (
  `custom_field_id` int(11) NOT NULL AUTO_INCREMENT,
  `type` varchar(32) NOT NULL,
  `value` text NOT NULL,
  `required` tinyint(1) NOT NULL,
  `location` varchar(32) NOT NULL,
  `position` int(3) NOT NULL,
  `sort_order` int(3) NOT NULL,
  PRIMARY KEY (`custom_field_id`)
) ENGINE=MyISAM DEFAULT CHARSET=utf8;
/*!40101 SET character_set_client = @saved_cs_client */;

--
-- Dumping data for table `custom_field`
--

LOCK TABLES `custom_field` WRITE;
/*!40000 ALTER TABLE `custom_field` DISABLE KEYS */;
/*!40000 ALTER TABLE `custom_field` ENABLE KEYS */;
UNLOCK TABLES;

--
-- Table structure for table `custom_field_description`
--

DROP TABLE IF EXISTS `custom_field_description`;
/*!40101 SET @saved_cs_client     = @@character_set_client */;
/*!40101 SET character_set_client = utf8 */;
CREATE TABLE `custom_field_description` (
  `custom_field_id` int(11) NOT NULL,
  `language_id` int(11) NOT NULL,
  `name` varchar(128) NOT NULL,
  PRIMARY KEY (`custom_field_id`,`language_id`)
) ENGINE=MyISAM DEFAULT CHARSET=utf8;
/*!40101 SET character_set_client = @saved_cs_client */;

--
-- Dumping data for table `custom_field_description`
--

LOCK TABLES `custom_field_description` WRITE;
/*!40000 ALTER TABLE `custom_field_description` DISABLE KEYS */;
/*!40000 ALTER TABLE `custom_field_description` ENABLE KEYS */;
UNLOCK TABLES;

--
-- Table structure for table `custom_field_to_customer_group`
--

DROP TABLE IF EXISTS `custom_field_to_customer_group`;
/*!40101 SET @saved_cs_client     = @@character_set_client */;
/*!40101 SET character_set_client = utf8 */;
CREATE TABLE `custom_field_to_customer_group` (
  `custom_field_id` int(11) NOT NULL,
  `customer_group_id` int(11) NOT NULL,
  PRIMARY KEY (`custom_field_id`,`customer_group_id`)
) ENGINE=MyISAM DEFAULT CHARSET=utf8;
/*!40101 SET character_set_client = @saved_cs_client */;

--
-- Dumping data for table `custom_field_to_customer_group`
--

LOCK TABLES `custom_field_to_customer_group` WRITE;
/*!40000 ALTER TABLE `custom_field_to_customer_group` DISABLE KEYS */;
/*!40000 ALTER TABLE `custom_field_to_customer_group` ENABLE KEYS */;
UNLOCK TABLES;

--
-- Table structure for table `custom_field_value`
--

DROP TABLE IF EXISTS `custom_field_value`;
/*!40101 SET @saved_cs_client     = @@character_set_client */;
/*!40101 SET character_set_client = utf8 */;
CREATE TABLE `custom_field_value` (
  `custom_field_value_id` int(11) NOT NULL AUTO_INCREMENT,
  `custom_field_id` int(11) NOT NULL,
  `sort_order` int(3) NOT NULL,
  PRIMARY KEY (`custom_field_value_id`)
) ENGINE=MyISAM DEFAULT CHARSET=utf8;
/*!40101 SET character_set_client = @saved_cs_client */;

--
-- Dumping data for table `custom_field_value`
--

LOCK TABLES `custom_field_value` WRITE;
/*!40000 ALTER TABLE `custom_field_value` DISABLE KEYS */;
/*!40000 ALTER TABLE `custom_field_value` ENABLE KEYS */;
UNLOCK TABLES;

--
-- Table structure for table `custom_field_value_description`
--

DROP TABLE IF EXISTS `custom_field_value_description`;
/*!40101 SET @saved_cs_client     = @@character_set_client */;
/*!40101 SET character_set_client = utf8 */;
CREATE TABLE `custom_field_value_description` (
  `custom_field_value_id` int(11) NOT NULL,
  `language_id` int(11) NOT NULL,
  `custom_field_id` int(11) NOT NULL,
  `name` varchar(128) NOT NULL,
  PRIMARY KEY (`custom_field_value_id`,`language_id`)
) ENGINE=MyISAM DEFAULT CHARSET=utf8;
/*!40101 SET character_set_client = @saved_cs_client */;

--
-- Dumping data for table `custom_field_value_description`
--

LOCK TABLES `custom_field_value_description` WRITE;
/*!40000 ALTER TABLE `custom_field_value_description` DISABLE KEYS */;
/*!40000 ALTER TABLE `custom_field_value_description` ENABLE KEYS */;
UNLOCK TABLES;

--
-- Table structure for table `customer`
--

DROP TABLE IF EXISTS `customer`;
/*!40101 SET @saved_cs_client     = @@character_set_client */;
/*!40101 SET character_set_client = utf8 */;
CREATE TABLE `customer` (
  `customer_id` int(11) NOT NULL AUTO_INCREMENT,
  `store_id` int(11) NOT NULL DEFAULT '0',
  `firstname` varchar(32) NOT NULL,
  `lastname` varchar(32) NOT NULL,
  `email` varchar(96) NOT NULL,
  `telephone` varchar(32) NOT NULL,
  `fax` varchar(32) NOT NULL,
  `password` varchar(40) NOT NULL,
  `salt` varchar(9) NOT NULL,
  `cart` text,
  `wishlist` text,
  `newsletter` tinyint(1) NOT NULL DEFAULT '0',
  `address_id` int(11) NOT NULL DEFAULT '0',
  `customer_group_id` int(11) NOT NULL,
  `ip` varchar(40) NOT NULL DEFAULT '0',
  `status` tinyint(1) NOT NULL,
  `approved` tinyint(1) NOT NULL,
  `token` varchar(255) NOT NULL,
  `date_added` datetime NOT NULL DEFAULT '0000-00-00 00:00:00',
  PRIMARY KEY (`customer_id`)
) ENGINE=MyISAM AUTO_INCREMENT=26 DEFAULT CHARSET=utf8;
/*!40101 SET character_set_client = @saved_cs_client */;

--
-- Dumping data for table `customer`
--

LOCK TABLES `customer` WRITE;
/*!40000 ALTER TABLE `customer` DISABLE KEYS */;
INSERT INTO `customer` VALUES (1,1,'Илья Константинович','Ульянов','ilya.artamonov73@gmail.com','asd','','2c2cdb36b4df671d1d045d8f5dc83c6e4e9d4949','87315bd92','a:0:{}','',0,1,1,'::1',1,1,'','2014-06-10 18:52:51'),(2,0,'алёна олеговна','Логоновская','mu-bro@mail.ru2','+7 (908) 476 8744','','666c822c755157c8587b611c834de1b838e5e983','b0970a03d','a:1:{i:40;i:3;}','a:0:{}',0,2,1,'::1',1,1,'','2014-06-11 10:21:09'),(11,0,'sdfs','','ilya.artamono22v@b-leader.ru','+7 (322) 423 4242','','5bf5fb71e45205073a4039600052c963800156e3','ffc01cd0a','a:1:{i:40;i:1;}','',0,11,1,'::1',1,1,'','2014-06-25 00:48:18'),(4,0,'Илья','','mu-bro@mail.ru','+7 (123) 123 1231','','da26f8bab5b552c78a238280c92654dea3a977f2','99cc602d2','a:1:{i:40;i:2;}','',0,4,1,'::1',1,1,'','2014-06-23 12:35:29'),(17,0,'Artamonov','','ilya.artamonov@b-leader.ru','+7 (123) 123 1231','','9ec361e93163c7abf18ced08b790fb4e06b04797','7ce3e4e11','a:1:{i:40;i:2;}','',0,17,1,'::1',1,1,'','2014-07-18 19:41:08'),(10,0,'sdfsdf','','ilya.asdfrtamonov@b-leader.ru','+7 (324) 534 5353','','0e9f56458862d0ce7c048469c67220315a98abc5','e2b7a748c','a:1:{i:40;i:1;}','',0,10,1,'::1',1,1,'','2014-06-25 00:45:17'),(13,0,'ilya','','ilya.arta22monov@b-leader.ru','+7 (232) 342 3423','','f401b51543ab49183cab5e8680a338dd3df00023','e1aeb32f8','a:1:{i:28;i:1;}','',0,13,1,'::1',1,1,'','2014-06-25 01:53:18'),(18,0,'etst','','te324st@test.test','+7 (234) 234 2342','','6da2beea43f75c2f992591ac51c0bfd0af3c5053','7ad4836c6','a:1:{i:40;i:1;}','',0,18,1,'::1',1,1,'','2014-08-30 21:49:26'),(19,0,'werwer','','teswert@test.test','+7 (234) 234 2423','','3cc59ddc0f8a12b7f1e0710117f344ac56e0c880','2206f8f67','a:1:{i:40;i:1;}','',0,19,1,'::1',1,1,'','2014-08-30 21:57:21'),(20,0,'234234','','tes324t@test.test','+7 (343) 242 3423','','e0f7670a64dc992d6e97b359cba7e438f15a306c','e773d99d4','a:1:{i:40;i:1;}','',0,20,1,'::1',1,1,'','2014-08-30 21:59:44'),(21,0,'123','','test123@test.test','+7 (123) 123 1231','','5dbca6dfa9d4dbc02d95a7eca7dc0fca8d192f2a','59dd6acd9','a:0:{}','',0,21,1,'::1',1,1,'','2014-08-30 22:04:39'),(22,0,'Анна ','','windswept@list.ru','+7 (999) 999 9999','','a14a373dee8510750e288683e288e975faff9184','b4185d186','a:6:{i:40;i:1;i:67;i:4;i:41;i:1;i:71;i:1;i:73;i:2;i:72;i:1;}','',0,22,1,'178.238.175.168',1,1,'','2014-09-25 17:04:04'),(23,0,'Anna','','hahhh@mail.ru','+7 (888) 888 8888','','695b1882a1a70a3027fa2041fc180c93ec391213','738cfcfc6','a:0:{}','',0,23,1,'178.238.175.168',1,1,'','2014-09-25 17:07:27'),(24,0,'rfnz','','wjdh@mail.ru','+7 (777) 777 7777','','281b2b619bd14fb6f4b18854c90f8365ae5ccb6f','9cffd3f05','a:0:{}','',0,24,1,'178.238.175.168',1,1,'','2014-09-25 17:08:15'),(25,1,'еуые','','ilya2.artamonov@b-leader.ru','+7 (234) 234 2342','','f7ae783de054ed98faaf04bf62b71e5a686c8efd','06953d7e2','a:0:{}','',0,25,1,'::1',1,1,'','2014-11-23 21:26:16');
/*!40000 ALTER TABLE `customer` ENABLE KEYS */;
UNLOCK TABLES;

--
-- Table structure for table `customer_ban_ip`
--

DROP TABLE IF EXISTS `customer_ban_ip`;
/*!40101 SET @saved_cs_client     = @@character_set_client */;
/*!40101 SET character_set_client = utf8 */;
CREATE TABLE `customer_ban_ip` (
  `customer_ban_ip_id` int(11) NOT NULL AUTO_INCREMENT,
  `ip` varchar(40) NOT NULL,
  PRIMARY KEY (`customer_ban_ip_id`),
  KEY `ip` (`ip`)
) ENGINE=MyISAM DEFAULT CHARSET=utf8;
/*!40101 SET character_set_client = @saved_cs_client */;

--
-- Dumping data for table `customer_ban_ip`
--

LOCK TABLES `customer_ban_ip` WRITE;
/*!40000 ALTER TABLE `customer_ban_ip` DISABLE KEYS */;
/*!40000 ALTER TABLE `customer_ban_ip` ENABLE KEYS */;
UNLOCK TABLES;

--
-- Table structure for table `customer_field`
--

DROP TABLE IF EXISTS `customer_field`;
/*!40101 SET @saved_cs_client     = @@character_set_client */;
/*!40101 SET character_set_client = utf8 */;
CREATE TABLE `customer_field` (
  `customer_id` int(11) NOT NULL,
  `custom_field_id` int(11) NOT NULL,
  `custom_field_value_id` int(11) NOT NULL,
  `name` int(128) NOT NULL,
  `value` text NOT NULL,
  `sort_order` int(3) NOT NULL,
  PRIMARY KEY (`customer_id`,`custom_field_id`,`custom_field_value_id`)
) ENGINE=MyISAM DEFAULT CHARSET=utf8;
/*!40101 SET character_set_client = @saved_cs_client */;

--
-- Dumping data for table `customer_field`
--

LOCK TABLES `customer_field` WRITE;
/*!40000 ALTER TABLE `customer_field` DISABLE KEYS */;
/*!40000 ALTER TABLE `customer_field` ENABLE KEYS */;
UNLOCK TABLES;

--
-- Table structure for table `customer_group`
--

DROP TABLE IF EXISTS `customer_group`;
/*!40101 SET @saved_cs_client     = @@character_set_client */;
/*!40101 SET character_set_client = utf8 */;
CREATE TABLE `customer_group` (
  `customer_group_id` int(11) NOT NULL AUTO_INCREMENT,
  `approval` int(1) NOT NULL,
  `company_id_display` int(1) NOT NULL,
  `company_id_required` int(1) NOT NULL,
  `tax_id_display` int(1) NOT NULL,
  `tax_id_required` int(1) NOT NULL,
  `sort_order` int(3) NOT NULL,
  PRIMARY KEY (`customer_group_id`)
) ENGINE=MyISAM AUTO_INCREMENT=2 DEFAULT CHARSET=utf8;
/*!40101 SET character_set_client = @saved_cs_client */;

--
-- Dumping data for table `customer_group`
--

LOCK TABLES `customer_group` WRITE;
/*!40000 ALTER TABLE `customer_group` DISABLE KEYS */;
INSERT INTO `customer_group` VALUES (1,0,0,0,0,0,1);
/*!40000 ALTER TABLE `customer_group` ENABLE KEYS */;
UNLOCK TABLES;

--
-- Table structure for table `customer_group_description`
--

DROP TABLE IF EXISTS `customer_group_description`;
/*!40101 SET @saved_cs_client     = @@character_set_client */;
/*!40101 SET character_set_client = utf8 */;
CREATE TABLE `customer_group_description` (
  `customer_group_id` int(11) NOT NULL,
  `language_id` int(11) NOT NULL,
  `name` varchar(32) NOT NULL,
  `description` text NOT NULL,
  PRIMARY KEY (`customer_group_id`,`language_id`)
) ENGINE=MyISAM DEFAULT CHARSET=utf8;
/*!40101 SET character_set_client = @saved_cs_client */;

--
-- Dumping data for table `customer_group_description`
--

LOCK TABLES `customer_group_description` WRITE;
/*!40000 ALTER TABLE `customer_group_description` DISABLE KEYS */;
INSERT INTO `customer_group_description` VALUES (1,1,'Default','test');
/*!40000 ALTER TABLE `customer_group_description` ENABLE KEYS */;
UNLOCK TABLES;

--
-- Table structure for table `customer_history`
--

DROP TABLE IF EXISTS `customer_history`;
/*!40101 SET @saved_cs_client     = @@character_set_client */;
/*!40101 SET character_set_client = utf8 */;
CREATE TABLE `customer_history` (
  `customer_history_id` int(11) NOT NULL AUTO_INCREMENT,
  `customer_id` int(11) NOT NULL,
  `comment` text NOT NULL,
  `date_added` datetime NOT NULL,
  PRIMARY KEY (`customer_history_id`)
) ENGINE=MyISAM DEFAULT CHARSET=utf8;
/*!40101 SET character_set_client = @saved_cs_client */;

--
-- Dumping data for table `customer_history`
--

LOCK TABLES `customer_history` WRITE;
/*!40000 ALTER TABLE `customer_history` DISABLE KEYS */;
/*!40000 ALTER TABLE `customer_history` ENABLE KEYS */;
UNLOCK TABLES;

--
-- Table structure for table `customer_ip`
--

DROP TABLE IF EXISTS `customer_ip`;
/*!40101 SET @saved_cs_client     = @@character_set_client */;
/*!40101 SET character_set_client = utf8 */;
CREATE TABLE `customer_ip` (
  `customer_ip_id` int(11) NOT NULL AUTO_INCREMENT,
  `customer_id` int(11) NOT NULL,
  `ip` varchar(40) NOT NULL,
  `date_added` datetime NOT NULL,
  PRIMARY KEY (`customer_ip_id`),
  KEY `ip` (`ip`)
) ENGINE=MyISAM AUTO_INCREMENT=26 DEFAULT CHARSET=utf8;
/*!40101 SET character_set_client = @saved_cs_client */;

--
-- Dumping data for table `customer_ip`
--

LOCK TABLES `customer_ip` WRITE;
/*!40000 ALTER TABLE `customer_ip` DISABLE KEYS */;
INSERT INTO `customer_ip` VALUES (1,1,'::1','2014-06-10 18:52:52'),(2,2,'::1','2014-06-11 10:21:10'),(10,10,'::1','2014-06-25 00:45:17'),(4,4,'::1','2014-06-23 12:35:30'),(17,17,'::1','2014-07-18 19:41:09'),(11,11,'::1','2014-06-25 00:48:18'),(13,13,'::1','2014-06-25 01:53:19'),(18,18,'::1','2014-08-30 21:49:27'),(19,19,'::1','2014-08-30 21:57:22'),(20,20,'::1','2014-08-30 21:59:45'),(21,21,'::1','2014-08-30 22:04:40'),(22,22,'178.238.175.168','2014-09-25 17:04:08'),(23,23,'178.238.175.168','2014-09-25 17:07:40'),(24,24,'178.238.175.168','2014-09-25 17:08:26'),(25,25,'::1','2014-11-23 21:26:17');
/*!40000 ALTER TABLE `customer_ip` ENABLE KEYS */;
UNLOCK TABLES;

--
-- Table structure for table `customer_online`
--

DROP TABLE IF EXISTS `customer_online`;
/*!40101 SET @saved_cs_client     = @@character_set_client */;
/*!40101 SET character_set_client = utf8 */;
CREATE TABLE `customer_online` (
  `ip` varchar(40) NOT NULL,
  `customer_id` int(11) NOT NULL,
  `url` text NOT NULL,
  `referer` text NOT NULL,
  `date_added` datetime NOT NULL,
  PRIMARY KEY (`ip`)
) ENGINE=MyISAM DEFAULT CHARSET=utf8;
/*!40101 SET character_set_client = @saved_cs_client */;

--
-- Dumping data for table `customer_online`
--

LOCK TABLES `customer_online` WRITE;
/*!40000 ALTER TABLE `customer_online` DISABLE KEYS */;
/*!40000 ALTER TABLE `customer_online` ENABLE KEYS */;
UNLOCK TABLES;

--
-- Table structure for table `customer_reward`
--

DROP TABLE IF EXISTS `customer_reward`;
/*!40101 SET @saved_cs_client     = @@character_set_client */;
/*!40101 SET character_set_client = utf8 */;
CREATE TABLE `customer_reward` (
  `customer_reward_id` int(11) NOT NULL AUTO_INCREMENT,
  `customer_id` int(11) NOT NULL DEFAULT '0',
  `order_id` int(11) NOT NULL DEFAULT '0',
  `description` text NOT NULL,
  `points` int(8) NOT NULL DEFAULT '0',
  `date_added` datetime NOT NULL DEFAULT '0000-00-00 00:00:00',
  PRIMARY KEY (`customer_reward_id`)
) ENGINE=MyISAM AUTO_INCREMENT=13 DEFAULT CHARSET=utf8;
/*!40101 SET character_set_client = @saved_cs_client */;

--
-- Dumping data for table `customer_reward`
--

LOCK TABLES `customer_reward` WRITE;
/*!40000 ALTER TABLE `customer_reward` DISABLE KEYS */;
INSERT INTO `customer_reward` VALUES (7,2,0,'Заказ №: 158',-1,'2014-07-03 23:32:56'),(6,2,43,'№ заказа: 43',700,'2014-06-19 14:17:49'),(11,17,0,'За участие в конкурсе',100,'2014-07-18 20:10:49'),(12,17,0,'12',10000,'2014-07-18 20:12:58');
/*!40000 ALTER TABLE `customer_reward` ENABLE KEYS */;
UNLOCK TABLES;

--
-- Table structure for table `customer_transaction`
--

DROP TABLE IF EXISTS `customer_transaction`;
/*!40101 SET @saved_cs_client     = @@character_set_client */;
/*!40101 SET character_set_client = utf8 */;
CREATE TABLE `customer_transaction` (
  `customer_transaction_id` int(11) NOT NULL AUTO_INCREMENT,
  `customer_id` int(11) NOT NULL,
  `order_id` int(11) NOT NULL,
  `description` text NOT NULL,
  `amount` decimal(15,4) NOT NULL,
  `date_added` datetime NOT NULL,
  PRIMARY KEY (`customer_transaction_id`)
) ENGINE=MyISAM DEFAULT CHARSET=utf8;
/*!40101 SET character_set_client = @saved_cs_client */;

--
-- Dumping data for table `customer_transaction`
--

LOCK TABLES `customer_transaction` WRITE;
/*!40000 ALTER TABLE `customer_transaction` DISABLE KEYS */;
/*!40000 ALTER TABLE `customer_transaction` ENABLE KEYS */;
UNLOCK TABLES;

--
-- Table structure for table `dates`
--

DROP TABLE IF EXISTS `dates`;
/*!40101 SET @saved_cs_client     = @@character_set_client */;
/*!40101 SET character_set_client = utf8 */;
CREATE TABLE `dates` (
  `id` int(11) NOT NULL AUTO_INCREMENT,
  `date` varchar(64) CHARACTER SET utf8 COLLATE utf8_bin NOT NULL,
  PRIMARY KEY (`id`)
) ENGINE=MyISAM AUTO_INCREMENT=27 DEFAULT CHARSET=latin1;
/*!40101 SET character_set_client = @saved_cs_client */;

--
-- Dumping data for table `dates`
--

LOCK TABLES `dates` WRITE;
/*!40000 ALTER TABLE `dates` DISABLE KEYS */;
INSERT INTO `dates` VALUES (23,'23.07.2014'),(24,'27.06.2014'),(25,'30.06.2014'),(26,'24.06.2014');
/*!40000 ALTER TABLE `dates` ENABLE KEYS */;
UNLOCK TABLES;

--
-- Table structure for table `download`
--

DROP TABLE IF EXISTS `download`;
/*!40101 SET @saved_cs_client     = @@character_set_client */;
/*!40101 SET character_set_client = utf8 */;
CREATE TABLE `download` (
  `download_id` int(11) NOT NULL AUTO_INCREMENT,
  `filename` varchar(128) NOT NULL,
  `mask` varchar(128) NOT NULL,
  `remaining` int(11) NOT NULL DEFAULT '0',
  `date_added` datetime NOT NULL DEFAULT '0000-00-00 00:00:00',
  PRIMARY KEY (`download_id`)
) ENGINE=MyISAM DEFAULT CHARSET=utf8;
/*!40101 SET character_set_client = @saved_cs_client */;

--
-- Dumping data for table `download`
--

LOCK TABLES `download` WRITE;
/*!40000 ALTER TABLE `download` DISABLE KEYS */;
/*!40000 ALTER TABLE `download` ENABLE KEYS */;
UNLOCK TABLES;

--
-- Table structure for table `download_description`
--

DROP TABLE IF EXISTS `download_description`;
/*!40101 SET @saved_cs_client     = @@character_set_client */;
/*!40101 SET character_set_client = utf8 */;
CREATE TABLE `download_description` (
  `download_id` int(11) NOT NULL,
  `language_id` int(11) NOT NULL,
  `name` varchar(64) NOT NULL,
  PRIMARY KEY (`download_id`,`language_id`)
) ENGINE=MyISAM DEFAULT CHARSET=utf8;
/*!40101 SET character_set_client = @saved_cs_client */;

--
-- Dumping data for table `download_description`
--

LOCK TABLES `download_description` WRITE;
/*!40000 ALTER TABLE `download_description` DISABLE KEYS */;
/*!40000 ALTER TABLE `download_description` ENABLE KEYS */;
UNLOCK TABLES;

--
-- Table structure for table `extension`
--

DROP TABLE IF EXISTS `extension`;
/*!40101 SET @saved_cs_client     = @@character_set_client */;
/*!40101 SET character_set_client = utf8 */;
CREATE TABLE `extension` (
  `extension_id` int(11) NOT NULL AUTO_INCREMENT,
  `type` varchar(32) NOT NULL,
  `code` varchar(32) NOT NULL,
  PRIMARY KEY (`extension_id`)
) ENGINE=MyISAM AUTO_INCREMENT=436 DEFAULT CHARSET=utf8;
/*!40101 SET character_set_client = @saved_cs_client */;

--
-- Dumping data for table `extension`
--

LOCK TABLES `extension` WRITE;
/*!40000 ALTER TABLE `extension` DISABLE KEYS */;
INSERT INTO `extension` VALUES (23,'payment','cod'),(22,'total','shipping'),(57,'total','sub_total'),(58,'total','tax'),(59,'total','total'),(428,'module','menu'),(390,'total','credit'),(387,'shipping','flat'),(349,'total','handling'),(350,'total','low_order_fee'),(389,'total','coupon'),(432,'payment','liqpay'),(431,'shipping','free'),(393,'total','reward'),(398,'total','voucher'),(407,'payment','free_checkout'),(429,'module','banner'),(430,'module','onecheckout'),(433,'shipping','pickup'),(434,'module','slideshow'),(435,'module','geoip');
/*!40000 ALTER TABLE `extension` ENABLE KEYS */;
UNLOCK TABLES;

--
-- Table structure for table `fias`
--

DROP TABLE IF EXISTS `fias`;
/*!40101 SET @saved_cs_client     = @@character_set_client */;
/*!40101 SET character_set_client = utf8 */;
CREATE TABLE `fias` (
  `fias_id` int(11) NOT NULL AUTO_INCREMENT,
  `parent_id` int(11) NOT NULL,
  `postalcode` varchar(6) DEFAULT NULL,
  `offname` varchar(120) DEFAULT NULL,
  `shortname` varchar(10) DEFAULT NULL,
  `level` tinyint(1) NOT NULL,
  PRIMARY KEY (`fias_id`),
  KEY `postalcode` (`postalcode`),
  KEY `offname` (`offname`),
  KEY `level` (`level`),
  KEY `parent_id` (`parent_id`)
) ENGINE=MyISAM AUTO_INCREMENT=202138 DEFAULT CHARSET=utf8;
/*!40101 SET character_set_client = @saved_cs_client */;

--
-- Dumping data for table `fias`
--

LOCK TABLES `fias` WRITE;
/*!40000 ALTER TABLE `fias` DISABLE KEYS */;
INSERT INTO `fias` VALUES (202137,0,NULL,'Россия','',0),(1,202137,NULL,'Курская','обл.',1),(2,202137,'450000','Башкортостан','Респ.',1),(4,202137,NULL,'Ставропольский','край',1),(5,202137,'629000','Ямало-Ненецкий','АО',1),(6,202137,NULL,'Белгородская','обл.',1),(7,202137,NULL,'Ханты-Мансийский Автономный округ - Югра','АО',1),(8,202137,NULL,'Приморский','край',1),(9,202137,NULL,'Карелия','Респ.',1),(10,202137,NULL,'Чукотский','АО',1),(11,202137,NULL,'Московская','обл.',1),(12,202137,NULL,'Ивановская','обл.',1),(13,202137,NULL,'Камчатский','край',1),(14,202137,NULL,'Краснодарский','край',1),(15,202137,NULL,'Карачаево-Черкесская','Респ.',1),(16,202137,NULL,'Орловская','обл.',1),(17,202137,NULL,'Чувашская','Респ.',1),(18,202137,NULL,'Магаданская','обл.',1),(19,202137,NULL,'Кемеровская','обл.',1),(20,202137,NULL,'Еврейская','Аобл.',1),(21,202137,'669000','Иркутская','обл.',1),(23,202137,'649000','Алтай','Респ.',1),(24,202137,NULL,'Вологодская','обл.',1),(25,202137,NULL,'Пензенская','обл.',1),(26,202137,'620000','Свердловская','обл.',1),(27,202137,'433000','Ульяновская','обл.',1),(28,202137,NULL,'Коми','Респ.',1),(29,202137,NULL,'Калмыкия','Респ.',1),(30,202137,NULL,'Северная Осетия - Алания','Респ.',1),(31,202137,'420000','Татарстан','Респ.',1),(32,202137,NULL,'Смоленская','обл.',1),(33,202137,'675000','Амурская','обл.',1),(34,202137,NULL,'Калужская','обл.',1),(35,202137,NULL,'Томская','обл.',1),(36,202137,'460000','Оренбургская','обл.',1),(37,202137,NULL,'Брянская','обл.',1),(38,202137,NULL,'Калининградская','обл.',1),(39,202137,'641000','Курганская','обл.',1),(40,202137,NULL,'Тульская','обл.',1),(41,202137,NULL,'Москва','г.',1),(42,202137,NULL,'Пермский','край',1),(43,202137,'468320','Байконур','г.',1),(44,202137,'610000','Кировская','обл.',1),(45,202137,NULL,'Архангельская','обл.',1),(46,202137,NULL,'Мурманская','обл.',1),(48,202137,'392000','Тамбовская','обл.',1),(49,202137,'368000','Дагестан','Респ.',1),(50,202137,NULL,'Костромская','обл.',1),(51,202137,NULL,'Удмуртская','Респ.',1),(52,202137,NULL,'Новосибирская','обл.',1),(53,202137,NULL,'Саха (Якутия)','Респ.',1),(54,202137,'670000','Бурятия','Респ.',1),(56,202137,'386000','Ингушетия','Респ.',1),(57,202137,NULL,'Новгородская','обл.',1),(58,202137,NULL,'Чеченская','Респ.',1),(60,202137,'410000','Саратовская','обл.',1),(61,202137,'385000','Адыгея','Респ.',1),(62,202137,NULL,'Красноярский','край',1),(63,202137,NULL,'Ленинградская','обл.',1),(64,202137,NULL,'Марий Эл','Респ.',1),(65,202137,NULL,'Забайкальский','край',1),(66,202137,NULL,'Хабаровский','край',1),(68,202137,NULL,'Астраханская','обл.',1),(69,202137,'655000','Хакасия','Респ.',1),(70,202137,NULL,'Липецкая','обл.',1),(71,202137,NULL,'Ярославская','обл.',1),(72,202137,NULL,'Нижегородская','обл.',1),(73,202137,NULL,'Псковская','обл.',1),(74,202137,'390000','Рязанская','обл.',1),(75,202137,NULL,'Омская','обл.',1),(76,202137,NULL,'Владимирская','обл.',1),(77,202137,NULL,'Мордовия','Респ.',1),(78,202137,NULL,'Тверская','обл.',1),(79,202137,NULL,'Волгоградская','обл.',1),(80,202137,'166000','Ненецкий','АО',1),(81,202137,'660000','Тыва','Респ.',1),(82,202137,'693000','Сахалинская','обл.',1),(83,202137,NULL,'Кабардино-Балкарская','Респ.',1),(84,202137,'454000','Челябинская','обл.',1),(85,202137,NULL,'Алтайский','край',1),(86,202137,'190000','Санкт-Петербург','г.',1),(87,202137,NULL,'Воронежская','обл.',1),(88,202137,NULL,'Ростовская','обл.',1),(89,202137,NULL,'Самарская','обл.',1),(90,202137,NULL,'Тюменская','обл.',1),(128,48,'393840','Сосновский','р-н',3),(129,39,NULL,'Щучанский','р-н',3),(130,11,NULL,'Мытищинский','р-н',3),(131,42,NULL,'Красновишерский','р-н',3),(132,35,NULL,'Верхнекетский','р-н',3),(133,68,NULL,'Красноярский','р-н',3),(134,42,NULL,'Кунгурский','р-н',3),(135,9,NULL,'Калевальский','р-н',3),(136,64,NULL,'Моркинский','р-н',3),(137,27,'433501','Мелекесский','р-н',3),(138,29,NULL,'Черноземельский','р-н',3),(139,40,NULL,'Ясногорский','р-н',3),(140,42,NULL,'Большесосновский','р-н',3),(141,84,'456660','Красноармейский','р-н',3),(142,65,NULL,'Агинский Бурятский','АО',3),(143,85,NULL,'Бурлинский','р-н',3),(144,53,NULL,'Мегино-Кангаласский','у.',3),(145,60,NULL,'Ершовский','р-н',3),(146,38,NULL,'Неманский','р-н',3),(147,88,NULL,'Усть-Донецкий','р-н',3),(148,25,NULL,'Неверкинский','р-н',3),(149,72,'607650','Кстовский','р-н',3),(150,30,NULL,'Дигорский','р-н',3),(151,40,NULL,'Плавский','р-н',3),(152,49,'368830','Тарумовский','р-н',3),(153,78,NULL,'Сандовский','р-н',3),(154,44,'612500','Фаленский','р-н',3),(155,9,'186660','Лоухский','р-н',3),(156,19,NULL,'Яшкинский','р-н',3),(157,60,NULL,'Турковский','р-н',3),(158,72,'606260','Воротынский','р-н',3),(159,74,NULL,'Милославский','р-н',3),(160,71,NULL,'Гаврилов-Ямский','р-н',3),(161,38,NULL,'Озерский','р-н',3),(162,24,'162603','Череповецкий','р-н',3),(163,49,'368630','Кайтагский','р-н',3),(164,14,NULL,'Крыловский','р-н',3),(165,14,NULL,'Курганинский','р-н',3),(166,88,NULL,'Азовский','р-н',3),(167,58,'366400','Итум-Калинский','р-н',3),(168,72,'606760','Варнавинский','р-н',3),(169,21,NULL,'Казачинско-Ленский','р-н',3),(170,87,NULL,'Рамонский','р-н',3),(171,39,NULL,'Белозерский','р-н',3),(172,85,NULL,'Топчихинский','р-н',3),(173,72,'606310','Дальнеконстантиновский','р-н',3),(174,90,NULL,'Упоровский','р-н',3),(175,33,NULL,'Магдагачинский','р-н',3),(176,71,NULL,'Некрасовский','р-н',3),(177,31,NULL,'Высокогорский','р-н',3),(178,1,NULL,'Октябрьский','р-н',3),(179,90,NULL,'Ярковский','р-н',3),(180,82,'694530','Курильский','р-н',3),(181,12,'155360','Пучежский','р-н',3),(182,1,'307500','Дмитриевский','р-н',3),(183,89,NULL,'Елховский','р-н',3),(184,88,NULL,'Песчанокопский','р-н',3),(185,40,NULL,'Чернский','р-н',3),(186,78,NULL,'Старицкий','р-н',3),(187,45,NULL,'Мезенский','р-н',3),(188,26,'623750','Режевской','р-н',3),(189,77,NULL,'Торбеевский','р-н',3),(190,44,'612920','Малмыжский','р-н',3),(191,35,NULL,'Каргасокский','р-н',3),(192,71,NULL,'Рыбинский','р-н',3),(193,34,NULL,'Тарусский','р-н',3),(194,36,'461233','Переволоцкий','р-н',3),(195,34,NULL,'Малоярославецкий','р-н',3),(196,49,'368040','Новолакский','р-н',3),(197,24,NULL,'Грязовецкий','р-н',3),(198,32,NULL,'Вяземский','р-н',3),(199,25,NULL,'Белинский','р-н',3),(200,44,'613400','Куменский','р-н',3),(201,31,NULL,'Кайбицкий','р-н',3),(202,15,NULL,'Зеленчукский','р-н',3),(203,90,NULL,'Казанский','р-н',3),(204,12,NULL,'Верхнеландеховский','р-н',3),(205,33,NULL,'Тамбовский','р-н',3),(206,74,NULL,'Кораблинский','р-н',3),(207,50,'157170','Солигаличский','р-н',3),(208,62,NULL,'Дзержинский','р-н',3),(209,42,NULL,'Юсьвинский','р-н',3),(210,76,NULL,'Меленковский','р-н',3),(211,53,NULL,'Алданский','у.',3),(212,65,NULL,'Забайкальский','р-н',3),(213,30,NULL,'Моздокский','р-н',3),(214,6,NULL,'Корочанский','р-н',3),(215,32,NULL,'Краснинский','р-н',3),(216,20,'679100','Облученский','р-н',3),(217,31,NULL,'Елабужский','р-н',3),(218,87,NULL,'Богучарский','р-н',3),(219,64,NULL,'Мари-Турекский','р-н',3),(220,29,NULL,'Малодербетовский','р-н',3),(221,85,NULL,'Бийский','р-н',3),(222,89,NULL,'Камышлинский','р-н',3),(223,32,NULL,'Новодугинский','р-н',3),(224,12,'155270','Лухский','р-н',3),(225,2,'452440','Нуримановский','р-н',3),(226,72,'607760','Первомайский','р-н',3),(227,63,NULL,'Волховский','р-н',3),(228,42,NULL,'Краснокамский','р-н',3),(229,85,NULL,'Алейский','р-н',3),(230,49,'368780','Магарамкентский','р-н',3),(231,72,'607510','Сергачский','р-н',3),(232,82,'694550','Северо-Курильский','р-н',3),(233,60,NULL,'Красноармейский','р-н',3),(234,1,NULL,'Поныровский','р-н',3),(235,31,NULL,'Дрожжановский','р-н',3),(236,11,NULL,'Подольский','р-н',3),(237,36,'461702','Асекеевский','р-н',3),(238,60,NULL,'Самойловский','р-н',3),(239,60,NULL,'Екатериновский','р-н',3),(240,33,NULL,'Шимановский','р-н',3),(241,1,NULL,'Большесолдатский','р-н',3),(242,49,'368260','Хунзахский','р-н',3),(243,75,NULL,'Одесский','р-н',3),(244,30,NULL,'Ардонский','р-н',3),(245,72,'606670','Сокольский','р-н',3),(246,45,NULL,'Холмогорский','р-н',3),(247,8,NULL,'Октябрьский','р-н',3),(248,85,NULL,'Хабарский','р-н',3),(249,25,NULL,'Спасский','р-н',3),(250,34,NULL,'Жуковский','р-н',3),(251,69,NULL,'Бейский','р-н',3),(252,12,NULL,'Ивановский','р-н',3),(253,89,NULL,'Большечерниговский','р-н',3),(254,88,NULL,'Кашарский','р-н',3),(255,82,'694820','Томаринский','р-н',3),(256,24,NULL,'Устюженский','р-н',3),(257,2,'453580','Бурзянский','р-н',3),(258,2,'452630','Шаранский','р-н',3),(259,89,NULL,'Красноармейский','р-н',3),(260,36,'461131','Тоцкий','р-н',3),(261,70,NULL,'Добровский','р-н',3),(262,39,NULL,'Далматовский','р-н',3),(263,8,NULL,'Хорольский','р-н',3),(264,8,NULL,'Надеждинский','р-н',3),(265,38,NULL,'Славский','р-н',3),(266,75,NULL,'Называевский','р-н',3),(267,57,'174210','Чудовский','р-н',3),(268,78,NULL,'Андреапольский','р-н',3),(269,39,NULL,'Половинский','р-н',3),(270,23,NULL,'Шебалинский','р-н',3),(271,35,NULL,'Александровский','р-н',3),(272,90,NULL,'Нижнетавдинский','р-н',3),(273,12,NULL,'Тейковский','р-н',3),(274,40,NULL,'Куркинский','р-н',3),(275,49,'368650','Табасаранский','р-н',3),(276,1,NULL,'Обоянский','р-н',3),(277,69,NULL,'Боградский','р-н',3),(278,10,NULL,'Шмидтовский','р-н',3),(279,12,NULL,'Пестяковский','р-н',3),(280,37,NULL,'Мглинский','р-н',3),(281,40,NULL,'Киреевский','р-н',3),(282,76,NULL,'Муромский','р-н',3),(283,11,NULL,'Талдомский','р-н',3),(284,85,NULL,'Косихинский','р-н',3),(285,34,'249750','Ульяновский','р-н',3),(286,85,NULL,'Рубцовский','р-н',3),(287,45,NULL,'Вельский','р-н',3),(288,38,NULL,'Гвардейский','р-н',3),(289,51,NULL,'Воткинский','р-н',3),(290,57,NULL,'Мошенской','р-н',3),(291,21,NULL,'Нижнеудинский','р-н',3),(292,74,'391421','Чучковский','р-н',3),(293,90,NULL,'Сладковский','р-н',3),(294,62,NULL,'Бирилюсский','р-н',3),(295,37,NULL,'Унечский','р-н',3),(296,58,'366300','Курчалоевский','р-н',3),(297,8,NULL,'Лесозаводский','р-н',3),(298,51,NULL,'Камбарский','р-н',3),(299,9,'186000','Олонецкий','р-н',3),(300,74,NULL,'Рыбновский','р-н',3),(301,35,NULL,'Первомайский','р-н',3),(302,50,NULL,'Костромской','р-н',3),(303,45,NULL,'Виноградовский','р-н',3),(304,24,NULL,'Кирилловский','р-н',3),(305,85,NULL,'Табунский','р-н',3),(306,37,NULL,'Новозыбковский','р-н',3),(307,14,NULL,'Усть-Лабинский','р-н',3),(308,26,'624800','Сухоложский','р-н',3),(309,26,'623990','Таборинский','р-н',3),(310,85,NULL,'Троицкий','р-н',3),(311,74,NULL,'Рязанский','р-н',3),(312,57,NULL,'Солецкий','р-н',3),(313,19,NULL,'Юргинский','р-н',3),(314,50,NULL,'Мантуровский','р-н',3),(315,50,NULL,'Антроповский','р-н',3),(316,73,'182900','Локнянский','р-н',3),(317,62,NULL,'Иланский','р-н',3),(318,74,'391550','Шацкий','р-н',3),(319,83,NULL,'Эльбрусский','р-н',3),(320,72,'606280','Спасский','р-н',3),(321,37,NULL,'Климовский','р-н',3),(322,4,NULL,'Андроповский','р-н',3),(323,89,NULL,'Богатовский','р-н',3),(324,36,'461450','Шарлыкский','р-н',3),(325,46,'184380','Кольский','р-н',3),(326,44,'612040','Свечинский','р-н',3),(327,60,NULL,'Пугачевский','р-н',3),(328,4,NULL,'Труновский','р-н',3),(329,64,NULL,'Звениговский','р-н',3),(330,12,NULL,'Юрьевецкий','р-н',3),(331,32,NULL,'Руднянский','р-н',3),(332,6,NULL,'Грайворонский','р-н',3),(334,87,NULL,'Воробьевский','р-н',3),(335,69,NULL,'Таштыпский','р-н',3),(336,33,NULL,'Белогорский','р-н',3),(337,34,'249800','Ферзиковский','р-н',3),(338,31,NULL,'Апастовский','р-н',3),(339,32,NULL,'Дорогобужский','р-н',3),(340,4,NULL,'Предгорный','р-н',3),(341,77,NULL,'Ичалковский','р-н',3),(342,10,NULL,'Чаунский','р-н',3),(343,29,NULL,'Городовиковский','р-н',3),(344,65,NULL,'Могочинский','р-н',3),(345,35,NULL,'Тегульдетский','р-н',3),(346,25,NULL,'Бековский','р-н',3),(347,58,'366000','Веденский','р-н',3),(348,36,'462780','Ясненский','р-н',3),(349,65,NULL,'Балейский','р-н',3),(350,17,NULL,'Ибресинский','р-н',3),(351,44,'612960','Вятскополянский','р-н',3),(352,26,'624760','Верхнесалдинский','р-н',3),(353,1,NULL,'Тимский','р-н',3),(354,14,NULL,'Темрюкский','р-н',3),(355,13,NULL,'Соболевский','р-н',3),(356,85,NULL,'Крутихинский','р-н',3),(357,58,'366500','Урус-Мартановский','р-н',3),(358,85,NULL,'Ельцовский','р-н',3),(359,5,NULL,'Тазовский','р-н',3),(360,24,'161300','Тотемский','р-н',3),(361,75,NULL,'Нижнеомский','р-н',3),(362,44,'612020','Шабалинский','р-н',3),(363,64,NULL,'Сернурский','р-н',3),(364,31,NULL,'Мамадышский','р-н',3),(365,85,NULL,'Егорьевский','р-н',3),(366,65,NULL,'Тунгиро-Олекминский','р-н',3),(367,33,NULL,'Бурейский','р-н',3),(368,9,'186606','Кемский','р-н',3),(369,10,NULL,'Чукотский','р-н',3),(370,36,'461743','Абдулинский','р-н',3),(371,72,'607491','Пильнинский','р-н',3),(372,42,'617000','Нытвенский','р-н',3),(373,89,NULL,'Алексеевский','р-н',3),(374,33,NULL,'Тындинский','р-н',3),(375,37,NULL,'Брянский','р-н',3),(376,61,'385100','Тахтамукайский','р-н',3),(377,51,NULL,'Глазовский','р-н',3),(378,14,NULL,'Кореновский','р-н',3),(379,21,NULL,'Ольхонский','р-н',3),(380,11,NULL,'Истринский','р-н',3),(381,64,NULL,'Горномарийский','р-н',3),(382,2,'453030','Архангельский','р-н',3),(383,2,'452651','Бакалинский','р-н',3),(384,14,'352690','Апшеронский','р-н',3),(385,9,NULL,'Муезерский','р-н',3),(386,71,NULL,'Ярославский','р-н',3),(387,72,'607320','Дивеевский','р-н',3),(388,60,NULL,'Ртищевский','р-н',3),(389,65,NULL,'Карымский','р-н',3),(390,21,'669000','Усть-Ордынский','АО',3),(391,70,NULL,'Лебедянский','р-н',3),(392,1,NULL,'Солнцевский','р-н',3),(393,39,NULL,'Частоозерский','р-н',3),(394,62,NULL,'Абанский','р-н',3),(395,18,NULL,'Ольский','р-н',3),(396,62,NULL,'Рыбинский','р-н',3),(397,78,NULL,'Кесовогорский','р-н',3),(398,51,NULL,'Можгинский','р-н',3),(399,8,NULL,'Дальнегорский','р-н',3),(400,1,NULL,'Курский','р-н',3),(401,31,NULL,'Бугульминский','р-н',3),(402,89,NULL,'Волжский','р-н',3),(403,32,NULL,'Велижский','р-н',3),(404,61,'385440','Шовгеновский','р-н',3),(405,21,NULL,'Ангарский','р-н',3),(406,19,NULL,'Ижморский','р-н',3),(407,58,'366300','Шалинский','р-н',3),(408,68,NULL,'Володарский','р-н',3),(409,44,'613310','Верхошижемский','р-н',3),(410,15,NULL,'Карачаевский','р-н',3),(411,40,NULL,'Кимовский','р-н',3),(412,72,'606803','Уренский','р-н',3),(413,82,'694500','Южно-Курильский','р-н',3),(414,88,NULL,'Цимлянский','р-н',3),(415,76,NULL,'Юрьев-Польский','р-н',3),(416,45,NULL,'Лешуконский','р-н',3),(417,60,NULL,'Ивантеевский','р-н',3),(418,14,NULL,'Славянский','р-н',3),(419,77,NULL,'Темниковский','р-н',3),(420,39,NULL,'Притобольный','р-н',3),(421,8,NULL,'Михайловский','р-н',3),(422,28,NULL,'Печорский','р-н',3),(423,27,'433210','Карсунский','р-н',3),(424,82,'694240','Поронайский','р-н',3),(425,44,'612260','Яранский','р-н',3),(426,49,'368000','Хасавюртовский','р-н',3),(427,89,NULL,'Кошкинский','р-н',3),(428,8,NULL,'Кавалеровский','р-н',3),(429,14,NULL,'Белоглинский','р-н',3),(430,84,'457020','Пластовский','р-н',3),(431,24,'161200','Белозерский','р-н',3),(432,65,NULL,'Сретенский','р-н',3),(433,57,NULL,'Любытинский','р-н',3),(434,52,NULL,'Ордынский','р-н',3),(435,72,NULL,'Борский','р-н',3),(436,32,NULL,'Глинковский','р-н',3),(437,27,'433130','Майнский','р-н',3),(438,35,NULL,'Колпашевский','р-н',3),(439,31,'423970','Муслюмовский','р-н',3),(440,24,NULL,'Бабаевский','р-н',3),(441,77,NULL,'Чамзинский','р-н',3),(442,2,'453700','Учалинский','р-н',3),(443,49,'368360','Лакский','р-н',3),(444,23,NULL,'Кош-Агачский','р-н',3),(445,6,NULL,'Валуйский','р-н',3),(446,49,'368732','Докузпаринский','р-н',3),(447,14,NULL,'Туапсинский','р-н',3),(448,37,NULL,'Погарский','р-н',3),(449,30,NULL,'Ирафский','р-н',3),(450,90,NULL,'Бердюжский','р-н',3),(451,42,NULL,'Кочевский','р-н',3),(452,28,NULL,'Ижемский','р-н',3),(453,29,NULL,'Юстинский','р-н',3),(454,78,NULL,'Рамешковский','р-н',3),(455,31,NULL,'Зеленодольский','р-н',3),(456,8,NULL,'Партизанский','р-н',3),(457,89,NULL,'Кинель-Черкасский','р-н',3),(458,34,'249880','Износковский','р-н',3),(459,11,NULL,'Солнечногорский','р-н',3),(460,71,NULL,'Угличский','р-н',3),(461,88,NULL,'Волгодонской','р-н',3),(462,11,NULL,'Луховицкий','р-н',3),(463,24,NULL,'Сямженский','р-н',3),(464,82,'694030','Анивский','р-н',3),(465,89,NULL,'Ставропольский','р-н',3),(466,1,NULL,'Золотухинский','р-н',3),(467,52,NULL,'Здвинский','р-н',3),(468,31,NULL,'Пестречинский','р-н',3),(469,14,NULL,'Белореченский','р-н',3),(470,83,NULL,'Прохладненский','р-н',3),(471,63,NULL,'Выборгский','р-н',3),(472,62,NULL,'Большемуртинский','р-н',3),(473,50,NULL,'Пыщугский','р-н',3),(474,65,NULL,'Шелопугинский','р-н',3),(475,53,NULL,'Амгинский','у.',3),(476,8,NULL,'Лазовский','р-н',3),(477,2,'452880','Аскинский','р-н',3),(478,42,NULL,'Оханский','р-н',3),(479,17,NULL,'Порецкий','р-н',3),(480,65,NULL,'Улетовский','р-н',3),(481,21,NULL,'Усть-Илимский','р-н',3),(482,44,'613530','Уржумский','р-н',3),(483,1,NULL,'Беловский','р-н',3),(484,44,'612410','Зуевский','р-н',3),(485,51,NULL,'Вавожский','р-н',3),(486,49,'368930','Гумбетовский','р-н',3),(487,46,'184144','Ковдорский','р-н',3),(488,70,NULL,'Липецкий','р-н',3),(489,68,NULL,'Камызякский','р-н',3),(490,42,NULL,'Ильинский','р-н',3),(491,32,'215800','Ярцевский','р-н',3),(492,60,NULL,'Хвалынский','р-н',3),(493,13,NULL,'Быстринский','р-н',3),(494,17,NULL,'Козловский','р-н',3),(495,37,'243650','Клинцовский','р-н',3),(496,52,NULL,'Доволенский','р-н',3),(497,13,'688800','Олюторский','р-н',3),(498,82,'694420','Александровск-Сахалинский','р-н',3),(499,49,'368850','Ногайский','р-н',3),(500,2,'453430','Благовещенский','р-н',3),(501,62,NULL,'Уярский','р-н',3),(502,11,NULL,'Воскресенский','р-н',3),(503,76,NULL,'Петушинский','р-н',3),(504,14,NULL,'Абинский','р-н',3),(505,34,NULL,'Сухиничский','р-н',3),(506,60,NULL,'Романовский','р-н',3),(507,49,'368430','Шамильский','р-н',3),(508,69,NULL,'Ширинский','р-н',3),(509,87,NULL,'Павловский','р-н',3),(510,34,NULL,'Козельский','р-н',3),(511,26,'623230','Ачитский','р-н',3),(512,21,NULL,'Тулунский','р-н',3),(513,34,'249210','Бабынинский','р-н',3),(514,36,'461150','Красногвардейский','р-н',3),(515,32,'216200','Духовщинский','р-н',3),(516,50,NULL,'Межевской','р-н',3),(517,51,NULL,'Сарапульский','р-н',3),(518,31,NULL,'Атнинский','р-н',3),(519,85,NULL,'Волчихинский','р-н',3),(520,72,'606150','Вачский','р-н',3),(521,90,NULL,'Ялуторовский','р-н',3),(522,33,NULL,'Сковородинский','р-н',3),(523,25,NULL,'Лопатинский','р-н',3),(524,52,NULL,'Куйбышевский','р-н',3),(525,71,NULL,'Большесельский','р-н',3),(526,12,'155550','Приволжский','р-н',3),(527,17,NULL,'Красноармейский','р-н',3),(528,2,'453200','Ишимбайский','р-н',3),(529,2,'453400','Давлекановский','р-н',3),(530,31,NULL,'Спасский','р-н',3),(531,11,NULL,'Орехово-Зуевский','р-н',3),(532,78,NULL,'Зубцовский','р-н',3),(533,88,NULL,'Ремонтненский','р-н',3),(534,4,NULL,'Курский','р-н',3),(535,72,'606540','Чкаловский','р-н',3),(536,40,NULL,'Воловский','р-н',3),(537,39,NULL,'Шатровский','р-н',3),(538,58,'366900','Гудермесский','р-н',3),(539,25,NULL,'Сосновоборский','р-н',3),(540,23,NULL,'Чемальский','р-н',3),(541,32,NULL,'Сычевский','р-н',3),(542,44,'613810','Опаринский','р-н',3),(543,21,NULL,'Иркутский','р-н',3),(544,57,NULL,'Боровичский','р-н',3),(545,63,NULL,'Сланцевский','р-н',3),(546,21,NULL,'Аларский','р-н',3),(547,51,NULL,'Сюмсинский','р-н',3),(548,36,'461670','Северный','р-н',3),(549,52,NULL,'Новосибирский','р-н',3),(550,57,'173000','Новгородский','р-н',3),(551,4,NULL,'Советский','р-н',3),(552,37,NULL,'Жирятинский','р-н',3),(553,51,NULL,'Ярский','р-н',3),(554,75,NULL,'Колосовский','р-н',3),(555,28,NULL,'Вуктыльский','р-н',3),(556,83,NULL,'Урванский','р-н',3),(557,14,NULL,'Брюховецкий','р-н',3),(558,57,NULL,'Батецкий','р-н',3),(559,4,NULL,'Буденновский','р-н',3),(560,66,'682800','Ванинский','р-н',3),(561,71,NULL,'Мышкинский','р-н',3),(562,64,NULL,'Юринский','р-н',3),(563,72,'606710','Краснобаковский','р-н',3),(564,14,NULL,'Динской','р-н',3),(565,9,NULL,'Пудожский','р-н',3),(566,56,NULL,'Джейрахский','р-н',3),(567,32,NULL,'Угранский','р-н',3),(568,30,NULL,'Пригородный','р-н',3),(569,44,'613380','Пижанский','р-н',3),(570,49,'368530','Карабудахкентский','р-н',3),(571,30,'363600','Кировский','р-н',3),(572,15,NULL,'Усть-Джегутинский','р-н',3),(573,8,NULL,'Черниговский','р-н',3),(574,26,'624400','Новолялинский','р-н',3),(575,77,NULL,'Ельниковский','р-н',3),(576,36,'461781','Пономаревский','р-н',3),(577,42,NULL,'Соликамский','р-н',3),(578,49,'368250','Гергебильский','р-н',3),(579,78,NULL,'Бельский','р-н',3),(580,70,NULL,'Краснинский','р-н',3),(581,60,NULL,'Краснопартизанский','р-н',3),(582,25,NULL,'Башмаковский','р-н',3),(583,1,'307620','Конышевский','р-н',3),(584,58,'366601','Сунженский','р-н',3),(585,10,NULL,'Билибинский','р-н',3),(586,78,NULL,'Весьегонский','р-н',3),(587,32,'216580','Ершичский','р-н',3),(588,50,NULL,'Нерехтский','р-н',3),(589,28,NULL,'Прилузский','р-н',3),(590,7,NULL,'Кондинский','р-н',3),(591,38,NULL,'Балтийский','р-н',3),(592,60,NULL,'Аркадакский','р-н',3),(593,74,NULL,'Шиловский','р-н',3),(594,13,'688600','Тигильский','р-н',3),(595,60,NULL,'Воскресенский','р-н',3),(596,62,NULL,'Емельяновский','р-н',3),(597,50,NULL,'Галичский','р-н',3),(598,34,NULL,'Перемышльский','р-н',3),(599,57,NULL,'Марёвский','р-н',3),(600,25,NULL,'Нижнеломовский','р-н',3),(601,44,'612180','Арбажский','р-н',3),(602,52,NULL,'Карасукский','р-н',3),(603,87,NULL,'Грибановский','р-н',3),(604,6,NULL,'Яковлевский','р-н',3),(605,58,'366000','Надтеречный','р-н',3),(606,26,'622000','Пригородный','р-н',3),(607,35,NULL,'Кожевниковский','р-н',3),(608,49,'368340','Гунибский','р-н',3),(609,24,'162189','Вожегодский','р-н',3),(610,51,NULL,'Балезинский','р-н',3),(611,11,NULL,'Химкинский','р-н',3),(612,87,NULL,'Хохольский','р-н',3),(613,12,NULL,'Ильинский','р-н',3),(614,60,NULL,'Федоровский','р-н',3),(615,62,NULL,'Кежемский','р-н',3),(616,27,'433910','Радищевский','р-н',3),(617,8,NULL,'Хасанский','р-н',3),(618,31,NULL,'Агрызский','р-н',3),(619,50,NULL,'Парфеньевский','р-н',3),(620,62,NULL,'Байкитский','р-н',3),(621,6,NULL,'Ровеньский','р-н',3),(622,2,'452411','Иглинский','р-н',3),(623,6,NULL,'Красненский','р-н',3),(624,21,NULL,'Балаганский','р-н',3),(625,15,NULL,'Прикубанский','р-н',3),(626,42,NULL,'Кишертский','р-н',3),(627,15,NULL,'Хабезский','р-н',3),(628,49,'368320','Левашинский','р-н',3),(629,20,'679230','Октябрьский','р-н',3),(630,72,'606100','Павловский','р-н',3),(631,49,'368640','Дахадаевский','р-н',3),(632,58,'366000','Грозненский','р-н',3),(633,27,'433360','Тереньгульский','р-н',3),(634,76,NULL,'Кольчугинский','р-н',3),(635,6,NULL,'Алексеевский','р-н',3),(636,32,NULL,'Хиславичский','р-н',3),(637,74,NULL,'Ряжский','р-н',3),(638,48,'393190','Знаменский','р-н',3),(639,29,NULL,'Лаганский','р-н',3),(640,4,NULL,'Апанасенковский','р-н',3),(641,27,'433460','Старомайнский','р-н',3),(642,21,NULL,'Киренский','р-н',3),(643,11,NULL,'Озерский','р-н',3),(644,39,NULL,'Лебяжьевский','р-н',3),(645,18,NULL,'Омсукчанский','р-н',3),(646,72,NULL,'Гагинский','р-н',3),(647,60,NULL,'Вольский','р-н',3),(648,69,NULL,'Усть-Абаканский','р-н',3),(649,73,'182100','Великолукский','р-н',3),(650,77,NULL,'Кочкуровский','р-н',3),(651,4,NULL,'Георгиевский','р-н',3),(652,65,NULL,'Каларский','р-н',3),(653,36,'461200','Новосергиевский','р-н',3),(654,48,'393250','Рассказовский','р-н',3),(655,21,NULL,'Мамско-Чуйский','р-н',3),(656,11,NULL,'Коломенский','р-н',3),(657,60,NULL,'Балашовский','р-н',3),(658,14,NULL,'Кущевский','р-н',3),(659,6,'309650','Волоконовский','р-н',3),(660,21,NULL,'Усольский','р-н',3),(661,19,NULL,'Тяжинский','р-н',3),(662,78,NULL,'Фировский','р-н',3),(663,52,NULL,'Искитимский','р-н',3),(664,2,'453800','Хайбуллинский','р-н',3),(665,77,NULL,'Большеберезниковский','р-н',3),(666,44,'612080','Оричевский','р-н',3),(667,66,NULL,'Хабаровский','р-н',3),(668,31,NULL,'Лениногорский','р-н',3),(669,44,'613060','Афанасьевский','р-н',3),(670,11,NULL,'Лотошинский','р-н',3),(671,51,NULL,'Увинский','р-н',3),(672,63,NULL,'Волосовский','р-н',3),(673,77,NULL,'Атюрьевский','р-н',3),(674,36,'462734','Домбаровский','р-н',3),(675,72,'607227','Арзамасский','р-н',3),(676,83,NULL,'Баксанский','р-н',3),(677,72,'606072','Володарский','р-н',3),(678,65,NULL,'Александрово-Заводский','р-н',3),(679,82,'694400','Тымовский','р-н',3),(680,72,'607100','Навашинский','р-н',3),(681,57,'174260','Маловишерский','р-н',3),(682,63,NULL,'Тихвинский','р-н',3),(683,72,'606340','Княгининский','р-н',3),(684,56,NULL,'Сунженский','р-н',3),(685,42,NULL,'Очерский','р-н',3),(686,24,'161380','Нюксенский','р-н',3),(687,77,NULL,'Большеигнатовский','р-н',3),(688,77,NULL,'Рузаевский','р-н',3),(689,33,NULL,'Михайловский','р-н',3),(690,76,NULL,'Гусь-Хрустальный','р-н',3),(691,78,NULL,'Лесной','р-н',3),(692,74,'391430','Сасовский','р-н',3),(693,23,NULL,'Усть-Коксинский','р-н',3),(694,34,NULL,'Боровский','р-н',3),(695,82,'694350','Смирныховский','р-н',3),(696,75,NULL,'Павлоградский','р-н',3),(697,87,NULL,'Лискинский','р-н',3),(698,31,NULL,'Тукая','р-н',3),(699,4,NULL,'Петровский','р-н',3),(700,13,'684500','Алеутский','р-н',3),(701,87,NULL,'Аннинский','р-н',3),(702,83,NULL,'Лескенский','р-н',3),(703,26,'624380','Верхотурский','р-н',3),(704,87,NULL,'Таловский','р-н',3),(705,11,NULL,'Шатурский','р-н',3),(706,21,NULL,'Нижнеилимский','р-н',3),(707,4,NULL,'Кировский','р-н',3),(708,17,NULL,'Аликовский','р-н',3),(709,31,'423350','Сармановский','р-н',3),(710,60,NULL,'Петровский','р-н',3),(711,90,NULL,'Тобольский','р-н',3),(713,31,NULL,'Камско-Устьинский','р-н',3),(714,60,NULL,'Татищевский','р-н',3),(715,76,NULL,'Ковровский','р-н',3),(716,17,NULL,'Алатырский','р-н',3),(717,88,NULL,'Морозовский','р-н',3),(718,78,NULL,'Удомельский','р-н',3),(719,62,NULL,'Сухобузимский','р-н',3),(720,88,NULL,'Чертковский','р-н',3),(721,50,NULL,'Макарьевский','р-н',3),(722,44,'612300','Кикнурский','р-н',3),(723,2,'453620','Абзелиловский','р-н',3),(724,8,NULL,'Тернейский','р-н',3),(725,65,NULL,'Краснокаменский','р-н',3),(726,52,NULL,'Баганский','р-н',3),(727,50,'157940','Красносельский','р-н',3),(728,87,NULL,'Калачеевский','р-н',3),(729,85,NULL,'Целинный','р-н',3),(730,64,NULL,'Куженерский','р-н',3),(731,6,NULL,'Чернянский','р-н',3),(732,90,NULL,'Армизонский','р-н',3),(733,62,NULL,'Канский','р-н',3),(734,25,NULL,'Наровчатский','р-н',3),(735,51,NULL,'Юкаменский','р-н',3),(736,39,NULL,'Мокроусовский','р-н',3),(737,49,'368330','Акушинский','р-н',3),(738,29,NULL,'Яшалтинский','р-н',3),(739,49,'368220','Кумторкалинский','р-н',3),(740,14,NULL,'Успенский','р-н',3),(741,33,NULL,'Зейский','р-н',3),(742,49,'368800','Кизлярский','р-н',3),(743,32,NULL,'Демидовский','р-н',3),(744,90,NULL,'Омутинский','р-н',3),(745,69,NULL,'Аскизский','р-н',3),(746,26,'623400','Каменский','р-н',3),(747,44,'613930','Подосиновский','р-н',3),(748,28,NULL,'Интинский','р-н',3),(749,44,'612140','Даровской','р-н',3),(750,35,NULL,'Зырянский','р-н',3),(751,69,NULL,'Алтайский','р-н',3),(752,31,NULL,'Актанышский','р-н',3),(753,2,'450000','Уфимский','р-н',3),(754,64,NULL,'Волжский','р-н',3),(755,14,NULL,'Кавказский','р-н',3),(756,20,'679370','Ленинский','р-н',3),(757,79,NULL,'Калачевский','р-н',3),(758,40,NULL,'Ленинский','р-н',3),(759,24,NULL,'Сокольский','р-н',3),(760,89,NULL,'Пестравский','р-н',3),(761,45,NULL,'Плесецкий','р-н',3),(762,63,NULL,'Бокситогорский','р-н',3),(763,28,NULL,'Воркутинский','р-н',3),(764,32,'216410','Шумячский','р-н',3),(765,60,NULL,'Дергачевский','р-н',3),(766,38,NULL,'Нестеровский','р-н',3),(767,52,NULL,'Краснозерский','р-н',3),(768,85,'658510','Баевский','р-н',3),(769,25,NULL,'Колышлейский','р-н',3),(770,78,NULL,'Западнодвинский','р-н',3),(771,28,NULL,'Усинский','р-н',3),(772,65,NULL,'Калганский','р-н',3),(773,38,NULL,'Правдинский','р-н',3),(774,14,NULL,'Анапский','р-н',3),(775,44,'612450','Сунский','р-н',3),(776,57,NULL,'Хвойнинский','р-н',3),(777,58,'366220','Ножай-Юртовский','р-н',3),(778,35,NULL,'Парабельский','р-н',3),(779,19,NULL,'Таштагольский','р-н',3),(780,5,NULL,'Красноселькупский','р-н',3),(781,63,NULL,'Подпорожский','р-н',3),(782,65,NULL,'Приаргунский','р-н',3),(783,64,NULL,'Медведевский','р-н',3),(784,54,NULL,'Окинский','р-н',3),(785,45,NULL,'Няндомский','р-н',3),(786,6,NULL,'Шебекинский','р-н',3),(787,44,'613440','Нолинский','р-н',3),(788,82,'694140','Макаровский','р-н',3),(789,52,NULL,'Купинский','р-н',3),(790,31,NULL,'Лаишевский','р-н',3),(791,8,NULL,'Спасский','р-н',3),(792,39,NULL,'Каргапольский','р-н',3),(793,19,NULL,'Прокопьевский','р-н',3),(794,85,NULL,'Родинский','р-н',3),(795,2,'453500','Белорецкий','р-н',3),(796,89,NULL,'Сызранский','р-н',3),(797,30,NULL,'Алагирский','р-н',3),(798,44,'613710','Мурашинский','р-н',3),(799,44,'613470','Немский','р-н',3),(800,40,NULL,'Новомосковский','р-н',3),(801,45,NULL,'Верхнетоемский','р-н',3),(802,66,'682400','Николаевский','р-н',3),(803,57,'174100','Шимский','р-н',3),(804,87,NULL,'Каменский','р-н',3),(805,27,'433400','Чердаклинский','р-н',3),(806,35,NULL,'Шегарский','р-н',3),(807,6,NULL,'Белгородский','р-н',3),(808,89,NULL,'Похвистневский','р-н',3),(809,54,NULL,'Закаменский','р-н',3),(810,88,NULL,'Тарасовский','р-н',3),(811,13,NULL,'Усть-Большерецкий','р-н',3),(812,1,NULL,'Суджанский','р-н',3),(813,19,NULL,'Кемеровский','р-н',3),(814,19,NULL,'Тисульский','р-н',3),(815,72,'607340','Вознесенский','р-н',3),(816,31,NULL,'Буинский','р-н',3),(817,72,'606950','Тоншаевский','р-н',3),(818,44,'613150','Слободской','р-н',3),(819,72,'606170','Сосновский','р-н',3),(820,39,NULL,'Шумихинский','р-н',3),(821,66,NULL,'Нанайский','р-н',3),(822,85,NULL,'Каменский','р-н',3),(823,51,NULL,'Киясовский','р-н',3),(824,53,NULL,'Чурапчинский','у.',3),(825,40,NULL,'Тепло-Огаревский','р-н',3),(826,87,NULL,'Ольховатский','р-н',3),(827,44,'612540','Унинский','р-н',3),(828,87,NULL,'Борисоглебский','р-н',3),(829,24,NULL,'Верховажский','р-н',3),(830,62,NULL,'Ачинский','р-н',3),(831,8,NULL,'Пограничный','р-н',3),(832,76,NULL,'Киржачский','р-н',3),(833,87,NULL,'Эртильский','р-н',3),(834,12,NULL,'Кинешемский','р-н',3),(835,31,NULL,'Арский','р-н',3),(836,29,NULL,'Целинный','р-н',3),(837,77,NULL,'Инсарский','р-н',3),(838,21,NULL,'Заларинский','р-н',3),(839,44,'612600','Котельничский','р-н',3),(840,73,'182010','Куньинский','р-н',3),(841,37,NULL,'Злынковский','р-н',3),(842,78,NULL,'Краснохолмский','р-н',3),(843,77,NULL,'Краснослободский','р-н',3),(844,46,'184700','Терский','р-н',3),(845,60,NULL,'Балаковский','р-н',3),(846,4,NULL,'Левокумский','р-н',3),(847,39,NULL,'Сафакулевский','р-н',3),(848,4,NULL,'Ипатовский','р-н',3),(849,42,NULL,'Кудымкарский','р-н',3),(850,35,NULL,'Асиновский','р-н',3),(851,74,'391480','Путятинский','р-н',3),(852,12,'155250','Родниковский','р-н',3),(853,6,NULL,'Борисовский','р-н',3),(854,89,NULL,'Большеглушицкий','р-н',3),(855,71,NULL,'Некоузский','р-н',3),(857,27,'433560','Новомалыклинский','р-н',3),(858,1,'307750','Льговский','р-н',3),(859,49,'368750','Хивский','р-н',3),(860,31,NULL,'Чистопольский','р-н',3),(861,78,NULL,'Сонковский','р-н',3),(862,26,'624980','Серовский','р-н',3),(863,49,'368370','Кулинский','р-н',3),(864,63,NULL,'Лужский','р-н',3),(865,56,NULL,'Назрановский','р-н',3),(866,60,NULL,'Лысогорский','р-н',3),(867,88,NULL,'Милютинский','р-н',3),(868,26,'623300','Красноуфимский','р-н',3),(869,62,NULL,'Тюхтетский','р-н',3),(870,25,NULL,'Иссинский','р-н',3),(871,89,NULL,'Исаклинский','р-н',3),(872,70,NULL,'Лев-Толстовский','р-н',3),(873,14,NULL,'Тимашевский','р-н',3),(874,32,NULL,'Холм-Жирковский','р-н',3),(875,60,NULL,'Саратовский','р-н',3),(877,46,'184592','Ловозерский','р-н',3),(878,53,NULL,'Оленекский эвенкийский национальный','у.',3),(879,44,'612370','Санчурский','р-н',3),(880,54,NULL,'Селенгинский','р-н',3),(881,37,NULL,'Красногорский','р-н',3),(882,38,NULL,'Полесский','р-н',3),(884,61,'385230','Теучежский','р-н',3),(885,78,NULL,'Осташковский','р-н',3),(886,39,NULL,'Кетовский','р-н',3),(887,1,'306440','Черемисиновский','р-н',3),(888,4,NULL,'Шпаковский','р-н',3),(889,32,'215850','Кардымовский','р-н',3),(890,7,NULL,'Октябрьский','р-н',3),(891,21,NULL,'Усть-Кутский','р-н',3),(892,57,NULL,'Парфинский','р-н',3),(893,77,'431770','Дубенский','р-н',3),(894,89,NULL,'Шенталинский','р-н',3),(895,49,'368970','Ботлихский','р-н',3),(896,51,NULL,'Малопургинский','р-н',3),(897,49,'368420','Унцукульский','р-н',3),(898,1,'306530','Щигровский','р-н',3),(899,34,NULL,'Мещовский','р-н',3),(900,25,NULL,'Каменский','р-н',3),(901,34,NULL,'Медынский','р-н',3),(902,68,NULL,'Приволжский','р-н',3),(903,14,NULL,'Крымский','р-н',3),(904,39,NULL,'Звериноголовский','р-н',3),(905,36,'461633','Бугурусланский','р-н',3),(906,87,NULL,'Поворинский','р-н',3),(907,27,'433760','Кузоватовский','р-н',3),(908,72,'607530','Краснооктябрьский','р-н',3),(909,54,NULL,'Тарбагатайский','р-н',3),(910,49,'368600','Дербентский','р-н',3),(911,52,NULL,'Маслянинский','р-н',3),(912,8,NULL,'Ханкайский','р-н',3),(913,14,NULL,'Калининский','р-н',3),(914,69,NULL,'Орджоникидзевский','р-н',3),(915,62,NULL,'Большеулуйский','р-н',3),(916,38,NULL,'Зеленоградский','р-н',3),(917,19,NULL,'Мариинский','р-н',3),(918,31,'423190','Новошешминский','р-н',3),(919,4,NULL,'Минераловодский','р-н',3),(920,78,NULL,'Максатихинский','р-н',3),(921,74,NULL,'Клепиковский','р-н',3),(922,15,NULL,'Урупский','р-н',3),(923,12,NULL,'Шуйский','р-н',3),(924,33,NULL,'Селемджинский','р-н',3),(925,12,NULL,'Лежневский','р-н',3),(926,24,NULL,'Кадуйский','р-н',3),(927,85,NULL,'Солтонский','р-н',3),(928,65,NULL,'Шилкинский','р-н',3),(929,27,'433240','Сурский','р-н',3),(930,27,'433750','Барышский','р-н',3),(931,17,NULL,'Мариинско-Посадский','р-н',3),(932,26,'623530','Богдановичский','р-н',3),(933,54,NULL,'Иволгинский','р-н',3),(934,49,'368700','Рутульский','р-н',3),(935,83,NULL,'Терский','р-н',3),(936,85,NULL,'Кулундинский','р-н',3),(937,1,NULL,'Пристенский','р-н',3),(938,48,'393950','Моршанский','р-н',3),(939,8,NULL,'Шкотовский','р-н',3),(940,40,NULL,'Узловский','р-н',3),(941,12,NULL,'Гаврилово-Посадский','р-н',3),(942,72,'606912','Шахунский','р-н',3),(943,42,NULL,'Чернушинский','р-н',3),(944,1,'307540','Хомутовский','р-н',3),(945,37,NULL,'Стародубский','р-н',3),(946,72,'607580','Сеченовский','р-н',3),(947,21,NULL,'Жигаловский','р-н',3),(949,88,NULL,'Белокалитвинский','р-н',3),(950,53,NULL,'Усть-Алданский','у.',3),(951,36,'462800','Адамовский','р-н',3),(952,42,NULL,'Косинский','р-н',3),(953,24,'161560','Тарногский','р-н',3),(954,25,NULL,'Камешкирский','р-н',3),(955,54,NULL,'Кабанский','р-н',3),(956,45,NULL,'Соловецкий','р-н',3),(957,28,NULL,'Ухтинский','р-н',3),(958,11,NULL,'Раменский','р-н',3),(959,18,NULL,'Северо-Эвенский','р-н',3),(960,32,NULL,'Смоленский','р-н',3),(961,36,'462740','Светлинский','р-н',3),(962,36,'461551','Акбулакский','р-н',3),(963,84,'457610','Кизильский','р-н',3),(964,23,NULL,'Майминский','р-н',3),(965,33,NULL,'Свободненский','р-н',3),(966,9,NULL,'Питкярантский','р-н',3),(967,71,NULL,'Ростовский','р-н',3),(968,49,'368510','Сергокалинский','р-н',3),(969,18,NULL,'Среднеканский','р-н',3),(970,29,NULL,'Яшкульский','р-н',3),(971,6,NULL,'Вейделевский','р-н',3),(972,25,NULL,'Земетчинский','р-н',3),(973,42,NULL,'Усольский','р-н',3),(974,24,NULL,'Вашкинский','р-н',3),(975,90,NULL,'Исетский','р-н',3),(976,62,NULL,'Шарыповский','р-н',3),(977,57,NULL,'Поддорский','р-н',3),(978,62,NULL,'Тунгусско-Чунский','р-н',3),(979,89,NULL,'Шигонский','р-н',3),(980,78,NULL,'Молоковский','р-н',3),(981,26,'624910','Гаринский','р-н',3),(982,25,NULL,'Никольский','р-н',3),(983,10,NULL,'Иультинский','р-н',3),(984,77,NULL,'Ардатовский','р-н',3),(985,25,NULL,'Бессоновский','р-н',3),(986,60,NULL,'Озинский','р-н',3),(987,62,NULL,'Илимпийский','р-н',3),(988,87,NULL,'Семилукский','р-н',3),(989,48,'393230','Бондарский','р-н',3),(990,48,'392500','Тамбовский','р-н',3),(991,66,NULL,'Советско-Гаванский','р-н',3),(992,32,NULL,'Темкинский','р-н',3),(993,65,NULL,'Чернышевский','р-н',3),(994,4,NULL,'Кочубеевский','р-н',3),(995,60,NULL,'Балтайский','р-н',3),(996,87,NULL,'Бобровский','р-н',3),(997,44,'612270','Орловский','р-н',3),(998,14,'353730','Каневской','р-н',3),(999,36,'462860','Кваркенский','р-н',3),(1000,77,NULL,'Атяшевский','р-н',3),(1001,66,'682560','Тугуро-Чумиканский','р-н',3),(1002,49,'368730','Ахтынский','р-н',3),(1003,32,NULL,'Ельнинский','р-н',3),(1004,88,NULL,'Куйбышевский','р-н',3),(1005,45,NULL,'Онежский','р-н',3),(1006,77,NULL,'Кадошкинский','р-н',3),(1007,1,NULL,'Рыльский','р-н',3),(1008,66,NULL,'Аяно-Майский','р-н',3),(1009,78,NULL,'Жарковский','р-н',3),(1010,65,NULL,'Красночикойский','р-н',3),(1011,65,NULL,'Нерчинский','р-н',3),(1012,51,NULL,'Алнашский','р-н',3),(1013,78,NULL,'Кимрский','р-н',3),(1014,57,'175207','Холмский','р-н',3),(1015,40,NULL,'Ефремовский','р-н',3),(1016,74,NULL,'Михайловский','р-н',3),(1017,25,NULL,'Шемышейский','р-н',3),(1018,11,NULL,'Красногорский','р-н',3),(1019,53,NULL,'Анабарский','у.',3),(1020,75,NULL,'Крутинский','р-н',3),(1021,21,NULL,'Катангский','р-н',3),(1022,37,NULL,'Гордеевский','р-н',3),(1023,71,NULL,'Тутаевский','р-н',3),(1024,14,NULL,'Новопокровский','р-н',3),(1025,82,'694452','Ногликский','р-н',3),(1026,72,NULL,'Воскресенский','р-н',3),(1027,44,'612200','Тужинский','р-н',3),(1028,25,NULL,'Малосердобинский','р-н',3),(1029,37,NULL,'Суражский','р-н',3),(1030,45,NULL,'Красноборский','р-н',3),(1031,90,NULL,'Викуловский','р-н',3),(1032,60,NULL,'Энгельсский','р-н',3),(1033,62,NULL,'Минусинский','р-н',3),(1034,90,'626170','Уватский','р-н',3),(1035,45,NULL,'Котласский','р-н',3),(1036,14,NULL,'Ленинградский','р-н',3),(1037,52,NULL,'Сузунский','р-н',3),(1038,49,'368200','Буйнакский','р-н',3),(1039,31,'422080','Тюлячинский','р-н',3),(1040,90,NULL,'Ишимский','р-н',3),(1041,36,'461170','Ташлинский','р-н',3),(1042,62,NULL,'Богучанский','р-н',3),(1043,66,NULL,'Охотский','р-н',3),(1044,38,NULL,'Черняховский','р-н',3),(1045,66,'681000','Комсомольский','р-н',3),(1046,89,NULL,'Нефтегорский','р-н',3),(1047,87,NULL,'Панинский','р-н',3),(1048,62,NULL,'Партизанский','р-н',3),(1049,53,NULL,'Мирнинский','у.',3),(1050,88,NULL,'Дубовский','р-н',3),(1051,31,'422060','Сабинский','р-н',3),(1052,6,NULL,'Старооскольский','р-н',3),(1053,66,NULL,'Амурский','р-н',3),(1054,8,NULL,'Ольгинский','р-н',3),(1055,20,'679150','Смидовичский','р-н',3),(1056,62,NULL,'Мотыгинский','р-н',3),(1057,36,'461330','Беляевский','р-н',3),(1058,54,NULL,'Муйский','р-н',3),(1059,60,NULL,'Духовницкий','р-н',3),(1060,26,'624600','Алапаевский','р-н',3),(1061,88,NULL,'Зимовниковский','р-н',3),(1062,33,NULL,'Ромненский','р-н',3),(1063,89,NULL,'Сергиевский','р-н',3),(1064,72,'607130','Ардатовский','р-н',3),(1065,51,NULL,'Кизнерский','р-н',3),(1066,85,NULL,'Панкрушихинский','р-н',3),(1067,72,'606970','Тонкинский','р-н',3),(1068,26,'623850','Ирбитский','р-н',3),(1069,1,NULL,'Фатежский','р-н',3),(1070,52,NULL,'Мошковский','р-н',3),(1071,28,NULL,'Княжпогостский','р-н',3),(1072,7,NULL,'Сургутский','р-н',3),(1073,2,'453680','Зилаирский','р-н',3),(1074,63,NULL,'Тосненский','р-н',3),(1075,71,NULL,'Первомайский','р-н',3),(1076,44,'613200','Белохолуницкий','р-н',3),(1077,89,NULL,'Кинельский','р-н',3),(1078,87,NULL,'Нижнедевицкий','р-н',3),(1079,24,NULL,'Междуреченский','р-н',3),(1080,71,NULL,'Любимский','р-н',3),(1081,25,NULL,'Городищенский','р-н',3),(1082,85,NULL,'Ключевский','р-н',3),(1083,68,NULL,'Харабалинский','р-н',3),(1084,40,NULL,'Щекинский','р-н',3),(1085,15,NULL,'Адыге-Хабльский','р-н',3),(1086,85,NULL,'Змеиногорский','р-н',3),(1087,90,NULL,'Заводоуковский','р-н',3),(1088,15,NULL,'Ногайский','р-н',3),(1089,44,'613600','Юрьянский','р-н',3),(1090,88,NULL,'Матвеево-Курганский','р-н',3),(1091,12,NULL,'Заволжский','р-н',3),(1092,33,NULL,'Октябрьский','р-н',3),(1093,25,NULL,'Кондольский','р-н',3),(1094,45,NULL,'Ленский','р-н',3),(1095,88,NULL,'Тацинский','р-н',3),(1096,25,NULL,'Мокшанский','р-н',3),(1097,78,NULL,'Бологовский','р-н',3),(1098,1,NULL,'Кореневский','р-н',3),(1099,6,NULL,'Краснояружский','р-н',3),(1100,70,NULL,'Чаплыгинский','р-н',3),(1101,61,'385730','Майкопский','р-н',3),(1102,28,NULL,'Койгородский','р-н',3),(1103,13,NULL,'Елизовский','р-н',3),(1104,21,NULL,'Черемховский','р-н',3),(1105,75,NULL,'Азовский немецкий национальный','р-н',3),(1106,49,'368420','Тляратинский','р-н',3),(1107,25,NULL,'Тамалинский','р-н',3),(1108,90,NULL,'Юргинский','р-н',3),(1109,2,'453020','Кармаскалинский','р-н',3),(1110,42,NULL,'Юрлинский','р-н',3),(1111,52,NULL,'Черепановский','р-н',3),(1112,36,'462202','Кувандыкский','р-н',3),(1113,8,NULL,'Уссурийский','р-н',3),(1114,21,'665514','Чунский','р-н',3),(1115,49,'368100','Кизилюртовский','р-н',3),(1116,58,'366400','Шатойский','р-н',3),(1117,44,'613570','Кильмезский','р-н',3),(1118,72,'606860','Ветлужский','р-н',3),(1119,12,NULL,'Комсомольский','р-н',3),(1120,40,NULL,'Алексинский','р-н',3),(1121,1,NULL,'Глушковский','р-н',3),(1122,31,NULL,'Тукаевский','р-н',3),(1123,18,NULL,'Сусуманский','р-н',3),(1124,1,'306600','Советский','р-н',3),(1125,63,NULL,'Лодейнопольский','р-н',3),(1126,32,NULL,'Гагаринский','р-н',3),(1127,13,NULL,'Усть-Камчатский','р-н',3),(1128,87,NULL,'Петропавловский','р-н',3),(1129,27,'433310','Ульяновский','р-н',3),(1130,89,NULL,'Приволжский','р-н',3),(1131,87,NULL,'Подгоренский','р-н',3),(1132,78,NULL,'Кашинский','р-н',3),(1133,78,NULL,'Пеновский','р-н',3),(1134,71,NULL,'Пошехонский','р-н',3),(1135,52,NULL,'Северный','р-н',3),(1136,6,NULL,'Прохоровский','р-н',3),(1137,31,'423650','Менделеевский','р-н',3),(1138,62,NULL,'Саянский','р-н',3),(1139,2,'452360','Караидельский','р-н',3),(1140,28,NULL,'Сыктывдинский','р-н',3),(1141,33,NULL,'Ивановский','р-н',3),(1142,78,NULL,'Ржевский','р-н',3),(1143,56,NULL,'Малгобекский','р-н',3),(1144,27,'433100','Вешкаймский','р-н',3),(1145,74,NULL,'Спасский','р-н',3),(1146,10,NULL,'Беринговский','р-н',3),(1147,63,NULL,'Приозерский','р-н',3),(1148,23,NULL,'Онгудайский','р-н',3),(1149,61,'385400','Кошехабльский','р-н',3),(1150,2,'453630','Баймакский','р-н',3),(1151,52,NULL,'Колыванский','р-н',3),(1152,77,NULL,'Ромодановский','р-н',3),(1153,62,NULL,'Северо-Енисейский','р-н',3),(1154,17,NULL,'Урмарский','р-н',3),(1155,40,NULL,'Богородицкий','р-н',3),(1156,89,NULL,'Безенчукский','р-н',3),(1157,39,NULL,'Альменевский','р-н',3),(1158,62,NULL,'Козульский','р-н',3),(1159,24,'161400','Кичменгско-Городецкий','р-н',3),(1160,71,NULL,'Даниловский','р-н',3),(1161,61,'385600','Гиагинский','р-н',3),(1162,14,NULL,'Отрадненский','р-н',3),(1163,19,NULL,'Чебулинский','р-н',3),(1164,39,NULL,'Варгашинский','р-н',3),(1165,71,NULL,'Переславский','р-н',3),(1166,45,NULL,'Пинежский','р-н',3),(1167,83,NULL,'Майский','р-н',3),(1168,12,NULL,'Фурмановский','р-н',3),(1169,44,'613341','Советский','р-н',3),(1170,25,NULL,'Лунинский','р-н',3),(1171,52,NULL,'Болотнинский','р-н',3),(1172,76,NULL,'Александровский','р-н',3),(1173,34,'249910','Юхновский','р-н',3),(1174,49,'368900','Цумадинский','р-н',3),(1175,62,NULL,'Нижнеингашский','р-н',3),(1176,65,NULL,'Газимуро-Заводский','р-н',3),(1177,48,'393230','Пичаевский','р-н',3),(1178,87,NULL,'Бутурлиновский','р-н',3),(1179,78,NULL,'Бежецкий','р-н',3),(1180,65,NULL,'Читинский','р-н',3),(1181,85,NULL,'Зональный','р-н',3),(1182,36,'462635','Гайский','р-н',3),(1183,83,NULL,'Черекский','р-н',3),(1184,38,NULL,'Гурьевский','р-н',3),(1185,44,'613900','Лузский','р-н',3),(1186,65,NULL,'Борзинский','р-н',3),(1187,36,'461900','Сорочинский','р-н',3),(1188,75,NULL,'Тевризский','р-н',3),(1189,82,'694620','Холмский','р-н',3),(1190,14,NULL,'Щербиновский','р-н',3),(1191,75,NULL,'Русско-Полянский','р-н',3),(1192,32,'216450','Починковский','р-н',3),(1193,82,'694050','Долинский','р-н',3),(1194,49,'368560','Каякентский','р-н',3),(1195,58,'366600','Ачхой-Мартановский','р-н',3),(1196,44,'612470','Богородский','р-н',3),(1197,28,NULL,'Троицко-Печорский','р-н',3),(1198,17,NULL,'Шумерлинский','р-н',3),(1199,14,NULL,'Павловский','р-н',3),(1200,90,NULL,'Вагайский','р-н',3),(1201,21,'666202','Качугский','р-н',3),(1202,21,NULL,'Куйтунский','р-н',3),(1203,50,NULL,'Шарьинский','р-н',3),(1204,51,NULL,'Селтинский','р-н',3),(1205,38,NULL,'Багратионовский','р-н',3),(1206,35,NULL,'Бакчарский','р-н',3),(1207,26,'623870','Байкаловский','р-н',3),(1208,24,NULL,'Шекснинский','р-н',3),(1209,49,'368990','Ахвахский','р-н',3),(1210,60,NULL,'Перелюбский','р-н',3),(1211,87,NULL,'Россошанский','р-н',3),(1212,78,NULL,'Нелидовский','р-н',3),(1213,31,NULL,'Нижнекамский','р-н',3),(1214,36,'461830','Александровский','р-н',3),(1215,44,'612740','Омутнинский','р-н',3),(1216,6,NULL,'Ракитянский','р-н',3),(1217,58,'366413','Шаройский','р-н',3),(1218,11,NULL,'Волоколамский','р-н',3),(1219,32,NULL,'Сафоновский','р-н',3),(1220,74,NULL,'Захаровский','р-н',3),(1221,49,'368720','Курахский','р-н',3),(1222,68,NULL,'Ахтубинский','р-н',3),(1223,78,NULL,'Калязинский','р-н',3),(1224,25,NULL,'Кузнецкий','р-н',3),(1225,66,NULL,'Ульчский','р-н',3),(1226,7,NULL,'Ханты-Мансийский','р-н',3),(1227,26,'623900','Туринский','р-н',3),(1228,24,NULL,'Чагодощенский','р-н',3),(1229,5,NULL,'Пуровский','р-н',3),(1230,27,'433380','Сенгилеевский','р-н',3),(1231,72,'606841','Шарангский','р-н',3),(1232,6,NULL,'Красногвардейский','р-н',3),(1233,11,NULL,'Серпуховский','р-н',3),(1234,62,NULL,'Боготольский','р-н',3),(1235,9,NULL,'Кондопожский','р-н',3),(1236,24,'161440','Никольский','р-н',3),(1237,72,'607010','Кулебакский','р-н',3),(1238,38,NULL,'Краснознаменский','р-н',3),(1239,14,NULL,'Северский','р-н',3),(1240,13,'688850','Пенжинский','р-н',3),(1241,12,NULL,'Вичугский','р-н',3),(1242,89,NULL,'Хворостянский','р-н',3),(1243,75,NULL,'Большеуковский','р-н',3),(1244,33,NULL,'Константиновский','р-н',3),(1245,68,NULL,'Лиманский','р-н',3),(1246,42,NULL,'Березовский','р-н',3),(1247,31,NULL,'Балтасинский','р-н',3),(1248,39,NULL,'Катайский','р-н',3),(1249,39,NULL,'Шадринский','р-н',3),(1250,75,NULL,'Оконешниковский','р-н',3),(1251,50,'157580','Поназыревский','р-н',3),(1252,21,NULL,'Зиминский','р-н',3),(1253,21,NULL,'Нукутский','р-н',3),(1254,73,'182200','Новосокольнический','р-н',3),(1255,31,NULL,'Верхнеуслонский','р-н',3),(1256,24,NULL,'Бабушкинский','р-н',3),(1257,24,'162390','Великоустюгский','р-н',3),(1258,30,NULL,'Правобережный','р-н',3),(1259,9,'186420','Сегежский','р-н',3),(1260,25,NULL,'Пензенский','р-н',3),(1261,36,'461504','Соль-Илецкий','р-н',3),(1262,88,NULL,'Сальский','р-н',3),(1263,8,NULL,'Яковлевский','р-н',3),(1264,18,NULL,'Тенькинский','р-н',3),(1265,90,NULL,'Абатский','р-н',3),(1266,18,NULL,'Хасынский','р-н',3),(1267,26,'623930','Слободо-Туринский','р-н',3),(1268,14,NULL,'Тихорецкий','р-н',3),(1269,50,'157331','Нейский','р-н',3),(1270,39,NULL,'Целинный','р-н',3),(1271,17,NULL,'Чебоксарский','р-н',3),(1272,63,NULL,'Гатчинский','р-н',3),(1273,50,NULL,'Чухломский','р-н',3),(1274,51,NULL,'Каракулинский','р-н',3),(1275,72,'606212','Лысковский','р-н',3),(1276,36,'461880','Матвеевский','р-н',3),(1277,31,NULL,'Кукморский','р-н',3),(1278,31,NULL,'Алексеевский','р-н',3),(1279,71,NULL,'Борисоглебский','р-н',3),(1280,65,NULL,'Хилокский','р-н',3),(1281,10,NULL,'Провиденский','р-н',3),(1282,83,NULL,'Чегемский','р-н',3),(1283,51,NULL,'Завьяловский','р-н',3),(1284,44,'613500','Лебяжский','р-н',3),(1285,20,'679000','Биробиджанский','р-н',3),(1286,88,NULL,'Октябрьский','р-н',3),(1287,62,NULL,'Тасеевский','р-н',3),(1288,14,NULL,'Староминский','р-н',3),(1289,45,NULL,'Каргопольский','р-н',3),(1290,42,NULL,'Чердынский','р-н',3),(1291,49,'368060','Бабаюртовский','р-н',3),(1292,11,NULL,'Зарайский','р-н',3),(1293,14,NULL,'Красноармейский','р-н',3),(1294,72,'606360','Большемурашкинский','р-н',3),(1295,49,'368410','Цунтинский','р-н',3),(1296,19,NULL,'Гурьевский','р-н',3),(1297,49,'368050','Казбековский','р-н',3),(1298,14,NULL,'Новокубанский','р-н',3),(1299,12,NULL,'Южский','р-н',3),(1300,34,NULL,'Дзержинский','р-н',3),(1301,31,'423520','Заинский','р-н',3),(1302,24,NULL,'Вологодский','р-н',3),(1303,70,NULL,'Грязинский','р-н',3),(1304,78,NULL,'Оленинский','р-н',3),(1305,88,NULL,'Неклиновский','р-н',3),(1306,40,NULL,'Веневский','р-н',3),(1307,68,NULL,'Икрянинский','р-н',3),(1308,51,NULL,'Граховский','р-н',3),(1309,39,NULL,'Петуховский','р-н',3),(1310,14,NULL,'Тбилисский','р-н',3),(1311,72,NULL,'Городецкий','р-н',3),(1312,40,NULL,'Каменский','р-н',3),(1313,12,NULL,'Палехский','р-н',3),(1314,39,NULL,'Макушинский','р-н',3),(1315,1,NULL,'Медвенский','р-н',3),(1316,58,'366000','Шелковской','р-н',3),(1317,9,NULL,'Беломорский','р-н',3),(1318,4,'356250','Грачевский','р-н',3),(1319,38,NULL,'Гусевский','р-н',3),(1320,85,NULL,'Михайловский','р-н',3),(1321,78,NULL,'Кувшиновский','р-н',3),(1322,11,NULL,'Павлово-Посадский','р-н',3),(1323,4,NULL,'Новоалександровский','р-н',3),(1324,42,NULL,'Куединский','р-н',3),(1325,37,NULL,'Почепский','р-н',3),(1326,64,NULL,'Параньгинский','р-н',3),(1327,36,'461350','Илекский','р-н',3),(1328,33,NULL,'Мазановский','р-н',3),(1329,28,NULL,'Сосногорский','р-н',3),(1330,85,NULL,'Благовещенский','р-н',3),(1331,49,'368760','Сулейман-Стальский','р-н',3),(1332,11,NULL,'Ступинский','р-н',3),(1333,50,NULL,'Кологривский','р-н',3),(1334,78,NULL,'Калининский','р-н',3),(1335,88,NULL,'Заветинский','р-н',3),(1336,39,NULL,'Юргамышский','р-н',3),(1337,2,'452750','Туймазинский','р-н',3),(1338,17,NULL,'Вурнарский','р-н',3),(1339,78,NULL,'Лихославльский','р-н',3),(1340,77,NULL,'Теньгушевский','р-н',3),(1341,24,NULL,'Усть-Кубинский','р-н',3),(1342,40,NULL,'Заокский','р-н',3),(1343,25,NULL,'Пачелмский','р-н',3),(1344,84,'457670','Верхнеуральский','р-н',3),(1345,4,NULL,'Красногвардейский','р-н',3),(1346,57,NULL,'Волотовский','р-н',3),(1347,77,NULL,'Ковылкинский','р-н',3),(1348,26,'623950','Тавдинский','р-н',3),(1349,70,NULL,'Добринский','р-н',3),(1350,85,NULL,'Тальменский','р-н',3),(1351,19,NULL,'Яйский','р-н',3),(1352,85,NULL,'Славгородский','р-н',3),(1353,52,NULL,'Тогучинский','р-н',3),(1354,37,NULL,'Суземский','р-н',3),(1355,9,NULL,'Медвежьегорский','р-н',3),(1356,1,'307170','Железногорский','р-н',3),(1357,78,NULL,'Торжокский','р-н',3),(1358,6,NULL,'Ивнянский','р-н',3),(1359,52,NULL,'Барабинский','р-н',3),(1360,8,NULL,'Анучинский','р-н',3),(1361,54,NULL,'Тункинский','р-н',3),(1362,32,'216500','Рославльский','р-н',3),(1363,58,'366000','Наурский','р-н',3),(1364,2,'452930','Краснокамский','р-н',3),(1365,88,NULL,'Миллеровский','р-н',3),(1366,87,NULL,'Терновский','р-н',3),(1367,9,NULL,'Лахденпохский','р-н',3),(1368,28,NULL,'Усть-Цилемский','р-н',3),(1369,53,NULL,'Таттинский','у.',3),(1370,39,NULL,'Куртамышский','р-н',3),(1371,82,'694740','Невельский','р-н',3),(1372,11,NULL,'Пушкинский','р-н',3),(1373,75,NULL,'Исилькульский','р-н',3),(1374,89,NULL,'Борский','р-н',3),(1375,53,NULL,'Томпонский','у.',3),(1376,33,NULL,'Завитинский','р-н',3),(1377,45,NULL,'Вилегодский','р-н',3),(1378,78,NULL,'Селижаровский','р-н',3),(1379,74,'391621','Пителинский','р-н',3),(1380,14,'352190','Гулькевичский','р-н',3),(1381,37,NULL,'Выгоничский','р-н',3),(1382,51,NULL,'Шарканский','р-н',3),(1383,72,'607600','Богородский','р-н',3),(1384,77,NULL,'Зубово-Полянский','р-н',3),(1385,11,NULL,'Ленинский','р-н',3),(1386,49,'368710','Агульский','р-н',3),(1387,36,'462800','Новоорский','р-н',3),(1388,27,'433871','Новоспасский','р-н',3),(1389,26,'623780','Артемовский','р-н',3),(1390,24,NULL,'Вытегорский','р-н',3),(1391,39,NULL,'Мишкинский','р-н',3),(1392,65,NULL,'Петровск-Забайкальский','р-н',3),(1393,63,NULL,'Ломоносовский','р-н',3),(1394,74,NULL,'Касимовский','р-н',3),(1395,6,NULL,'Новооскольский','р-н',3),(1396,17,NULL,'Канашский','р-н',3),(1397,17,NULL,'Янтиковский','р-н',3),(1398,52,NULL,'Кочковский','р-н',3),(1399,19,NULL,'Топкинский','р-н',3),(1400,2,'452860','Калтасинский','р-н',3),(1401,85,NULL,'Первомайский','р-н',3),(1402,42,NULL,'Частинский','р-н',3),(1403,61,'385300','Красногвардейский','р-н',3),(1404,8,NULL,'Кировский','р-н',3),(1405,25,NULL,'Сердобский','р-н',3),(1406,42,NULL,'Гайнский','р-н',3),(1407,11,NULL,'Клинский','р-н',3),(1408,87,NULL,'Кантемировский','р-н',3),(1409,48,'393360','Кирсановский','р-н',3),(1410,48,'393160','Гавриловский','р-н',3),(1411,48,'393310','Инжавинский','р-н',3),(1412,48,'393130','Уметский','р-н',3),(1413,85,NULL,'Немецкий Национальный','р-н',3),(1414,63,NULL,'Кингисеппский','р-н',3),(1415,13,'688700','Карагинский','р-н',3),(1416,6,NULL,'Губкинский','р-н',3),(1417,11,NULL,'Серебряно-Прудский','р-н',3),(1418,11,NULL,'Балашихинский','р-н',3),(1419,70,NULL,'Данковский','р-н',3),(1420,51,NULL,'Якшур-Бодьинский','р-н',3),(1421,51,NULL,'Красногорский','р-н',3),(1422,51,NULL,'Кезский','р-н',3),(1423,10,NULL,'Анадырский','р-н',3),(1424,24,NULL,'Харовский','р-н',3),(1425,77,NULL,'Лямбирский','р-н',3),(1426,21,NULL,'Тайшетский','р-н',3),(1427,78,NULL,'Вышневолоцкий','р-н',3),(1428,74,NULL,'Ермишинский','р-н',3),(1429,37,NULL,'Трубчевский','р-н',3),(1430,17,NULL,'Цивильский','р-н',3),(1431,19,NULL,'Новокузнецкий','р-н',3),(1432,60,NULL,'Новобурасский','р-н',3),(1433,85,NULL,'Суетский','р-н',3),(1434,74,NULL,'Кадомский','р-н',3),(1435,45,NULL,'Приморский','р-н',3),(1436,4,NULL,'Степновский','р-н',3),(1437,72,'606380','Вадский','р-н',3),(1438,26,'623550','Пышминский','р-н',3),(1439,72,'607440','Бутурлинский','р-н',3),(1440,26,'623640','Талицкий','р-н',3),(1441,26,'623650','Тугулымский','р-н',3),(1442,26,'623090','Нижнесергинский','р-н',3),(1443,26,'623340','Артинский','р-н',3),(1444,72,'607940','Большеболдинский','р-н',3),(1445,72,'607911','Починковский','р-н',3),(1446,33,NULL,'Серышевский','р-н',3),(1447,27,'433610','Цильнинский','р-н',3),(1448,72,'607700','Шатковский','р-н',3),(1449,72,'606570','Ковернинский','р-н',3),(1450,13,NULL,'Мильковский','р-н',3),(1451,68,NULL,'Енотаевский','р-н',3),(1452,23,NULL,'Усть-Канский','р-н',3),(1453,68,NULL,'Наримановский','р-н',3),(1454,26,'624020','Сысертский','р-н',3),(1455,68,NULL,'Черноярский','р-н',3),(1456,52,NULL,'Каргатский','р-н',3),(1457,52,NULL,'Убинский','р-н',3),(1458,52,NULL,'Чулымский','р-н',3),(1459,52,NULL,'Татарский','р-н',3),(1460,52,NULL,'Усть-Таркский','р-н',3),(1461,52,NULL,'Чистоозерный','р-н',3),(1462,52,NULL,'Венгеровский','р-н',3),(1463,52,NULL,'Чановский','р-н',3),(1464,26,'624030','Белоярский','р-н',3),(1465,60,NULL,'Новоузенский','р-н',3),(1466,28,NULL,'Усть-Куломский','р-н',3),(1467,78,NULL,'Спировский','р-н',3),(1468,78,NULL,'Конаковский','р-н',3),(1469,26,'624860','Камышловский','р-н',3),(1470,11,NULL,'Рузский','р-н',3),(1471,26,'624190','Невьянский','р-н',3),(1472,26,'623030','Шалинский','р-н',3),(1473,52,NULL,'Коченевский','р-н',3),(1474,33,NULL,'Благовещенский','р-н',3),(1475,8,NULL,'Чугуевский','р-н',3),(1476,29,NULL,'Приютненский','р-н',3),(1477,29,NULL,'Ики-Бурульский','р-н',3),(1478,29,NULL,'Кетченеровский','р-н',3),(1479,29,NULL,'Октябрьский','р-н',3),(1480,29,NULL,'Сарпинский','р-н',3),(1481,28,NULL,'Корткеросский','р-н',3),(1482,88,NULL,'Верхнедонской','р-н',3),(1483,88,NULL,'Шолоховский','р-н',3),(1484,88,NULL,'Пролетарский','р-н',3),(1485,88,NULL,'Мартыновский','р-н',3),(1486,88,NULL,'Константиновский','р-н',3),(1487,88,NULL,'Орловский','р-н',3),(1488,64,NULL,'Советский','р-н',3),(1489,60,NULL,'Александрово-Гайский','р-н',3),(1490,88,NULL,'Семикаракорский','р-н',3),(1491,60,NULL,'Краснокутский','р-н',3),(1492,88,NULL,'Веселовский','р-н',3),(1493,88,NULL,'Обливский','р-н',3),(1494,88,NULL,'Родионово-Несветайский','р-н',3),(1495,60,NULL,'Питерский','р-н',3),(1496,33,NULL,'Архаринский','р-н',3),(1497,84,'456880','Аргаяшский','р-н',3),(1498,11,NULL,'Чеховский','р-н',3),(1499,16,NULL,'Должанский','р-н',3),(1500,16,NULL,'Ливенский','р-н',3),(1501,16,NULL,'Болховский','р-н',3),(1502,16,NULL,'Корсаковский','р-н',3),(1503,16,NULL,'Мценский','р-н',3),(1504,16,NULL,'Верховский','р-н',3),(1505,16,NULL,'Залегощенский','р-н',3),(1506,16,NULL,'Краснозоренский','р-н',3),(1507,16,NULL,'Новодеревеньковский','р-н',3),(1508,16,NULL,'Новосильский','р-н',3),(1509,16,NULL,'Глазуновский','р-н',3),(1510,16,NULL,'Колпнянский','р-н',3),(1511,16,NULL,'Малоархангельский','р-н',3),(1512,16,NULL,'Покровский','р-н',3),(1513,16,NULL,'Свердловский','р-н',3),(1514,11,NULL,'Каширский','р-н',3),(1515,44,'613250','Нагорский','р-н',3),(1516,44,'612820','Верхнекамский','р-н',3),(1517,84,'456730','Кунашакский','р-н',3),(1518,11,NULL,'Шаховской','р-н',3),(1519,64,NULL,'Оршанский','р-н',3),(1520,88,NULL,'Советский','р-н',3),(1521,64,NULL,'Новоторъяльский','р-н',3),(1522,64,NULL,'Килемарский','р-н',3),(1523,88,'346250','Боковский','р-н',3),(1524,76,NULL,'Собинский','р-н',3),(1525,84,'456110','Катав-Ивановский','р-н',3),(1526,7,NULL,'Березовский','р-н',3),(1527,66,NULL,'Бикинский','р-н',3),(1528,66,NULL,'Имени Лазо','р-н',3),(1529,84,'456940','Кусинский','р-н',3),(1530,66,NULL,'Верхнебуреинский','р-н',3),(1531,84,'457200','Варненский','р-н',3),(1532,66,'682380','Имени Полины Осипенко','р-н',3),(1533,36,'461100','Оренбургский','р-н',3),(1534,35,NULL,'Томский','р-н',3),(1535,84,'457662','Нагайбакский','р-н',3),(1536,66,NULL,'Вяземский','р-н',3),(1537,84,'457310','Брединский','р-н',3),(1538,84,'456913','Саткинский','р-н',3),(1539,84,'457221','Чесменский','р-н',3),(1540,84,'456833','Каслинский','р-н',3),(1541,36,'461420','Сакмарский','р-н',3),(1542,36,'462011','Тюльганский','р-н',3),(1543,36,'462100','Саракташский','р-н',3),(1544,88,NULL,'Красносулинский','р-н',3),(1545,84,'456971','Нязепетровский','р-н',3),(1546,21,NULL,'Баяндаевский','р-н',3),(1547,21,NULL,'Боханский','р-н',3),(1548,21,NULL,'Осинский','р-н',3),(1549,21,NULL,'Усть-Удинский','р-н',3),(1550,21,NULL,'Эхирит-Булагатский','р-н',3),(1551,48,'393000','Ржаксинский','р-н',3),(1552,48,'393000','Мучкапский','р-н',3),(1553,66,'682711','Солнечный','р-н',3),(1554,65,NULL,'Агинский','р-н',3),(1555,81,'668510','Пий-Хемский','р-н',3),(1556,81,'667901','Кызылский','р-н',3),(1557,81,'668400','Каа-Хемский','р-н',3),(1558,72,'606651','Семеновский','р-н',3),(1559,48,'393460','Уваровский','р-н',3),(1560,48,'393000','Сампурский','р-н',3),(1561,46,'184042','Кандалакшский','р-н',3),(1562,89,NULL,'Клявлинский','р-н',3),(1563,63,NULL,'Всеволожский','р-н',3),(1564,60,NULL,'Аткарский','р-н',3),(1565,14,NULL,'Ейский','р-н',3),(1566,81,NULL,'Тандинский','р-н',3),(1567,81,NULL,'Улуг-Хемский','р-н',3),(1568,81,NULL,'Эрзинский','р-н',3),(1569,81,NULL,'Тес-Хемский','р-н',3),(1570,81,NULL,'Чаа-Хольский','р-н',3),(1571,81,'668530','Тоджинский','р-н',3),(1572,81,NULL,'Тере-Хольский','р-н',3),(1573,15,NULL,'Абазинский','р-н',3),(1574,8,NULL,'Дальнереченский','р-н',3),(1575,8,NULL,'Красноармейский','р-н',3),(1576,8,NULL,'Пожарский','р-н',3),(1577,60,NULL,'Ровенский','р-н',3),(1578,32,'216130','Монастырщинский','р-н',3),(1579,90,'627350','Аромашевский','р-н',3),(1580,74,NULL,'Старожиловский','р-н',3),(1581,21,NULL,'Бодайбинский','р-н',3),(1582,36,'462030','Октябрьский','р-н',3),(1583,48,'393760','Никифоровский','р-н',3),(1584,42,NULL,'Еловский','р-н',3),(1585,42,NULL,'Бардымский','р-н',3),(1586,42,NULL,'Осинский','р-н',3),(1587,48,'393700','Первомайский','р-н',3),(1588,9,'186100','Прионежский','р-н',3),(1589,9,NULL,'Пряжинский','р-н',3),(1590,9,'186870','Суоярвский','р-н',3),(1591,48,'393070','Петровский','р-н',3),(1592,81,NULL,'Бай-Тайгинский','р-н',3),(1593,81,NULL,'Барун-Хемчикский','р-н',3),(1594,81,NULL,'Дзун-Хемчикский','р-н',3),(1595,81,NULL,'Монгун-Тайгинский','р-н',3),(1596,81,NULL,'Овюрский','р-н',3),(1597,81,NULL,'Сут-Хольский','р-н',3),(1598,11,NULL,'Домодедовский','р-н',3),(1599,48,'393800','Староюрьевский','р-н',3),(1600,74,NULL,'Сараевский','р-н',3),(1601,74,NULL,'Сапожковский','р-н',3),(1602,74,NULL,'Ухоловский','р-н',3),(1603,65,NULL,'Тунгокоченский','р-н',3),(1604,48,'393760','Мичуринский','р-н',3),(1605,42,NULL,'Верещагинский','р-н',3),(1606,42,NULL,'Сивинский','р-н',3),(1607,42,NULL,'Карагайский','р-н',3),(1608,42,NULL,'Горнозаводский','р-н',3),(1609,5,NULL,'Надымский','р-н',3),(1610,5,NULL,'Ямальский','р-н',3),(1611,5,NULL,'Приуральский','р-н',3),(1612,5,NULL,'Шурышкарский','р-н',3),(1613,48,'393670','Жердевский','р-н',3),(1614,85,NULL,'Павловский','р-н',3),(1615,85,NULL,'Шелаболихинский','р-н',3),(1616,85,NULL,'Ребрихинский','р-н',3),(1617,85,NULL,'Романовский','р-н',3),(1618,48,'393600','Мордовский','р-н',3),(1619,34,NULL,'Людиновский','р-н',3),(1620,34,NULL,'Хвастовичский','р-н',3),(1621,34,'249300','Думиничский','р-н',3),(1622,34,NULL,'Жиздринский','р-н',3),(1623,48,'393550','Токаревский','р-н',3),(1624,65,NULL,'Дульдургинский','р-н',3),(1625,65,NULL,'Могойтуйский','р-н',3),(1626,70,NULL,'Усманский','р-н',3),(1627,70,NULL,'Задонский','р-н',3),(1628,70,NULL,'Хлевенский','р-н',3),(1629,11,NULL,'Можайский','р-н',3),(1630,73,'181353','Островский','р-н',3),(1631,73,'181410','Пыталовский','р-н',3),(1632,73,'181270','Палкинский','р-н',3),(1633,73,'181502','Печорский','р-н',3),(1634,45,NULL,'Устьянский','р-н',3),(1635,84,'456015','Ашинский','р-н',3),(1636,84,'457353','Карталинский','р-н',3),(1637,52,NULL,'Кыштовский','р-н',3),(1638,18,NULL,'Ягоднинский','р-н',3),(1639,79,'403240','Алексеевский','р-н',3),(1640,84,'457400','Агаповский','р-н',3),(1641,87,NULL,'Верхнемамонский','р-н',3),(1642,31,NULL,'Мензелинский','р-н',3),(1643,88,NULL,'Каменский','р-н',3),(1644,72,'606407','Балахнинский','р-н',3),(1645,17,NULL,'Шемуршинский','р-н',3),(1646,17,NULL,'Яльчикский','р-н',3),(1647,17,NULL,'Комсомольский','р-н',3),(1648,17,NULL,'Батыревский','р-н',3),(1649,54,NULL,'Баргузинский','р-н',3),(1650,54,NULL,'Прибайкальский','р-н',3),(1651,54,NULL,'Курумканский','р-н',3),(1652,60,NULL,'Базарно-Карабулакский','р-н',3),(1653,54,NULL,'Баунтовский эвенкийский','р-н',3),(1654,54,NULL,'Еравнинский','р-н',3),(1655,54,NULL,'Кижингинский','р-н',3),(1656,19,NULL,'Ленинск-Кузнецкий','р-н',3),(1657,19,NULL,'Промышленновский','р-н',3),(1658,19,NULL,'Крапивинский','р-н',3),(1659,81,NULL,'Чеди-Хольский','р-н',3),(1660,7,NULL,'Белоярский','р-н',3),(1661,62,NULL,'Казачинский','р-н',3),(1662,11,'141100','Щелковский','р-н',3),(1663,85,NULL,'Калманский','р-н',3),(1664,54,NULL,'Джидинский','р-н',3),(1665,72,'607400','Перевозский','р-н',3),(1666,72,'607060','Выксунский','р-н',3),(1667,62,NULL,'Пировский','р-н',3),(1668,62,NULL,'Шушенский','р-н',3),(1669,38,NULL,'Светлогорский','р-н',3),(1670,54,NULL,'Северо-Байкальский','р-н',3),(1671,11,NULL,'Егорьевский','р-н',3),(1672,11,NULL,'Ногинский','р-н',3),(1673,11,NULL,'Одинцовский','р-н',3),(1674,11,NULL,'Дмитровский','р-н',3),(1675,51,NULL,'Игринский','р-н',3),(1676,63,NULL,'Кировский','р-н',3),(1677,74,'391240','Александро-Невский','р-н',3),(1678,31,NULL,'Альметьевский','р-н',3),(1679,42,NULL,'Суксунский','р-н',3),(1680,42,NULL,'Ординский','р-н',3),(1681,42,NULL,'Уинский','р-н',3),(1682,42,NULL,'Октябрьский','р-н',3),(1683,45,NULL,'Шенкурский','р-н',3),(1684,63,NULL,'Киришский','р-н',3),(1685,41,NULL,'Внуковское','п.',3),(1686,41,NULL,'Вороновское','п.',3),(1687,41,NULL,'Воскресенское','п.',3),(1688,41,NULL,'Десеновское','п.',3),(1689,41,NULL,'Киевский','п.',3),(1690,41,NULL,'Кленовское','п.',3),(1691,41,NULL,'Кокошкино','п.',3),(1692,41,NULL,'Краснопахорское','п.',3),(1693,41,NULL,'Марушкинское','п.',3),(1694,41,NULL,'Михайлово-Ярцевское','п.',3),(1695,41,NULL,'Московский','п.',3),(1696,41,NULL,'Мосрентген','п.',3),(1697,41,NULL,'Новофедоровское','п.',3),(1698,41,NULL,'Первомайское','п.',3),(1699,41,NULL,'Роговское','п.',3),(1700,41,NULL,'Рязановское','п.',3),(1701,41,NULL,'Сосенское','п.',3),(1702,41,NULL,'Филимонковское','п.',3),(1703,41,NULL,'Щаповское','п.',3),(1704,12,'155710','Савинский','р-н',3),(1705,73,'182500','Невельский','р-н',3),(1706,73,'182250','Себежский','р-н',3),(1707,73,'182300','Пустошкинский','р-н',3),(1708,73,'182570','Усвятский','р-н',3),(1709,73,'181540','Новоржевский','р-н',3),(1710,73,'181370','Пушкиногорский','р-н',3),(1711,73,'182333','Опочецкий','р-н',3),(1712,73,'182840','Бежаницкий','р-н',3),(1713,73,'182370','Красногородский','р-н',3),(1714,73,'182711','Дедовичский','р-н',3),(1715,73,NULL,'Псковский','р-н',3),(1716,73,'181600','Гдовский','р-н',3),(1717,73,'182670','Дновский','р-н',3),(1718,73,'181000','Плюсский','р-н',3),(1719,73,'182620','Порховский','р-н',3),(1720,73,'181110','Стругокрасненский','р-н',3),(1721,14,NULL,'Лабинский','р-н',3),(1722,14,NULL,'Мостовский','р-н',3),(1723,84,'456510','Сосновский','р-н',3),(1724,14,NULL,'Приморско-Ахтарский','р-н',3),(1725,62,NULL,'Ермаковский','р-н',3),(1726,31,'423040','Нурлатский','р-н',3),(1727,31,NULL,'Черемшанский','р-н',3),(1728,31,NULL,'Рыбно-Слободский','р-н',3),(1729,31,NULL,'Аксубаевский','р-н',3),(1730,75,NULL,'Калачинский','р-н',3),(1731,75,NULL,'Знаменский','р-н',3),(1732,75,NULL,'Тарский','р-н',3),(1733,75,NULL,'Тюкалинский','р-н',3),(1734,62,NULL,'Новоселовский','р-н',3),(1735,31,NULL,'Алькеевский','р-н',3),(1736,14,NULL,'Выселковский','р-н',3),(1737,31,NULL,'Азнакаевский','р-н',3),(1738,46,'184420','Печенгский','р-н',3),(1739,11,NULL,'Сергиево-Посадский','р-н',3),(1740,31,NULL,'Бавлинский','р-н',3),(1741,31,NULL,'Ютазинский','р-н',3),(1742,75,NULL,'Усть-Ишимский','р-н',3),(1743,88,NULL,'Аксайский','р-н',3),(1744,7,NULL,'Советский','р-н',3),(1745,88,NULL,'Мясниковский','р-н',3),(1746,75,NULL,'Большереченский','р-н',3),(1747,75,NULL,'Кормиловский','р-н',3),(1748,75,NULL,'Омский','р-н',3),(1749,11,NULL,'Люберецкий','р-н',3),(1750,75,NULL,'Полтавский','р-н',3),(1751,75,NULL,'Любинский','р-н',3),(1752,75,NULL,'Горьковский','р-н',3),(1753,62,NULL,'Ужурский','р-н',3),(1754,75,NULL,'Марьяновский','р-н',3),(1755,75,NULL,'Москаленский','р-н',3),(1756,75,NULL,'Муромцевский','р-н',3),(1757,75,NULL,'Нововаршавский','р-н',3),(1758,75,NULL,'Саргатский','р-н',3),(1759,75,NULL,'Седельниковский','р-н',3),(1760,75,NULL,'Черлакский','р-н',3),(1761,75,NULL,'Шербакульский','р-н',3),(1762,7,'628634','Нижневартовский','р-н',3),(1763,23,NULL,'Турочакский','р-н',3),(1764,23,NULL,'Чойский','р-н',3),(1765,23,NULL,'Улаганский','р-н',3),(1766,4,NULL,'Благодарненский','р-н',3),(1767,4,NULL,'Новоселицкий','р-н',3),(1768,4,NULL,'Туркменский','р-н',3),(1769,7,'628300','Нефтеюганский','р-н',3),(1770,53,'678890','Абыйский','у.',3),(1771,53,'678800','Аллаиховский','у.',3),(1772,53,'678400','Булунский','у.',3),(1773,53,'678770','Верхнеколымский','у.',3),(1774,53,'678860','Момский','у.',3),(1775,53,'678830','Нижнеколымский','у.',3),(1776,54,NULL,'Хоринский','р-н',3),(1777,88,NULL,'Зерноградский','р-н',3),(1778,4,NULL,'Александровский','р-н',3),(1779,72,'607800','Лукояновский','р-н',3),(1780,76,NULL,'Судогодский','р-н',3),(1781,25,NULL,'Вадинский','р-н',3),(1782,42,NULL,'Пермский','р-н',3),(1783,2,'452190','Ермекеевский','р-н',3),(1784,2,'452000','Белебеевский','р-н',3),(1785,16,NULL,'Орловский','р-н',3),(1786,16,NULL,'Дмитровский','р-н',3),(1787,2,'452040','Бижбулякский','р-н',3),(1788,16,NULL,'Кромской','р-н',3),(1789,16,NULL,'Троснянский','р-н',3),(1790,16,NULL,'Урицкий','р-н',3),(1791,16,NULL,'Знаменский','р-н',3),(1792,2,'452080','Миякинский','р-н',3),(1793,16,NULL,'Сосковский','р-н',3),(1794,16,NULL,'Хотынецкий','р-н',3),(1795,16,NULL,'Шаблыкинский','р-н',3),(1796,2,'453331','Кугарчинский','р-н',3),(1797,2,'452450','Бирский','р-н',3),(1798,2,'453380','Зианчуринский','р-н',3),(1799,2,'453853','Мелеузовский','р-н',3),(1800,2,'453280','Федоровский','р-н',3),(1801,2,'452340','Мишкинский','р-н',3),(1802,2,'452830','Татышлинский','р-н',3),(1803,2,'452800','Янаульский','р-н',3),(1804,2,'452960','Бураевский','р-н',3),(1805,2,'452980','Балтачевский','р-н',3),(1806,37,NULL,'Дятьковский','р-н',3),(1807,2,'452120','Альшеевский','р-н',3),(1808,37,'242500','Карачевский','р-н',3),(1809,60,NULL,'Советский','р-н',3),(1810,2,'452260','Илишевский','р-н',3),(1811,37,NULL,'Дубровский','р-н',3),(1812,37,NULL,'Жуковский','р-н',3),(1813,2,'452320','Дюртюлинский','р-н',3),(1814,37,'242821','Клетнянский','р-н',3),(1815,37,NULL,'Рогнединский','р-н',3),(1816,84,'457375','Еманжелинский','р-н',3),(1817,82,'694490','Охинский','р-н',3),(1818,35,NULL,'Кривошеинский','р-н',3),(1819,2,'452200','Чекмагушевский','р-н',3),(1820,82,'694920','Углегорский','р-н',3),(1821,76,NULL,'Суздальский','р-н',3),(1822,2,'452230','Кушнаренковский','р-н',3),(1823,76,NULL,'Камешковский','р-н',3),(1824,76,NULL,'Вязниковский','р-н',3),(1825,76,NULL,'Гороховецкий','р-н',3),(1826,2,'453300','Куюргазинский','р-н',3),(1827,1,NULL,'Горшеченский','р-н',3),(1828,1,NULL,'Касторенский','р-н',3),(1829,53,'678230','Верхневилюйский','у.',3),(1830,53,'678200','Вилюйский','у.',3),(1831,53,'678450','Нюрбинский','у.',3),(1832,57,NULL,'Валдайский','р-н',3),(1833,53,'678290','Сунтарский','у.',3),(1834,84,'456470','Уйский','р-н',3),(1835,53,'678500','Верхоянский','у.',3),(1836,53,'678300','Жиганский','у.',3),(1837,53,'678300','Кобяйский','у.',3),(1838,17,NULL,'Ядринский','р-н',3),(1839,57,NULL,'Крестецкий','р-н',3),(1840,17,NULL,'Моргаушский','р-н',3),(1841,57,NULL,'Окуловский','р-н',3),(1842,17,NULL,'Красночетайский','р-н',3),(1843,37,'242300','Брасовский','р-н',3),(1844,37,NULL,'Комаричский','р-н',3),(1845,37,NULL,'Севский','р-н',3),(1846,37,NULL,'Навлинский','р-н',3),(1847,4,NULL,'Изобильненский','р-н',3),(1848,87,NULL,'Острогожский','р-н',3),(1849,87,NULL,'Новохоперский','р-н',3),(1850,62,NULL,'Березовский','р-н',3),(1851,28,NULL,'Удорский','р-н',3),(1852,28,NULL,'Усть-Вымский','р-н',3),(1853,53,NULL,'Эвено-Бытантайский Национальный','у.',3),(1854,53,'678790','Среднеколымский','у.',3),(1855,53,NULL,'Усть-Янский','у.',3),(1856,15,NULL,'Малокарачаевский','р-н',3),(1857,62,NULL,'Идринский','р-н',3),(1858,84,'457000','Увельский','р-н',3),(1859,83,NULL,'Зольский','р-н',3),(1860,50,'157860','Судиславский','р-н',3),(1861,50,NULL,'Островский','р-н',3),(1862,50,'157980','Кадыйский','р-н',3),(1863,50,'157760','Вохомский','р-н',3),(1864,84,'456560','Еткульский','р-н',3),(1865,84,'456550','Коркинский','р-н',3),(1866,62,NULL,'Краснотуранский','р-н',3),(1867,36,'461045','Бузулукский','р-н',3),(1868,36,'461060','Курманаевский','р-н',3),(1869,36,'461800','Грачевский','р-н',3),(1870,36,'461980','Первомайский','р-н',3),(1871,84,'457113','Троицкий','р-н',3),(1872,1,'307250','Курчатовский','р-н',3),(1873,84,'456446','Чебаркульский','р-н',3),(1874,11,NULL,'Наро-Фоминский','р-н',3),(1875,65,NULL,'Акшинский','р-н',3),(1876,65,NULL,'Кыринский','р-н',3),(1877,2,'452710','Буздякский','р-н',3),(1878,65,NULL,'Оловяннинский','р-н',3),(1879,87,NULL,'Репьевский','р-н',3),(1880,65,NULL,'Ононский','р-н',3),(1881,54,NULL,'Бичурский','р-н',3),(1882,54,NULL,'Мухоршибирский','р-н',3),(1883,79,NULL,'Киквидзенский','р-н',3),(1884,54,NULL,'Заиграевский','р-н',3),(1885,79,NULL,'Клетский','р-н',3),(1886,40,NULL,'Арсеньевский','р-н',3),(1887,79,NULL,'Котельниковский','р-н',3),(1888,40,NULL,'Белевский','р-н',3),(1889,40,NULL,'Дубенский','р-н',3),(1890,40,NULL,'Одоевский','р-н',3),(1891,79,NULL,'Котовский','р-н',3),(1892,40,NULL,'Суворовский','р-н',3),(1893,79,NULL,'Ленинский','р-н',3),(1894,79,NULL,'Михайловский','р-н',3),(1895,79,'403900','Новониколаевский','р-н',3),(1896,79,NULL,'Октябрьский','р-н',3),(1897,79,'403170','Нехаевский','р-н',3),(1898,79,NULL,'Ольховский','р-н',3),(1899,62,'647000','Таймырский Долгано-Ненецкий','р-н',3),(1900,79,NULL,'Палласовский','р-н',3),(1901,79,NULL,'Николаевский','р-н',3),(1902,79,'403400','Кумылженский','р-н',3),(1903,79,NULL,'Руднянский','р-н',3),(1904,79,NULL,'Новоаннинский','р-н',3),(1905,79,NULL,'Светлоярский','р-н',3),(1906,79,NULL,'Серафимовичский','р-н',3),(1907,79,NULL,'Среднеахтубинский','р-н',3),(1908,79,NULL,'Суровикинский','р-н',3),(1909,79,'404211','Старополтавский','р-н',3),(1910,62,NULL,'Эвенкийский','р-н',3),(1911,79,NULL,'Урюпинский','р-н',3),(1912,74,NULL,'Скопинский','р-н',3),(1913,60,NULL,'Марксовский','р-н',3),(1914,90,NULL,'Тюменский','р-н',3),(1915,2,'452530','Дуванский','р-н',3),(1916,2,'452550','Мечетлинский','р-н',3),(1917,2,'452580','Белокатайский','р-н',3),(1918,2,'452490','Салаватский','р-н',3),(1919,50,NULL,'Буйский','р-н',3),(1920,2,'452500','Кигинский','р-н',3),(1921,2,'453115','Стерлитамакский','р-н',3),(1922,50,NULL,'Сусанинский','р-н',3),(1923,2,'453480','Аургазинский','р-н',3),(1924,2,'453051','Гафурийский','р-н',3),(1925,35,NULL,'Молчановский','р-н',3),(1926,2,'453180','Стерлибашевский','р-н',3),(1927,35,NULL,'Чаинский','р-н',3),(1928,2,'452170','Чишминский','р-н',3),(1929,87,NULL,'Каширский','р-н',3),(1930,2,'452740','Благоварский','р-н',3),(1931,87,NULL,'Верхнехавский','р-н',3),(1932,34,'249440','Кировский','р-н',3),(1933,34,NULL,'Мосальский','р-н',3),(1934,34,NULL,'Спас-Деменский','р-н',3),(1935,34,NULL,'Куйбышевский','р-н',3),(1936,34,NULL,'Барятинский','р-н',3),(1937,27,'433000','Инзенский','р-н',3),(1938,27,'433701','Базарносызганский','р-н',3),(1939,77,NULL,'Старошайговский','р-н',3),(1940,27,'433940','Старокулаткинский','р-н',3),(1941,27,'433970','Павловский','р-н',3),(1942,27,'433810','Николаевский','р-н',3),(1943,85,NULL,'Завьяловский','р-н',3),(1944,85,NULL,'Мамонтовский','р-н',3),(1945,85,NULL,'Тюменцевский','р-н',3),(1946,53,'678380','Намский','у.',3),(1947,87,NULL,'Новоусманский','р-н',3),(1948,85,NULL,'Заринский','р-н',3),(1949,85,NULL,'Залесовский','р-н',3),(1950,85,NULL,'Кытмановский','р-н',3),(1951,85,NULL,'Тогульский','р-н',3),(1952,21,NULL,'Слюдянский','р-н',3),(1953,85,NULL,'Солонешенский','р-н',3),(1954,85,NULL,'Алтайский','р-н',3),(1955,85,NULL,'Петропавловский','р-н',3),(1956,85,NULL,'Советский','р-н',3),(1957,85,NULL,'Смоленский','р-н',3),(1958,85,NULL,'Быстроистокский','р-н',3),(1959,85,NULL,'Шипуновский','р-н',3),(1960,85,NULL,'Усть-Калманский','р-н',3),(1961,85,NULL,'Поспелихинский','р-н',3),(1962,85,NULL,'Новичихинский','р-н',3),(1963,85,NULL,'Усть-Пристанский','р-н',3),(1964,85,'658170','Чарышский','р-н',3),(1965,85,NULL,'Локтевский','р-н',3),(1966,85,NULL,'Третьяковский','р-н',3),(1967,85,NULL,'Краснощёковский','р-н',3),(1968,85,NULL,'Курьинский','р-н',3),(1969,85,NULL,'Угловский','р-н',3),(1970,21,NULL,'Шелеховский','р-н',3),(1971,50,'157780','Октябрьский','р-н',3),(1972,50,NULL,'Павинский','р-н',3),(1973,76,NULL,'Селивановский','р-н',3),(1974,51,NULL,'Дебесский','р-н',3),(1975,79,NULL,'Фроловский','р-н',3),(1976,79,NULL,'Чернышковский','р-н',3),(1977,79,NULL,'Быковский','р-н',3),(1978,79,NULL,'Городищенский','р-н',3),(1979,79,NULL,'Даниловский','р-н',3),(1980,62,NULL,'Туруханский','р-н',3),(1981,79,NULL,'Дубовский','р-н',3),(1982,21,NULL,'Братский','р-н',3),(1983,79,NULL,'Еланский','р-н',3),(1984,79,NULL,'Жирновский','р-н',3),(1985,57,NULL,'Пестовский','р-н',3),(1986,57,'175310','Демянский','р-н',3),(1987,57,NULL,'Старорусский','р-н',3),(1988,79,NULL,'Иловлинский','р-н',3),(1989,70,NULL,'Воловский','р-н',3),(1990,70,NULL,'Долгоруковский','р-н',3),(1991,79,NULL,'Камышинский','р-н',3),(1992,89,NULL,'Челно-Вершинский','р-н',3),(1993,53,NULL,'Ленский','у.',3),(1994,1,NULL,'Мантуровский','р-н',3),(1995,60,NULL,'Калининский','р-н',3),(1996,44,'613040','Кирово-Чепецкий','р-н',3),(1997,88,NULL,'Багаевский','р-н',3),(1998,89,NULL,'Красноярский','р-н',3),(1999,4,NULL,'Арзгирский','р-н',3),(2000,71,NULL,'Брейтовский','р-н',3),(2001,53,NULL,'Олекминский','у.',3),(2002,53,NULL,'Оймяконский','у.',3),(2003,53,'678620','Усть-Майский','у.',3),(2004,62,NULL,'Балахтинский','р-н',3),(2005,53,NULL,'Хангаласский','у.',3),(2006,53,NULL,'Горный','у.',3),(2007,62,NULL,'Ирбейский','р-н',3),(2008,62,'662850','Каратузский','р-н',3),(2009,62,NULL,'Курагинский','р-н',3),(2010,62,NULL,'Манский','р-н',3),(2011,62,NULL,'Назаровский','р-н',3),(2012,62,NULL,'Енисейский','р-н',3),(2013,70,NULL,'Становлянский','р-н',3),(2014,70,NULL,'Измалковский','р-н',3),(2015,70,NULL,'Тербунский','р-н',3),(2016,70,NULL,'Елецкий','р-н',3),(2017,88,NULL,'Егорлыкский','р-н',3),(2018,88,NULL,'Целинский','р-н',3),(2019,88,NULL,'Кагальницкий','р-н',3),(2020,82,'694020','Корсаковский','р-н',3),(2021,90,NULL,'Сорокинский','р-н',3),(2022,4,NULL,'Нефтекумский','р-н',3),(2023,85,NULL,'Красногорский','р-н',3),(2024,84,'457170','Октябрьский','р-н',3),(2025,31,NULL,'Тетюшский','р-н',3),(2026,75,NULL,'Таврический','р-н',3),(2027,45,NULL,'Коношский','р-н',3),(2028,28,NULL,'Сысольский','р-н',3),(2029,74,NULL,'Пронский','р-н',3),(2030,65,NULL,'Нерчинско-Заводский','р-н',3),(2031,19,NULL,'Беловский','р-н',3),(2032,49,'368440','Чародинский','р-н',3),(2033,90,NULL,'Голышмановский','р-н',3),(2034,54,NULL,'Кяхтинский','р-н',3),(2035,78,NULL,'Торопецкий','р-н',3),(2175,812,'307810','Казачелокнянский','с/с',4),(2176,317,'663814','Кучердаевский','с/с',4),(2177,1017,'442440','Руссконоркинский сельсовет Шемышейского района Пензенской области','с/с',4),(2178,1325,'243447','Краснорогское сельское поселение','тер.',4),(2179,1400,'452855','Новокильбахтинский','с/с',4),(2180,1325,'243400','Почепское городское поселение','тер.',4),(2181,630,'606125','Горбатов','г.',4),(2182,898,'306503','Знаменский','с/с',4),(2183,870,'442714','Каменно-Бродский сельсовет Иссинского района Пензенской области','с/с',4),(2184,26,NULL,'Карпинск','г.',4),(2185,529,'453421','Казангуловский','с/с',4),(2186,425,'612246','Сердежское','с/п',4),(2187,997,'612270','Орлов','г.',4),(2188,370,NULL,'Абдулино','г.',4),(2189,1029,'243500','Суражское городское поселение','тер.',4),(2190,383,'452669','Нагайбаковский','с/с',4),(2191,1516,'612820','Кайское','с/п',4),(2192,528,'453220','Салиховский','с/с',4),(2193,735,'427685','Верх-Юнинское','с/п',4),(2194,945,'243257','Гарцевское сельское поселение','тер.',4),(2195,326,'612040','Свечинское','с/п',4),(2196,1107,'442900','Администрация рабочего поселка Тамала Тамалинского района Пензенской области','с/с',4),(2197,1382,'427054','Ляльшурское','с/п',4),(2198,383,'452675','Старошарашлинский','с/с',4),(2199,690,'601580','МО поселок Добрятино','тер.',4),(2200,1920,'452511','Тугузлинский','с/с',4),(2201,80,NULL,'Нарьян-Мар','г.',4),(2202,1022,'243675','Творишинское сельское поселение','тер.',4),(2203,1071,'169200','Емва','г.',4),(2204,1676,'187320','Шлиссельбург','г.',4),(2205,1419,NULL,'Данков','г.',4),(2206,380,NULL,'Ленинский','с/о',4),(2207,1027,'612219','Михайловское','с/п',4),(2208,1158,'662050','Лазурненский','с/с',4),(2209,400,'305527','Ворошневский','с/с',4),(2210,49,NULL,'Дербент','г.',4),(2211,900,NULL,'Каменка','г.',4),(2212,899,'249240','Мещовск','г.',4),(2213,715,'601967','МО городское поселение Мелеховское','тер.',4),(2214,28,NULL,'Воркута','г.',4),(2215,60,NULL,'Маркс','г.',4),(2216,1272,NULL,'Гатчина','г.',4),(2217,298,'427980','Нефтебазинское','с/п',4),(2218,1405,'442873','Администрация Кировского сельсовета Сердобского района Пензенской области','с/с',4),(2219,501,'663915','Сухонойский','с/с',4),(2220,1005,NULL,'Онега','г.',4),(2221,1405,NULL,'Сердобск','г.',4),(2222,1676,'187300','Келколово-1','массив',4),(2223,1232,NULL,'Бирюч','г.',4),(2224,937,'306221','Котовский','с/с',4),(2225,843,NULL,'Краснослободск','г.',4),(2226,812,'307822','Уланковский','с/с',4),(2227,1056,'663404','Партизанский','с/с',4),(2228,1028,'442816','Администрация Майского сельсовета Малосердобинского района Пензенской области','с/с',4),(2229,1563,'188640','Токсово в районе озера Хепоярви','дп',4),(2230,27,NULL,'Новоульяновск','г.',4),(2231,834,NULL,'Наволоки','г.',4),(2232,81,'668050','Ак-Довурак','г.',4),(2233,1033,'662627','Большеничинский','с/с',4),(2234,858,'307731','Кудинцевский','с/с',4),(2235,903,NULL,'Крымск','г.',4),(2236,317,'663818','Ельниковский','с/с',4),(2237,973,NULL,'Усолье','г.',4),(2238,7,'628661','Покачи','г.',4),(2239,945,'243271','Воронокское сельское поселение','тер.',4),(2240,1204,'427286','Валамазское','с/п',4),(2241,1563,'188640','Грузино','массив',4),(2242,2007,'663665','Чухломинский','с/с',4),(2243,375,'241520','Супоневское сельское поселение','тер.',4),(2244,1364,'452943','Шушнурский','с/с',4),(2245,1097,NULL,'Бологое','г.',4),(2246,1619,NULL,'Людиново','г.',4),(2247,753,'450902','Федоровский','с/с',4),(2248,839,'612627','Карпушинское','с/п',4),(2249,753,'450517','Черкасский','с/с',4),(2250,1835,'678530','Верхоянск','г.',4),(2251,1414,'188480','Заречье','массив',4),(2252,400,'305540','Полевской','с/с',4),(2253,1076,'613200','Гуренское','с/п',4),(2254,19,NULL,'Полысаево','г.',4),(2255,827,'612532','Порезское','с/п',4),(2256,1074,NULL,'Любань','г.',4),(2257,818,'613137','Денисовское','с/п',4),(2258,409,'613330','Угорское','с/п',4),(2259,276,'306240','Афанасьевский','с/с',4),(2260,1098,'307411','Кореневский','с/с',4),(2261,1150,'453652','Ишмухаметовский','с/с',4),(2262,1283,'427023','Италмасовское','с/п',4),(2263,383,'452658','Ахмановский','с/с',4),(2264,60,'413119','Энгельс-19','г.',4),(2265,1073,'453683','Кананикольский','с/с',4),(2266,1799,'453861','Васильевский','с/с',4),(2267,295,'243324','Павловское сельское поселение','тер.',4),(2268,36,NULL,'Оренбург','г.',4),(2269,1235,NULL,'Кондопога','г.',4),(2270,60,NULL,'Петровск','г.',4),(2271,529,'453411','Ивановский','с/с',4),(2272,200,'613400','Куменское','с/п',4),(2273,812,'307812','Свердликовский','с/с',4),(2274,1315,'307048','Вышнереутчанский','с/с',4),(2275,208,'663716','Шеломковский','с/с',4),(2276,1874,NULL,'Наро-Фоминск','г.',4),(2277,1117,'613572','Селинское','с/п',4),(2278,360,NULL,'Тотьма','г.',4),(2279,178,'307210','Большедолженковский','с/с',4),(2280,405,NULL,'Мегет','рп',4),(2281,24,NULL,'Вологда','г.',4),(2282,62,'663960','Заозерный','г.',4),(2283,326,'612042','Шмелевское','с/п',4),(2284,1042,'663469','Новохайский','с/с',4),(2285,1124,'306607','Александровский','с/с',4),(2286,799,'613484','Ильинское','с/п',4),(2287,477,'452897','Усть-Табасский','с/с',4),(2288,830,'662177','Лапшихинский','с/с',4),(2289,823,'427847','Мушаковское','с/п',4),(2290,1813,'452313','Нижнеаташевский','с/с',4),(2291,85,NULL,'Алейск','г.',4),(2292,944,'307573','Калиновский','с/с',4),(2293,1673,NULL,'Кубинка','г.',4),(2294,396,'663556','Александровский','с/с',4),(2295,1414,'188490','Долгая Нива','массив',4),(2296,1337,'452765','Старокандринский','с/с',4),(2297,582,'442060','Администрация рабочего поселка Башмаково Башмаковского района Пензенской области','с/с',4),(2298,1918,'452494','Урмантауский','с/с',4),(2299,16,NULL,'Мценск','г.',4),(2300,1179,NULL,'Бежецк','г.',4),(2301,1069,'307109','Банинский','с/с',4),(2302,86,NULL,'Зеленогорск','г.',4),(2303,795,'453552','Зигазинский','с/с',4),(2304,72,NULL,'Дзержинск','г.',4),(2305,289,'427420','Верхнеталицкое','с/п',4),(2306,1807,'452130','Кайраклинский','с/с',4),(2307,985,'442750','Проказнинский','с/с',4),(2308,299,'186000','Олонец','г.',4),(2309,425,NULL,'Яранск','г.',4),(2310,295,'243300','Унечское городское поселение','тер.',4),(2311,985,'442780','Бессоновский','с/с',4),(2312,1017,'442437','Старояксарский сельсовет Шемышейского района Пензенской области','с/с',4),(2313,28,NULL,'Сосногорск','г.',4),(2314,1930,'452745','Сынташтамакский','с/с',4),(2315,733,'663634','Анцирский','с/с',4),(2316,1204,'427270','Кильмезское','с/п',4),(2317,1056,'663408','Орджоникидзевский','с/с',4),(2318,600,'442137','Администрация Усть-Каремшинского сельсовета Нижнеломовского района Пензенской области','с/с',4),(2319,394,'663749','Никольский','с/с',4),(2320,841,'243600','Злынковское городское поселение','тер.',4),(2321,1381,'243350','Красносельское сельское поселение','тер.',4),(2322,795,'453522','Узянский','с/с',4),(2323,86,NULL,'Кронштадт','г.',4),(2324,1429,'242239','Городецкое сельское поселение','тер.',4),(2325,295,'243332','Ивайтенское сельское поселение','тер.',4),(2326,818,'613142','Озерницкое','с/п',4),(2327,1160,NULL,'Данилов','г.',4),(2328,1356,'307170','Андросовский','с/с',4),(2329,596,'663011','Элитовский','с/с',4),(2330,529,NULL,'Давлеканово','г.',4),(2331,622,'452410','Иглинский','с/с',4),(2332,294,'662131','Проточенский','с/с',4),(2333,1147,'188760','Приозерск','г.',4),(2334,1803,'452821','Зайцевский','с/с',4),(2335,11,NULL,'Котельники','г.',4),(2336,1042,'663442','Артюгинский','с/с',4),(2337,397,NULL,'Феневское','с/п',4),(2338,1810,'452265','Тупеевский','с/с',4),(2339,615,'663488','Новокежемский','с/с',4),(2340,682,NULL,'Тихвин','г.',4),(2341,26,'623300','Красноуфимск','г.',4),(2342,814,NULL,'Тисуль','пгт',4),(2343,1096,'442395','Рамзайский','с/с',4),(2344,719,'663044','Кононовский','с/с',4),(2345,1563,'188640','27 км Приозерского шоссе','массив',4),(2346,1354,'242175','Алешковичское сельское поселение','тер.',4),(2347,258,'452642','Дюртюлинский','с/с',4),(2348,839,'612645','Красногорское','с/п',4),(2349,382,'453036','Липовский','с/с',4),(2350,1169,NULL,'Советск','г.',4),(2351,1283,'427000','Завьяловское','с/п',4),(2352,1170,'442729','Родниковский сельсовет Лунинского района Пензенской области','с/с',4),(2353,510,NULL,'Сосенский','г.',4),(2354,60,'412950','Шиханы','г.',4),(2355,1813,'452306','Байгильдинский','с/с',4),(2356,11,NULL,'Коломна','г.',4),(2357,1139,'452386','Байки-Юнусовский','с/с',4),(2358,329,NULL,'Звенигово','г.',4),(2359,547,'427374','Дмитрошурское','с/п',4),(2360,225,'452440','Баш-Шидинский','с/с',4),(2361,622,'452427','Лемезинский','с/с',4),(2362,1333,'157440','Кологрив','г.',4),(2363,937,'306213','Среднеольшанский','с/с',4),(2364,600,'442140','Администрация Большехуторского сельсовета Нижнеломовского района Пензенской области','с/с',4),(2365,1121,'307491','Поповолежачанский','с/с',4),(2366,1018,NULL,'Красногорск','г.',4),(2367,60,NULL,'Ртищево','г.',4),(2368,1308,'427734','Лолошур-Возжинское','с/п',4),(2369,812,'307836','Погребской','с/с',4),(2370,1315,'307047','Нижнереутчанский','с/с',4),(2371,1317,'186500','Беломорск','г.',4),(2372,21,NULL,'Усолье-Сибирское','г.',4),(2373,1185,NULL,'Луза','г.',4),(2374,972,'442020','Администрация Юрсовского сельсовета Земетчинского района Пензенской области','с/с',4),(2375,485,'427326','Тыловыл-Пельгинское','с/п',4),(2376,1563,'188640','5 км севернее д Матокса','тер.',4),(2377,690,'601590','МО поселок Великодворский','тер.',4),(2378,1056,'663412','Новоангарский','с/с',4),(2379,723,'453626','Равиловский','с/с',4),(2380,396,'663960','Новинский','с/с',4),(2381,466,'306024','Новоспасский','с/с',4),(2382,1170,'442730','Лунинский','с/с',4),(2383,671,'427252','Новомултанское','с/п',4),(2384,582,'442084','Администрация Алексеевского сельсовета Башмаковского района Пензенской области','с/с',4),(2385,869,'662016','Лазаревский','с/с',4),(2386,1029,'243505','Влазовичское сельское поселение','тер.',4),(2387,1563,'188640','Верхние Осельки','массив',4),(2388,66,NULL,'Николаевск-на-Амуре','г.',4),(2389,1017,'442443','Синодский сельсовет Шемышейского района Пензенской области','с/с',4),(2390,1563,'188640','Шереметьевка','массив',4),(2391,382,'453034','Ирныкшинский','с/с',4),(2392,510,NULL,'Козельск','г.',4),(2393,86,NULL,'Красное Село','г.',4),(2394,400,'305502','Клюквинский','с/с',4),(2395,326,'612045','Юмское','с/п',4),(2396,1590,'186870','Суоярви','г.',4),(2397,719,'663047','Высотинский','с/с',4),(2398,795,'453550','Туканский','с/с',4),(2399,501,'663913','Громадский','с/с',4),(2400,62,'663330','Талнах','г.',4),(2401,2007,'663650','Юдинский','с/с',4),(2402,585,'689450','Билибино','г.',4),(2403,1268,NULL,'Тихорецк','г.',4),(2404,448,'243558','Вадьковское сельское поселение','тер.',4),(2405,666,'612088','Истобенское','с/п',4),(2406,346,'442947','Администрация Мача-Родниковского сельсовета Бековского района Пензенской области','с/с',4),(2407,582,'442063','Администрация Знаменского сельсовета Башмаковского района Пензенской области','с/с',4),(2408,472,'663072','Ентаульский','с/с',4),(2409,208,'663715','Денисовский','с/с',4),(2410,448,'243543','Гетуновское сельское поселение','тер.',4),(2411,529,'453410','Александровский','с/с',4),(2412,706,'665670','Шестаково','рп',4),(2413,1215,'612715','Леснополянское','с/п',4),(2414,86,NULL,'Сестрорецк','г.',4),(2415,72,NULL,'Бор','г.',4),(2416,982,NULL,'Никольск','г.',4),(2417,375,'241511','Нетьинское сельское поселение','тер.',4),(2418,1555,'668510','Туран','г.',4),(2419,1364,'452930','Николо-Березовский','с/с',4),(2420,346,'442946','Администрация Ивановского сельсовета Бековского района Пензенской области','с/с',4),(2421,688,NULL,'Рузаевка','г.',4),(2422,484,'612421','Кордяжское','с/п',4),(2423,321,'243057','Сачковичское сельское поселение','тер.',4),(2424,671,'427248','Петропавловское','с/п',4),(2425,1017,'442430','Сельсовет Рабочего поселка Шемышейка Шемышейского района Пензенской области','с/с',4),(2426,528,'453235','Ахмеровский','с/с',4),(2427,1274,'427910','Боярское','с/п',4),(2428,78,NULL,'Нелидово','г.',4),(2429,1029,'243523','Нивнянское сельское поселение','тер.',4),(2430,551,NULL,'Зеленокумск','г.',4),(2431,178,'307203','Артюховский','с/с',4),(2432,148,'442498','Исикеевский сельсовет Неверкинского района Пензенской области','с/с',4),(2433,1011,NULL,'Нерчинск','г.',4),(2434,1169,'613370','Колянурское','с/п',4),(2435,73,NULL,'Великие Луки','г.',4),(2436,33,'676450','Свободный','г.',4),(2437,1132,NULL,'Письяковское','с/п',4),(2438,19,NULL,'Белово','г.',4),(2439,1783,'452190','Абдулкаримовский','с/с',4),(2440,1042,'663457','Осиновомысский','с/с',4),(2441,1805,'452995','Зилязекулевский','с/с',4),(2442,148,'442494','Илим-Горский сельсовет Неверкинского района Пензенской области','с/с',4),(2443,227,'187401','Волхов ул.Ленинградская 25а','массив',4),(2444,377,'427611','Адамское','с/п',4),(2445,582,'442060','Администрация Кандиевского сельсовета Башмаковского района Пензенской бласти','с/с',4),(2446,227,'187403','Волхов мкр.Пороги','массив',4),(2447,400,'305521','Полянский','с/с',4),(2448,1274,'427910','Галановское','с/п',4),(2449,1337,'452775','Николаевский','с/с',4),(2450,723,'453614','Гусевский','с/с',4),(2451,1337,'452765','Кандринский','с/с',4),(2452,1150,'453643','Мукасовский','с/с',4),(2453,148,'442486','Сулеймановский сельсовет Неверкинского района Пензенской области','с/с',4),(2454,1347,'431350','Ковылкино','г.',4),(2455,528,NULL,'Ишимбай','г.',4),(2456,1996,'613037','Селезеневское','с/п',4),(2457,509,NULL,'Павловск','г.',4),(2458,38,'238450','Мамоново','г.',4),(2459,1215,NULL,'Омутнинск','г.',4),(2460,955,'671230','Бабушкин','г.',4),(2461,383,'452665','Староазмеевский','с/с',4),(2462,944,'307558','Дубовицкий','с/с',4),(2463,281,NULL,'Липки','г.',4),(2464,642,NULL,'Киренск','г.',4),(2465,1124,'306604','Нижнеграйворонский','с/с',4),(2466,898,'306522','Касиновский','с/с',4),(2467,250,'249185','Кременки','г.',4),(2468,1364,'452946','Кариевский','с/с',4),(2469,1563,'188640','Рахья','массив',4),(2470,448,'243542','Прирубкинское сельское поселение','тер.',4),(2471,1994,'307013','Останинский','с/с',4),(2472,500,'453437','Быковский','с/с',4),(2473,1098,'307431','Снагостский','с/с',4),(2474,1089,'613611','Подгорцевское','с/п',4),(2475,1028,'442800','Администрация Ключевского сельсовета Малосердобинского района Пензенской области','с/с',4),(2476,321,'243070','Плавенское сельское поселение','тер.',4),(2477,1287,'663775','Сивохинский','с/с',4),(2478,523,'442554','Пылковский сельсовет Лопатинского района Пензенской области','с/с',4),(2479,1012,'427880','Ромашкинское','с/п',4),(2480,1150,'453677','Ишбердинский','с/с',4),(2481,501,'663932','Балайский','с/с',4),(2482,1091,NULL,'Заволжск','г.',4),(2483,1985,NULL,'Пестово','г.',4),(2484,1303,NULL,'Грязи','г.',4),(2485,1563,'188640','Гарболово','массив',4),(2486,1138,'663580','Большеильбинский','с/с',4),(2487,503,NULL,'Петушки','г.',4),(2488,26,NULL,'Североуральск','г.',4),(2489,852,NULL,'Родники','г.',4),(2490,870,'442710','Иссинский сельсовет Исснского района Пензенской области','с/с',4),(2491,1739,'141320','Пересвет','г.',4),(2492,1089,'613600','Ивановское','с/п',4),(2493,32,'216400','Десногорск','г.',4),(2494,249,'442602','Администрация Кошелевского сельсовета Спасского района Пензенской области','с/с',4),(2495,4,NULL,'Георгиевск','г.',4),(2496,1356,'307152','Снецкой','с/с',4),(2497,438,NULL,'Колпашево','г.',4),(2498,400,'305513','Ноздрачевский','с/с',4),(2499,227,'187401','Пупышево','массив',4),(2500,1994,'307024','Сеймский','с/с',4),(2501,1315,'307052','Китаевский','с/с',4),(2502,495,'243112','Гулевское сельское поселение','тер.',4),(2503,622,'452417','Уктеевский','с/с',4),(2504,503,'601130','Городищи','пгт',4),(2505,615,'663476','Таежинский','с/с',4),(2506,306,'243036','Деменское сельское поселение','тер.',4),(2507,1563,'188640','41 км Выборгского шоссе','массив',4),(2508,787,'613461','Лудянское','с/п',4),(2509,148,'442485','Карноварский сельсовет Неверкинского района Пензенской области','с/с',4),(2510,818,'613120','Каринское','с/п',4),(2511,1223,NULL,'Семендяевское','с/п',4),(2512,839,'612650','Ежихинское','с/п',4),(2513,1563,'188640','40 км Выборгского шоссе Юкки','массив',4),(2514,1138,'663590','Среднеагинский','с/с',4),(2515,257,'453585','Иргизлинский','с/с',4),(2516,1283,'427002','Гольянское','с/п',4),(2517,1706,NULL,'Себеж','г.',4),(2518,1353,NULL,'Тогучин','г.',4),(2519,574,'624400','Новая Ляля','г.',4),(2520,569,'613392','Войское','с/п',4),(2521,396,'663970','Рыбинский','с/с',4),(2522,62,NULL,'Дивногорск','г.',4),(2523,917,NULL,'Мариинск','г.',4),(2524,539,'442580','Малосадовский сельсовет','с/с',4),(2525,799,'613474','Слудское','с/п',4),(2526,1048,'663544','Имбежский','с/с',4),(2527,1023,NULL,'Тутаев','г.',4),(2528,362,'612032','Черновское','с/п',4),(2529,1049,NULL,'Мирный','г.',4),(2530,448,'243557','Стеченское сельское поселение','тер.',4),(2531,1563,'188640','Воейково','массив',4),(2532,11,NULL,'Дубна','г.',4),(2533,839,NULL,'Котельнич','г.',4),(2534,4,NULL,'Минеральные Воды','г.',4),(2535,477,'452899','Куяштырский','с/с',4),(2536,258,'452641','Зириклинский','с/с',4),(2537,351,'612981','Усть-Люгинское','с/п',4),(2538,954,'442450','Русско-Камешкирский сельсовет Камешкирского района Пензенской области','с/с',4),(2539,287,NULL,'Вельск','г.',4),(2540,1175,'663824','Касьяновский','с/с',4),(2541,596,'663020','Емельяново','с/а',4),(2542,887,'306434','Покровский','с/с',4),(2543,1218,NULL,'Волоколамск','г.',4),(2544,1356,'307162','Басовский','с/с',4),(2545,818,NULL,'Слободской','г.',4),(2546,1563,'188640','46 км Приозерского шоссе','массив',4),(2547,1138,'663583','Нагорновский','с/с',4),(2548,597,NULL,'Галич','г.',4),(2549,1783,'452194','Елань-Чишминский','с/с',4),(2550,529,'453406','Сергиопольский','с/с',4),(2551,1382,'427083','Зюзинское','с/п',4),(2552,888,NULL,'Михайловск','г.',4),(2553,1382,'427078','Мувырское','с/п',4),(2554,149,'607684','Большеельнинский','с/с',4),(2555,178,'307212','Старковский','с/с',4),(2556,769,'442845','Администрация Хопровского сельсовета Колышлейского сельсовета Пензенской области','с/с',4),(2557,2029,'391160','Новомичуринск','г.',4),(2558,21,NULL,'Братск','г.',4),(2559,1308,'427740','Котловское','с/п',4),(2560,495,'243115','Медведовское сельское поселение','тер.',4),(2561,18,NULL,'Магадан','г.',4),(2562,1849,NULL,'Новохоперск','г.',4),(2563,400,'305507','Брежневский','с/с',4),(2564,915,'662118','Сучковский','с/с',4),(2565,377,'427606','Кожильское','с/п',4),(2566,1364,'452933','Никольский','с/с',4),(2567,1121,'307456','Нижнемордокский','с/с',4),(2568,1563,'188640','Новое Токсово','массив',4),(2569,1098,'307433','Викторовский','с/с',4),(2570,539,'442585','Индерский сельсовет','с/с',4),(2571,85,NULL,'Рубцовск','г.',4),(2572,1287,'663782','Троицкий','с/с',4),(2573,1996,'613000','Бурмакинское','с/п',4),(2574,1274,'427910','Кулюшевское','с/п',4),(2575,383,'452655','Тактагуловский','с/с',4),(2576,250,NULL,'Жуков','г.',4),(2577,1169,'613374','Лошкаринское','с/п',4),(2578,1073,'453683','Уркасский','с/с',4),(2579,529,'453423','Чуюнчинский','с/с',4),(2580,1065,'427708','Липовское','с/п',4),(2581,1380,NULL,'Гулькевичи','г.',4),(2582,425,'612255','Кугушергское','с/п',4),(2583,517,'427984','Сигаевское','с/п',4),(2584,553,'427511','Пудемское','с/п',4),(2585,384,NULL,'Апшеронск','г.',4),(2586,1563,'188640','Екатериновка','массив',4),(2587,88,NULL,'Донецк','г.',4),(2588,1175,'663836','Тинский','с/с',4),(2589,664,'453807','Степной','с/с',4),(2590,206,NULL,'Кораблино','г.',4),(2591,622,'452413','Охлебининский','с/с',4),(2592,1013,NULL,'Быковское','с/п',4),(2593,1109,'453029','Сихонкинский','с/с',4),(2594,945,'243267','Мишковское сельское поселение','тер.',4),(2595,664,'453803','Уфимский','с/с',4),(2596,397,NULL,'Кесовское','с/п',4),(2597,487,NULL,'Ковдор','г.',4),(2598,733,'663631','Браженский','с/с',4),(2599,31,NULL,'Набережные Челны','г.',4),(2600,941,'155000','Гаврилов Посад','г.',4),(2601,407,'366300','Шали','г.',4),(2602,697,NULL,'Лиски','г.',4),(2603,1109,'453018','Шаймуратовский','с/с',4),(2604,1069,'307119','Русановский','с/с',4),(2605,1662,NULL,'Щелково','г.',4),(2606,321,'243040','МО пгт.Климово','тер.',4),(2607,839,'612634','Вишкильское','с/п',4),(2608,154,'612508','Левановское','с/п',4),(2609,945,'243262','Понуровское сельское поселение','тер.',4),(2610,148,'442493','Каменноовражский сельсовет Неверкинского района Пензенской области','с/с',4),(2611,839,'612612','Сретенское','с/п',4),(2612,1806,'242620','Любохонское городское поселение','тер.',4),(2613,583,'307614','Наумовский','с/с',4),(2614,596,'663027','Зеледеевский','с/с',4),(2615,1096,'442370','Мокшанский','с/с',4),(2616,664,'453816','Татыр-Узякский','с/с',4),(2617,1117,'613575','Малокильмезское','с/п',4),(2618,722,'612310','Шаптинское','с/п',4),(2619,56,'386001','Магас','г.',4),(2620,398,'427763','Пазяльское','с/п',4),(2621,954,'442458','Чумаевский сельсовет Камешкирского района Пензенской области','с/с',4),(2622,1118,'606860','Ветлуга','г.',4),(2623,477,'452891','Маталинский','с/с',4),(2624,19,NULL,'Междуреченск','г.',4),(2625,398,'427776','Нышинское','с/п',4),(2626,89,NULL,'Кинель','г.',4),(2627,1175,'663845','Канифольнинский','с/с',4),(2628,664,'453804','Акъюловский','с/с',4),(2629,916,NULL,'Зеленоградск','г.',4),(2630,4,NULL,'Пятигорск','г.',4),(2631,294,'662132','Кирчиженский','с/с',4),(2632,1308,'427730','Порымозаречное','с/п',4),(2633,596,'663037','Тальский','с/с',4),(2634,1048,'663540','Кожелакский','с/с',4),(2635,26,NULL,'Ирбит','г.',4),(2636,500,'453444','Саннинский','с/с',4),(2637,225,'452435','Староисаевский','с/с',4),(2638,66,NULL,'Хабаровск','г.',4),(2639,1089,'613612','Загарское','с/п',4),(2640,547,'427390','Кильмезское','с/п',4),(2641,1163,NULL,'Верх-Чебула','пгт',4),(2642,66,NULL,'Комсомольск-на-Амуре','г.',4),(2643,671,'427253','Удугучинское','с/п',4),(2644,44,NULL,'Киров','г.',4),(2645,717,NULL,'Морозовск','г.',4),(2646,1395,NULL,'Новый Оскол','г.',4),(2647,182,'307500','Крупецкой','с/с',4),(2648,1813,'452305','Новокангышевский','с/с',4),(2649,1382,'427053','Порозовское','с/п',4),(2650,440,NULL,'Бабаево','г.',4),(2651,1069,'307126','Большеанненковский','с/с',4),(2652,521,NULL,'Ялуторовск','г.',4),(2653,85,NULL,'Новоалтайск','г.',4),(2654,415,'601800','МО город Юрьев-Польский','тер.',4),(2655,1109,'453004','Адзитаровский','с/с',4),(2656,733,'663630','Чечеульский','с/с',4),(2657,1381,'243370','Хутор-Борское сельское поселение','тер.',4),(2658,200,'613419','Березниковское','с/п',4),(2659,1337,'452790','Гафуровский','с/с',4),(2660,448,'243575','Посудичское сельское поселение','тер.',4),(2661,471,'188800','Выборг','г.',4),(2662,1563,'188640','в районе деревни Матокса','массив',4),(2663,1563,'188640','Лепсари','массив',4),(2664,1563,'188640','47 км Приозерского шоссе','массив',4),(2665,190,'612941','Староирюкское','с/п',4),(2666,583,'307624','Малогородьковский','с/с',4),(2667,1382,'427052','Мишкинское','с/п',4),(2668,306,'243012','Старобобовичское сельское поселение','тер.',4),(2669,1996,'613033','Коныпское','с/п',4),(2670,295,'243330','Старосельское сельское поселение','тер.',4),(2671,466,'306028','Солнечный','с/с',4),(2672,860,NULL,'Чистополь','г.',4),(2673,4,NULL,'Невинномысск','г.',4),(2674,291,'665160','Алзамай','г.',4),(2675,466,'306035','Ануфриевский','с/с',4),(2676,734,'442641','Администрация Потодеевского сельсовета Наровчатского района Пензенской области','с/с',4),(2677,354,NULL,'Темрюк','г.',4),(2678,706,'665689','Рудногорск','рп',4),(2679,351,'612971','Кулыжское','с/п',4),(2680,129,NULL,'Щучье','г.',4),(2681,666,'612083','Усовское','с/п',4),(2682,789,NULL,'Купино','г.',4),(2683,544,NULL,'Боровичи','г.',4),(2684,1169,'613357','Прозоровское','с/п',4),(2685,1385,NULL,'Видное','г.',4),(2686,559,'356801','Буденновск-1','тер.',4),(2687,622,'452405','Урманский','с/с',4),(2688,733,'663640','Астафьевский','с/с',4),(2689,812,'307801','Заолешенский','с/с',4),(2690,503,'601120','МО город Покров','тер.',4),(2691,1334,'170508','Заволжское','с/п',4),(2692,672,'188410','Волосово','г.',4),(2693,65,'672900','Горный','пгт',4),(2694,666,'612077','Адышевское','с/п',4),(2695,1515,'613250','Мулинское','с/п',4),(2696,1622,'249340','Жиздра','г.',4),(2697,839,'612614','Макарьевское','с/п',4),(2698,178,'307215','Филипповский','с/с',4),(2699,26,NULL,'Полевской','г.',4),(2700,231,NULL,'Сергач','г.',4),(2701,1371,NULL,'Невельск','г.',4),(2702,482,'613540','Шурминское','с/п',4),(2703,839,'612651','Светловское','с/п',4),(2704,1096,'442367','Успенский','с/с',4),(2705,148,'442488','Староандреевский сельсовет Неверкинского района Пензенской области','с/с',4),(2706,64,NULL,'Йошкар-Ола','г.',4),(2707,1081,'442300','Сурск','г.',4),(2708,1516,'612820','Кирс','г.',4),(2709,769,'442838','Администрация Березовского сельсовета Колышлейского района Пензенской области','с/с',4),(2710,1150,'453662','Кульчуровский','с/с',4),(2711,719,'663043','Атамановский','с/с',4),(2712,85,NULL,'Бийск','г.',4),(2713,382,'453032','Арх-Латышский','с/с',4),(2714,1117,'613582','Дамаскинское','с/п',4),(2715,353,'307060','Тимский','с/с',4),(2716,1215,'612710','Белореченское','с/п',4),(2717,56,NULL,'Назрань','г.',4),(2718,1138,'663583','Тинский','с/с',4),(2719,1138,'663590','Кулижниковский','с/с',4),(2720,1073,'453682','Ивано-Кувалатский','с/с',4),(2721,755,NULL,'Кропоткин','г.',4),(2722,1012,'427887','Муважинское','с/п',4),(2723,896,'427820','Бурановское','с/п',4),(2724,787,NULL,'Нолинск','г.',4),(2725,864,NULL,'Луга','г.',4),(2726,1224,'442516','Рабочий поселок Верхозим Кузнецкого района Пензенской области','с/с',4),(2727,234,'306018','Ольховатский','с/с',4),(2728,1145,'391050','Спасск-Рязанский','г.',4),(2729,985,'442762','Сосновский','с/с',4),(2730,82,NULL,'Южно-Сахалинск','г.',4),(2731,814,NULL,'Комсомольск','пгт',4),(2732,669,'613070','Бисеровское','с/п',4),(2733,1007,'307351','Бобровский','с/с',4),(2734,823,'427847','Лутохинское','с/п',4),(2735,1224,'442510','Комаровский сельсовет Кузнецкого района Пензенской области','с/с',4),(2736,477,'452888','Базанчатовский','с/с',4),(2737,1315,'307034','Чермошнянский','с/с',4),(2738,547,'427370','Сюмсинское','с/п',4),(2739,145,NULL,'Ершов','г.',4),(2740,317,NULL,'Иланский','г.',4),(2741,887,'306440','Петровский','с/с',4),(2742,48,NULL,'Тамбов','г.',4),(2743,972,'442010','Администрация Матчерского сельсовета Земетчинского района Пензенской области','с/с',4),(2744,547,'427386','Муки-Каксинское','с/п',4),(2745,1193,'694050','Долинск','г.',4),(2746,150,'363410','Дигора','г.',4),(2747,227,'187406','Волхов ул.Восточная 4','массив',4),(2748,769,'442834','Администрация Плещеевского сельсовета Колышлейского района Пензенской области','с/с',4),(2749,70,NULL,'Липецк','г.',4),(2750,1325,'243410','Речицкое сельское поселение','тер.',4),(2751,528,'453227','Скворчихинский','с/с',4),(2752,1563,'188640','Медный завод','массив',4),(2753,36,NULL,'Бузулук','г.',4),(2754,2007,'663650','Изумрудновский','с/с',4),(2755,1382,'427085','Кыквинское','с/п',4),(2756,84,NULL,'Магнитогорск','г.',4),(2757,832,'601010','МО городское поселение Киржач','тер.',4),(2758,26,NULL,'Нижний Тагил','г.',4),(2759,1314,NULL,'Макушино','г.',4),(2760,1381,NULL,'Хмелевское сельское поселение','тер.',4),(2761,1167,NULL,'Майский','г.',4),(2762,600,'442139','Администрация Кривошеевского сельсовета Нижнеломовского района Пензенской области','с/с',4),(2763,281,NULL,'Киреевск','г.',4),(2764,988,NULL,'Семилуки','г.',4),(2765,28,NULL,'Инта','г.',4),(2766,542,'613800','Вазюкское','с/п',4),(2767,33,NULL,'Райчихинск','г.',4),(2768,1076,'613200','Подрезчихинское','с/п',4),(2769,1373,NULL,'Исилькуль','г.',4),(2770,1274,'427910','Арзамасцевское','с/п',4),(2771,72,NULL,'Саров','г.',4),(2772,257,'453589','Атиковский','с/с',4),(2773,1287,'663792','Веселовский','с/с',4),(2774,482,'613555','Большеройское','с/п',4),(2775,256,'162840','Устюжна','г.',4),(2776,391,NULL,'Лебедянь','г.',4),(2777,276,'306267','Башкатовский','с/с',4),(2778,583,'307637','Платавский','с/с',4),(2779,375,'241518','Свенское сельское поселение','тер.',4),(2780,1269,NULL,'Нея','г.',4),(2781,622,'452409','Красновосходский','с/с',4),(2782,89,NULL,'Самара','г.',4),(2783,1138,'663592','Вознесенский','с/с',4),(2784,258,'452638','Мичуринский','с/с',4),(2785,1121,'307475','Марковский','с/с',4),(2786,6,NULL,'Белгород','г.',4),(2787,17,NULL,'Канаш','г.',4),(2788,615,'663495','Проспихинский','с/с',4),(2789,227,'187404','Волхов Мурманские ворота','массив',4),(2790,529,'453413','Шестаевский','с/с',4),(2791,400,'307015','Пашковский','с/с',4),(2792,425,'612245','Никулятское','с/п',4),(2793,721,NULL,'Макарьев','г.',4),(2794,199,'442282','Администрация Кутеевского сельсовета Белинского','с/с',4),(2795,396,'663971','Двуреченский','с/с',4),(2796,600,'442141','Администрация Новопятинского сельсовета Нижнеломовского района Пензенской области','с/с',4),(2797,401,NULL,'Бугульма','г.',4),(2798,49,NULL,'Кизилюрт','г.',4),(2799,227,'187450','Новая Ладога','г.',4),(2800,249,'442600','Администрация Беднодемьяновского сельсовета Спасского района Пензенской области','с/с',4),(2801,1073,'453695','Ямансазский','с/с',4),(2802,1007,'307364','Козинский','с/с',4),(2803,1027,'612207','Грековское','с/п',4),(2804,795,'453564','Зуяковский','с/с',4),(2805,1803,'452812','Рабакский','с/с',4),(2806,60,NULL,'Балаково','г.',4),(2807,1065,'427707','Крымско-Слудское','с/п',4),(2808,86,NULL,'Колпино','г.',4),(2809,1065,'427701','Балдеевское','с/п',4),(2810,8,NULL,'Арсеньев','г.',4),(2811,258,'452634','Акбарисовский','с/с',4),(2812,48,NULL,'Мичуринск','г.',4),(2813,199,'442271','Администрация Студенского сельсовета Белинского района Пензенской области','с/с',4),(2814,583,'307610','Машкинский','с/с',4),(2815,1563,'188640','пл Сады Массив Дунай массив','дп',4),(2816,932,'623530','Богданович','г.',4),(2817,1109,'453003','Бузовьязовский','с/с',4),(2818,1007,'307340','Ивановский','с/с',4),(2819,383,'452672','Килеевский','с/с',4),(2820,76,NULL,'Гусь-Хрустальный','г.',4),(2821,459,NULL,'Солнечногорск','г.',4),(2822,800,NULL,'Новомосковск','г.',4),(2823,1076,'613200','Быдановское','с/п',4),(2824,76,'600910','Радужный','г.',4),(2825,690,'601570','МО город Курлово','тер.',4),(2826,1364,'452949','Старомуштинский','с/с',4),(2827,1781,'442170','Администрация Вадинского сельсовета Вадинского района Пензенской области','с/с',4),(2828,1400,'452860','Калтасинский','с/с',4),(2829,723,'453615','Кирдасовский','с/с',4),(2830,528,'453224','Иткуловский','с/с',4),(2831,881,'243171','Лотаковское сельское поселение','тер.',4),(2832,722,'612316','Потняковское','с/п',4),(2833,1283,'427005','Каменское','с/п',4),(2834,966,'186810','Питкяранта','г.',4),(2835,495,'243121','Рожновское сельское поселение','тер.',4),(2836,89,NULL,'Чапаевск','г.',4),(2837,937,'306220','Бобрышевский','с/с',4),(2838,671,'427250','Нылгинское','с/п',4),(2839,227,'187406','Волхов ул.Лесопарковая 1','массив',4),(2840,430,NULL,'Пласт','г.',4),(2841,1029,'243535','Дубровское сельское поселение','тер.',4),(2842,1429,'242225','Семячковское сельское поселение','тер.',4),(2843,735,'427693','Пышкетское','с/п',4),(2844,49,NULL,'Махачкала','г.',4),(2845,1013,'171524','Маловасилевское','с/п',4),(2846,601,'612192','Сорвижское','с/п',4),(2847,1007,'307361','Студенокский','с/с',4),(2848,1042,'663430','Богучанский','с/с',4),(2849,218,NULL,'Богучар','г.',4),(2850,818,'613118','Шиховское','с/п',4),(2851,945,'243240','Стародуб','г.',4),(2852,615,'663478','Заледеевский','с/с',4),(2853,734,'442644','Администрация Большекирдяшевского сельсовета Наровчатского района Пензенской области','с/с',4),(2854,839,'612628','Александровское','с/п',4),(2855,1344,'457670','Верхнеуральск','г.',4),(2856,69,'655750','Абаза','г.',4),(2857,89,NULL,'Тольятти','г.',4),(2858,23,NULL,'Горно-Алтайск','г.',4),(2859,547,'427383','Гуринское','с/п',4),(2860,383,'452667','Казанчинский','с/с',4),(2861,51,NULL,'Сарапул','г.',4),(2862,234,'306013','Верхнесмородинский','с/с',4),(2863,409,'613313','Косинское','с/п',4),(2864,51,NULL,'Глазов','г.',4),(2865,1315,'307032','Панинский','с/с',4),(2866,779,'652900','Мундыбаш','пгт',4),(2867,985,'442772','Полеологовский','с/с',4),(2868,501,'663914','Новопятницкий','с/с',4),(2869,1014,NULL,'Холм','г.',4),(2870,1567,'668210','Шагонар','г.',4),(2871,280,'243237','Осколковское сельское поселение','тер.',4),(2872,227,'187406','Волхов ул.Металлургов 20','массив',4),(2873,472,'663062','Таловский','с/с',4),(2874,210,'602100','МО город Меленки','тер.',4),(2875,295,NULL,'Унеча','г.',4),(2876,671,'427243','Кыйлудское','с/п',4),(2877,14,NULL,'Сочи','г.',4),(2878,839,'612641','Биртяевское','с/п',4),(2879,1056,'663411','Рыбинский','с/с',4),(2880,1356,'307163','Городновский','с/с',4),(2881,1124,'306623','Мансуровский','с/с',4),(2882,972,'442030','Администрация Морсовского сельсовета Земетчинского района Пензенской области','с/с',4),(2883,380,NULL,'Духанинский','с/о',4),(2884,377,'427641','Гулековское','с/п',4),(2885,383,'452660','Дияшевский','с/с',4),(2886,2,'452695','Амзинский','с/с',4),(2887,1337,'452781','Серафимовский','с/с',4),(2888,529,'453402','Курманкеевский','с/с',4),(2889,375,'241524','Мичуринское сельское поселение','тер.',4),(2890,1065,'427703','Старокармыжское','с/п',4),(2891,896,'427820','Постольское','с/п',4),(2892,377,'427646','Куреговское','с/п',4),(2893,1325,'243445','Витовское сельское поселение','тер.',4),(2894,622,'452420','Кудеевский','с/с',4),(2895,901,'249950','Медынь','г.',4),(2896,723,'453624','Давлетовский','с/с',4),(2897,601,'612184','Верхотульское','с/п',4),(2898,982,'442671','Маисский сельсовет','с/с',4),(2899,227,'187420','Сясьстрой','г.',4),(2900,1065,'427722','Короленковское','с/п',4),(2901,500,'453456','Иликовский','с/с',4),(2902,321,'243047','Хороменское сельское поселение','тер.',4),(2903,559,'356805','Буденновск-5','тер.',4),(2904,1121,'307473','Коровяковский','с/с',4),(2905,1150,'453658','Яратовский','с/с',4),(2906,972,'442000','Администрация рабочего поселка Земетчино Земетчинского района Пензенской области','с/с',4),(2907,1308,'427742','Каменское','с/п',4),(2908,500,'453445','Покровский','с/с',4),(2909,549,'630556','Березовский','с/с',4),(2910,503,NULL,'Костерево','г.',4),(2911,241,'307841','Нижнегридинский','с/с',4),(2912,84,NULL,'Карабаш','г.',4),(2913,706,NULL,'Новая Игирма','рп',4),(2914,52,NULL,'Куйбышев','г.',4),(2915,1065,'427726','Муркозь-Омгинское','с/п',4),(2916,553,'427500','Бармашурское','с/п',4),(2917,500,'453441','Николаевский','с/с',4),(2918,818,'613110','Ленинское','с/п',4),(2919,11,NULL,'Подольск','г.',4),(2920,495,'243101','Смолевичское сельское поселение','тер.',4),(2921,539,'442582','Еремеевский сельсовет','с/с',4),(2922,1007,'307354','Ломакинский','с/с',4),(2923,1132,NULL,'Барыковское','с/п',4),(2924,1290,'618601','Чердынь','г.',4),(2925,258,'452633','Нуреевский','с/с',4),(2926,1033,'662626','Тигрицкий','с/с',4),(2927,448,'243570','Витемлянское сельское поселение','тер.',4),(2928,830,'662175','Ястребовский','с/с',4),(2929,1915,'452532','Озерский','с/с',4),(2930,375,'241542','Пальцовское сельское поселение','тер.',4),(2931,666,'612091','Кучелаповское','с/п',4),(2932,1325,'243415','Бакланское сельское поселение','тер.',4),(2933,1169,'613348','Лесниковское','с/п',4),(2934,294,'662134','Маталасский','с/с',4),(2935,38,NULL,'Янтарный','пгт',4),(2936,785,NULL,'Няндома','г.',4),(2937,258,'452643','Нижнезаитовский','с/с',4),(2938,945,'243240','Занковское сельское поселение','тер.',4),(2939,528,'453231','Васильевский','с/с',4),(2940,19,NULL,'Ленинск-Кузнецкий','г.',4),(2941,1292,NULL,'Зарайск','г.',4),(2942,1172,'601630','Балакирево','п.',4),(2943,1089,'613636','Великорецкое','с/п',4),(2944,1337,'452791','Сайрановский','с/с',4),(2945,227,'187401','Волхов ул.Ленинградская 27','массив',4),(2946,1807,'452117','Байдаковский','с/с',4),(2947,2025,'422370','Тетюши','г.',4),(2948,1514,NULL,'Кашира','г.',4),(2949,945,'243247','Каменское сельское поселение','тер.',4),(2950,383,'452664','Бузюровский','с/с',4),(2951,1356,'307155','Троицкий','с/с',4),(2952,529,'453417','Алгинский','с/с',4),(2953,898,'306506','Вышнеольховатский','с/с',4),(2954,398,'427770','Можгинское','с/п',4),(2955,1132,NULL,'Фарафоновское','с/п',4),(2956,898,'306520','Косоржанский','с/с',4),(2957,529,'453425','Имай-Кармалинский','с/с',4),(2958,382,'453037','Инзерский','с/с',4),(2959,409,'613333','Среднеивкинское','с/п',4),(2960,1800,'453287','Новиковский','с/с',4),(2961,734,'442642','Администрация Виляйского сельсовета Наровчатского района Пензенской области','с/с',4),(2962,8,NULL,'Дальнегорск','г.',4),(2963,694,'249000','Балабаново','г.',4),(2964,517,'427984','Кигбаевское','с/п',4),(2965,1013,'171547','Стоянцевское','с/п',4),(2966,325,NULL,'Кола','г.',4),(2967,1150,'453653','Зилаирский','с/с',4),(2968,379,'666130','Еланцы','пгт',4),(2969,582,'442050','Администрация Подгорнского сельсовета Башмаковского района Пензенской области','с/с',4),(2970,1065,'427705','Верхнебемыжское','с/п',4),(2971,823,'427847','Ермолаевское','с/п',4),(2972,1356,'307151','Кармановский','с/с',4),(2973,484,'612422','Сезеневское','с/п',4),(2974,1306,NULL,'Венев','г.',4),(2975,759,'162107','Кадников','г.',4),(2976,364,NULL,'Мамадыш','г.',4),(2977,735,'427691','Ежевское','с/п',4),(2978,425,'612253','Знаменское','с/п',4),(2979,396,'663957','Успенский','с/с',4),(2980,442,'453720','Сафаровский','с/с',4),(2981,1012,'427886','Техникумовское','с/п',4),(2982,1921,'453119','Бельский','с/с',4),(2983,582,'442054','Администрация Соломенского сельсовета Башмаковского района Пензенской области','с/с',4),(2984,1924,'453079','Зареченский','с/с',4),(2985,5,NULL,'Надым','г.',4),(2986,1013,NULL,'Центральное','с/п',4),(2987,1563,'188640','34 км Приозерского шоссе','тер.',4),(2988,21,NULL,'Ангарск','г.',4),(2989,1109,'453019','Сахаевский','с/с',4),(2990,72,NULL,'Нижний Новгород','г.',4),(2991,84,NULL,'Кыштым','г.',4),(2992,666,'612086','Шалеговское','с/п',4),(2993,216,'679100','Облучье','г.',4),(2994,1283,'427016','Люкское','с/п',4),(2995,1107,'442924','Администрация Мачинского сельсовета Тамалинского района Пензенской области','с/с',4),(2996,228,'617060','Краснокамск','г.',4),(2997,896,'427820','Яганское','с/п',4),(2998,600,'442135','Администрация Атмисского сельсовета Нижнеломовского района Пензенской области','с/с',4),(2999,1325,'243421','Гущинское сельское поселение','тер.',4),(3000,46,NULL,'Оленегорск','г.',4),(3001,582,'442082','Администрация Починковского сельсовета Башмаковского района Пензенской области','с/с',4),(3002,539,'442576','Шугуровский сельсовет','с/с',4),(3003,56,NULL,'Малгобек','г.',4),(3004,1257,NULL,'Великий Устюг','г.',4),(3005,787,'613466','Шварихинское','с/п',4),(3006,1405,'442880','администрация Песчанского сельсовета Сердобского района Пензенской области','с/с',4),(3007,529,'453426','Раевский','с/с',4),(3008,28,NULL,'Ухта','г.',4),(3009,1123,'686314','Сусуман','г.',4),(3010,1223,NULL,'Старобисловское','с/п',4),(3011,1405,'442882','Администрация Сазанского сельсовета Сердобского района Пензенской области','с/с',4),(3012,11,NULL,'Реутов','г.',4),(3013,190,'612927','Калининское','с/п',4),(3014,321,'243063','Сытобудское сельское поселение','тер.',4),(3015,1563,'188640','Борисова Грива','массив',4),(3016,1381,'243369','Сосновское сельское поселение','тер.',4),(3017,1169,'613367','Родыгинское','с/п',4),(3018,723,'453622','Таштимеровский','с/с',4),(3019,1254,'182200','Новосокольники','г.',4),(3020,753,'450516','Красноярский','с/с',4),(3021,1073,'453691','Сабыровский','с/с',4),(3022,1343,'442119','Администрация Шейнского сельсовета Пачелмского района Пензенской области','с/с',4),(3023,190,'612947','Ральниковское','с/п',4),(3024,483,'307923','Долгобудский','с/с',4),(3025,58,'366310','Аргун','г.',4),(3026,225,'452443','Байгильдинский','с/с',4),(3027,1260,'442408','Администрация Краснопольского сельсовета Пензенского района Пензенской области','с/с',4),(3028,459,'141502','Солнечногорск-2','г.',4),(3029,448,'243561','Борщовское сельское поселение','тер.',4),(3030,472,'663066','Юксеевский','с/с',4),(3031,8,NULL,'Спасск-Дальний','г.',4),(3032,1150,'453661','Тубинский','с/с',4),(3033,664,'453821','Бурибаевский','с/с',4),(3034,447,'352800','Туапсе','г.',4),(3035,1325,'243429','Московское сельское поселение','тер.',4),(3036,1089,'613635','Гирсовское','с/п',4),(3037,532,NULL,'Зубцов','г.',4),(3038,1260,'440513','Засеченский сельсовет Пензенского района Пензенской области','с/с',4),(3039,1042,'663460','Октябрьский','с/с',4),(3040,35,NULL,'Кедровый','г.',4),(3041,1204,'427274','Узинское','с/п',4),(3042,879,'612390','Сметанинское','с/п',4),(3043,1109,'453006','Бекетовский','с/с',4),(3044,485,'427305','Какможское','с/п',4),(3045,62,NULL,'Норильск','г.',4),(3046,1563,'188640','Сарженка','массив',4),(3047,809,'671950','Закаменск','г.',4),(3048,1563,'188640','Ройка','массив',4),(3049,733,'663635','Мокрушинский','с/с',4),(3050,601,'612182','Шембетское','с/п',4),(3051,500,'453457','Изяковский','с/с',4),(3052,1356,'307153','Рышковский','с/с',4),(3053,35,NULL,'Томск','г.',4),(3054,985,'442760','Вазерский','с/с',4),(3055,280,'243233','Соколовское сельское поселение','тер.',4),(3056,317,'663812','Южно-Александровский','с/с',4),(3057,1124,'306600','Михайлоанненский','с/с',4),(3058,11,NULL,'Рошаль','г.',4),(3059,225,'452446','Сарвинский','с/с',4),(3060,434,'633291','Спиринский','с/с',4),(3061,442,'453741','Уразовский','с/с',4),(3062,1807,'452107','Чуракаевский','с/с',4),(3063,1996,NULL,'Кирово-Чепецк','г.',4),(3064,915,'662112','Бычковский','с/с',4),(3065,149,'607675','Безводнинский','с/с',4),(3066,967,NULL,'Ростов','г.',4),(3067,46,'184372','Видяево','рп',4),(3068,1343,'442114','Администрация Чкаловского сельсовета Пачелмского района Пензенской области','с/с',4),(3069,1676,'187310','ст Жихарево','массив',4),(3070,484,'612400','Мухинское','с/п',4),(3071,258,'452630','Дмитриево-Полянский','с/с',4),(3072,870,'442700','Булычевский','с/с',4),(3073,795,'453520','Азикеевский','с/с',4),(3074,46,'184532','Оленегорск-2','г.',4),(3075,1798,'453396','Кужанакский','с/с',4),(3076,1996,'613010','Поломское','с/п',4),(3077,424,'694240','Поронайск','г.',4),(3078,466,'306055','Тазовский','с/с',4),(3079,11,NULL,'Красноармейск','г.',4),(3080,17,NULL,'Алатырь','г.',4),(3081,1716,NULL,'Гдов','г.',4),(3082,414,NULL,'Цимлянск','г.',4),(3083,199,'442250','МЦУ Администрация города Белинского','с/с',4),(3084,2034,NULL,'Кяхта','г.',4),(3085,280,'243229','Беловодское сельское поселение','тер.',4),(3086,1284,'613523','Лажское','с/п',4),(3087,483,'307910','Беловский','с/с',4),(3088,1405,'442872','Администрация Секретарского сельсовета Сердобского района Пензенской области','с/с',4),(3089,504,'353320','Абинск','г.',4),(3090,671,'427233','Чеканское','с/п',4),(3091,1563,NULL,'38 км Выборгского шоссе Юкки','массив',4),(3092,1260,'440505','Мичуринский','с/с',4),(3093,1516,'612820','Камское','с/п',4),(3094,841,'243610','Спиридоновобудское сельское поселение','тер.',4),(3095,898,'306519','Никольский','с/с',4),(3096,666,'612084','Пустошинское','с/п',4),(3097,881,'243151','Перелазское сельское поселение','тер.',4),(3098,500,'453446','Бедеево-Полянский','с/с',4),(3099,1365,'346130','Миллерово','г.',4),(3100,549,'630040','Мочищенский','с/с',4),(3101,1806,'242670','Бытошское городское поселение','тер.',4),(3102,556,NULL,'Нарткала','г.',4),(3103,383,'452657','Михайловский','с/с',4),(3104,559,'356808','Буденновск-8','тер.',4),(3105,1337,'452774','Субханкуловский','с/с',4),(3106,1121,'307474','Алексеевский','с/с',4),(3107,1916,'452553','Азикеевский','с/с',4),(3108,148,'442483','Алеевский сельсовет Неверкинского района Пензенской области','с/с',4),(3109,958,NULL,'Раменское','г.',4),(3110,900,'442227','Администрация Федоровского сельсовета Каменского района Пензенской области','с/с',4),(3111,1356,'307145','Линецкий','с/с',4),(3112,225,'452440','Красногорский','с/с',4),(3113,1283,'427008','Совхозное','с/п',4),(3114,879,'612396','Люмпанурское','с/п',4),(3115,615,'663479','Имбинский','с/с',4),(3116,289,'427414','Кукуевское','с/п',4),(3117,734,'442643','Администрация Болшеколоярского сельсовета Наровчатского района Пензенской области','с/с',4),(3118,289,'427423','Первомайское','с/п',4),(3119,36,NULL,'Орск','г.',4),(3120,1921,'453156','Покровский','с/с',4),(3121,495,'243113','Великотопальское сельское поселение','тер.',4),(3122,723,'453623','Янгильский','с/с',4),(3123,398,'427771','Кватчинское','с/п',4),(3124,89,NULL,'Похвистнево','г.',4),(3125,1073,'453690','Васильевский','с/с',4),(3126,800,'301840','Сокольники','г.',4),(3127,900,'442280','Администрация Лермонтовского сельсовета Белинского района Пензенской области','с/с',4),(3128,841,'243600','Злынка','г.',4),(3129,1586,NULL,'Оса','г.',4),(3130,500,'453443','Богородский','с/с',4),(3131,62,'663340','Кайеркан','г.',4),(3132,1042,'663453','Белякинский','с/с',4),(3133,547,'427376','Гуртлудское','с/п',4),(3134,351,'612956','Ершовское','с/п',4),(3135,1121,'307455','Кобыльский','с/с',4),(3136,1150,'453671','Бекешевский','с/с',4),(3137,64,'425350','Козьмодемьянск','г.',4),(3138,569,'613395','Безводнинское','с/п',4),(3139,2007,'663653','Тальский','с/с',4),(3140,280,'243235','Шумаровское сельское поселение','тер.',4),(3141,448,'243560','Городищенское сельское поселение','тер.',4),(3142,1109,'453023','Ефремкинский','с/с',4),(3143,707,NULL,'Новопавловск','г.',4),(3144,896,'427827','Старомоньинское','с/п',4),(3145,87,NULL,'Воронеж','г.',4),(3146,11,NULL,'Орехово-Зуево','г.',4),(3147,249,'442613','Администрация Зубовского сельсовета Спасского района Пензенской области','с/с',4),(3148,1169,'613375','Кичминское','с/п',4),(3149,1274,'427910','Пинязьское','с/п',4),(3150,517,'427984','Соколовское','с/п',4),(3151,379,'666137','Хужир','рп',4),(3152,1382,'427075','Заречно-Вишурское','с/п',4),(3153,1923,'453494','Наумкинский','с/с',4),(3154,46,'184534','Оленегорск-4','г.',4),(3155,779,'652920','Темиртау','пгт',4),(3156,1354,'242165','Невдольское сельское поселение','тер.',4),(3157,351,NULL,'Сосновка','г.',4),(3158,383,'452661','Камышлытамакский','с/с',4),(3159,1308,'427745','Верхнеигринское','с/п',4),(3160,1150,'453678','Тавлыкаевский','с/с',4),(3161,41,NULL,'Зеленоград','г.',4),(3162,1783,'452198','Семено-Макаровский','с/с',4),(3163,944,'307570','Сальновский','с/с',4),(3164,881,'243179','Любовшанское сельское поселение','тер.',4),(3165,850,NULL,'Асино','г.',4),(3166,11,NULL,'Фрязино','г.',4),(3167,870,'442701','Знаменско-Пестровский сельсовет Иссинского района Пензенской области','с/с',4),(3168,1739,NULL,'Сергиев Посад','г.',4),(3169,723,'453613','Кусимовский','с/с',4),(3170,383,'452662','Мустафинский','с/с',4),(3171,394,'663751','Туровский','с/с',4),(3172,898,'306513','Защитенский','с/с',4),(3173,1007,'307331','Никольниковский','с/с',4),(3174,900,'442203','Администрация Кобылкинского сельсовета Каменского','с/с',4),(3175,827,'612548','Сардыкское','с/п',4),(3176,1932,NULL,'Киров','г.',4),(3177,734,'442632','Администрация Плесковского сельсовета Наровчатского района Пензенской области','с/с',4),(3178,1325,'243407','Доманичское сельское поселение','тер.',4),(3179,812,'307823','Плеховский','с/с',4),(3180,491,NULL,'Ярцево','г.',4),(3181,984,NULL,'Ардатов','г.',4),(3182,1098,'307422','Шептуховский','с/с',4),(3183,88,NULL,'Каменск-Шахтинский','г.',4),(3184,1035,NULL,'Сольвычегодск','г.',4),(3185,434,'633270','Верх-Ирменский','с/с',4),(3186,982,'442686','Карамальский сельсовет','с/с',4),(3187,26,NULL,'Екатеринбург','г.',4),(3188,735,'427692','Шамардановское','с/п',4),(3189,9,NULL,'Костомукша','г.',4),(3190,1029,'243515','Кулажское сельское поселение','тер.',4),(3191,664,'453806','Целинный','с/с',4),(3192,330,NULL,'Юрьевец','г.',4),(3193,1405,'442864','Администрация Рощинского сельсовета Сердобского района Пензенской области','с/с',4),(3194,830,'662171','Причулымский','с/с',4),(3195,1048,'663540','Партизанский','с/с',4),(3196,1337,'452793','Бишкураевский','с/с',4),(3197,268,NULL,'Андреаполь','г.',4),(3198,565,'186150','Пудож','г.',4),(3199,482,NULL,'Уржум','г.',4),(3200,2035,'172840','Торопец','г.',4),(3201,257,'453584','Старомунасиповский','с/с',4),(3202,1017,'442448','Стародемкинский сельсовет Шемышейского района Пензенской области','с/с',4),(3203,749,'612162','Верховонданское','с/п',4),(3204,795,'453560','Инзерский','с/с',4),(3205,400,'305501','Бесединский','с/с',4),(3206,1405,'442866','администация Сокольского сельсовета Сердобского района Пензенской области','с/с',4),(3207,818,'613130','Шестаковское','с/п',4),(3208,258,'452630','Шаранский','с/с',4),(3209,178,'307217','Никольский','с/с',4),(3210,1367,'186730','Лахденпохья','г.',4),(3211,1022,'243667','Уношевское сельское поселение','тер.',4),(3212,529,'453412','Кидрячевский','с/с',4),(3213,1175,'663854','Александровский','с/с',4),(3214,1414,'188460','Заполье','массив',4),(3215,60,'413102','Энгельс-2','г.',4),(3216,346,'442944','Администрация Мошковского сельсовета Бековского района Пензенской области','с/с',4),(3217,747,'613936','Утмановское','с/п',4),(3218,65,NULL,'Чита','г.',4),(3219,21,NULL,'Тайшет','г.',4),(3220,477,'452891','Уршадинский','с/с',4),(3221,1138,'663580','Тугачинский','с/с',4),(3222,257,'453592','Кулганинский','с/с',4),(3223,1234,'662080','Критовский','с/с',4),(3224,19,NULL,'Кемерово','г.',4),(3225,622,'452415','Балтийский','с/с',4),(3226,610,'427520','Андрейшурское','с/п',4),(3227,11,NULL,'Серпухов','г.',4),(3228,280,'243225','Ветлевское сельское поселение','тер.',4),(3229,78,NULL,'Ржев','г.',4),(3230,234,'306010','Возовский','с/с',4),(3231,1325,'243426','Польниковское сельское поселение','тер.',4),(3232,208,'663711','Курайский','с/с',4),(3233,353,'307063','Барковский','с/с',4),(3234,400,'305512','Камышинский','с/с',4),(3235,1205,'238420','Багратионовск','г.',4),(3236,472,'663063','Раздольненский','с/с',4),(3237,1323,'356000','Новоалександровск','г.',4),(3238,4,NULL,'Ессентуки','г.',4),(3239,1132,NULL,'Шепелевское','с/п',4),(3240,1921,'453155','Талалаевский','с/с',4),(3241,1806,'242640','Старское городское поселение','тер.',4),(3242,787,'613447','Красноярское','с/п',4),(3243,148,'442493','Бикмурзинский сельсовет Неверкинского района Пензенской области','с/с',4),(3244,1563,NULL,'Бернгардовка','массив',4),(3245,484,'612423','Чепецкое','с/п',4),(3246,671,'427231','Мушковайское','с/п',4),(3247,1563,NULL,'Сертолово','г.',4),(3248,190,'612944','Старотушкинское','с/п',4),(3249,610,'427530','Эркешевское','с/п',4),(3250,1381,'243365','Кокинское сельское поселение','тер.',4),(3251,1399,NULL,'Топки','г.',4),(3252,1315,'307044','Любачанский','с/с',4),(3253,1337,'452775','Старотуймазинский','с/с',4),(3254,582,'442041','Администрация Липовского сельсовета Башмаковского района Пензенской области','с/с',4),(3255,719,'663046','Подсопочный','с/с',4),(3256,51,NULL,'Ижевск','г.',4),(3257,190,'612935','Мари-Малмыжское','с/п',4),(3258,552,NULL,'Морачевское сельское поселение','тер.',4),(3259,1260,'440502','Алферьвский','с/с',4),(3260,60,NULL,'Красноармейск','г.',4),(3261,28,NULL,'Вуктыл','г.',4),(3262,1426,NULL,'Юрты','рп',4),(3263,190,'612913','Константиновское','с/п',4),(3264,503,'601144','МО город Петушки','тер.',4),(3265,1563,'188640','Северная Самарка','массив',4),(3266,434,'633270','Новошарапский','с/с',4),(3267,879,'612380','Городищенское','с/п',4),(3268,706,NULL,'Железногорск-Илимский','г.',4),(3269,312,'175042','Сольцы 2','г.',4),(3270,1563,'188640','в районе деревни Янино','массив',4),(3271,1874,'143330','Верея','г.',4),(3272,559,'356802','Буденновск-2','тер.',4),(3273,383,'452654','Старокуручевский','с/с',4),(3274,1169,'613363','Мокинское','с/п',4),(3275,1274,'427910','Вятское','с/п',4),(3276,1337,'452784','Нижнетроицкий','с/с',4),(3277,1185,'613973','Папуловское','с/п',4),(3278,21,NULL,'Иркутск','г.',4),(3279,816,'422430','Буинск','г.',4),(3280,972,'442015','Администрация Пролетарского сельсовета Земетчинского района Пензенской области','с/с',4),(3281,591,'238510','Приморск','г.',4),(3282,610,'427532','Люкское','с/п',4),(3283,289,'427429','Гавриловское','с/п',4),(3284,1508,'303500','Новосиль','г.',4),(3285,1287,'663774','Суховский','с/с',4),(3286,812,'307835','Малолокнянский','с/с',4),(3287,1337,'452773','Татар-Улкановский','с/с',4),(3288,529,'453424','Кадыргуловский','с/с',4),(3289,1819,'452208','Аблаевский','с/с',4),(3290,935,'361202','Терек','г.',4),(3291,600,'442130','Администрация Верхнеломовского сельсовета Нижнеломовского района Пензенской области','с/с',4),(3292,1676,'187340','Беляевский мох','массив',4),(3293,1470,NULL,'Руза','г.',4),(3294,1274,'427910','Ныргындинское','с/п',4),(3295,2007,'663664','Верхнеуринский','с/с',4),(3296,60,NULL,'Балашов','г.',4),(3297,17,NULL,'Шумерля','г.',4),(3298,1283,'427007','Первомайское','с/п',4),(3299,382,'453037','Краснокуртовский','с/с',4),(3300,2007,'663663','Усть-Каначульский','с/с',4),(3301,1260,'440516','Саловский сельсовет Пензенского района Пензенской области','с/с',4),(3302,227,'187406','Волхов ул.Восточная 1','массив',4),(3303,1674,'141840','Яхрома','г.',4),(3304,89,NULL,'Новокуйбышевск','г.',4),(3305,1322,NULL,'Павловский Посад','г.',4),(3306,351,'612973','Новобурецкое','с/п',4),(3307,503,'601125','МО поселок Вольгинский','тер.',4),(3308,923,NULL,'Шуя','г.',4),(3309,1400,'452868','Тюльдинский','с/с',4),(3310,1121,'307362','Кульбакинский','с/с',4),(3311,1048,'663546','Стойбинский','с/с',4),(3312,382,'453033','Краснозилимский','с/с',4),(3313,276,'306265','Бабинский','с/с',4),(3314,46,NULL,'Мурманск','г.',4),(3315,460,NULL,'Углич','г.',4),(3316,611,'141421','Сходня','г.',4),(3317,19,NULL,'Новокузнецк','г.',4),(3318,1283,'427004','Бабинское','с/п',4),(3319,1429,'242220','Трубчевск','г.',4),(3320,823,'427847','Карамас-Пельгинское','с/п',4),(3321,1563,'188640','Углово','массив',4),(3322,442,'453734','Имангуловский','с/с',4),(3323,1042,'663441','Пинчугский','с/с',4),(3324,753,'450901','Новочеркасский','с/с',4),(3325,615,'663481','Пановский','с/с',4),(3326,69,NULL,'Абакан','г.',4),(3327,66,NULL,'Амурск','г.',4),(3328,1372,NULL,'Пушкино','г.',4),(3329,434,'633261','Вагайцевский','с/с',4),(3330,858,'307732','Иванчиковский','с/с',4),(3331,615,'663497','Ирбинский','с/с',4),(3332,306,'243003','Тростанское сельское поселение','тер.',4),(3333,769,'442830','Администрация Названовского сельсовета Колышлейского района Пензенской области','с/с',4),(3334,489,NULL,'Камызяк','г.',4),(3335,1343,'442127','Администрация Решетинского сельсовета Пачелмского района Пензенской области','с/с',4),(3336,257,'453586','Галиакберовский','с/с',4),(3337,1065,'427720','Саркузское','с/п',4),(3338,1048,'663542','Богуславский','с/с',4),(3339,1069,'307107','Миленинский','с/с',4),(3340,915,'662117','Березовский','с/с',4),(3341,1563,'188654','Березовая роща','массив',4),(3342,396,'663972','Переясловский','с/с',4),(3343,1175,'663850','Верхнеингашский','с/с',4),(3344,818,'613112','Стуловское','с/п',4),(3345,257,'453580','Байгазинский','с/с',4),(3346,13,NULL,'Петропавловск-Камчатский','г.',4),(3347,1356,'307141','Нижнеждановский','с/с',4),(3348,1676,'187300','Славянка-2','массив',4),(3349,472,'663077','Бартатский','с/с',4),(3350,442,'453714','Тунгатаровский','с/с',4),(3351,351,'612954','Среднешунское','с/п',4),(3352,442,'453740','Кунакбаевский','с/с',4),(3353,1224,'442501','Посельский сельсовет Кузнецкого района Пензенской области','с/с',4),(3354,1048,'663543','Иннокентьевский','с/с',4),(3355,1996,'613008','Пасеговское','с/п',4),(3356,466,'306020','Донской','с/с',4),(3357,257,'453580','Старосубхангуловский','с/с',4),(3358,65,'672901','Горный-1','пгт',4),(3359,680,NULL,'Навашино','г.',4),(3360,383,'452666','Новоурсаевский','с/с',4),(3361,906,NULL,'Поворино','г.',4),(3362,915,'662110','Большеулуйский','с/с',4),(3363,931,'429570','Мариинский Посад','г.',4),(3364,553,'427515','Казаковское','с/п',4),(3365,753,'450514','Шемякский','с/с',4),(3366,1073,'453684','Юлдыбаевский','с/с',4),(3367,706,NULL,'Радищев','рп',4),(3368,1987,NULL,'Старая Русса','г.',4),(3369,2020,'694020','Корсаков','г.',4),(3370,1498,NULL,'Чехов','г.',4),(3371,1080,'152470','Любим','г.',4),(3372,459,'141507','Солнечногорск-7','г.',4),(3373,818,'613121','Светозаревское','с/п',4),(3374,392,'306137','Зуевский','с/с',4),(3375,827,'612549','Канахинское','с/п',4),(3376,89,NULL,'Октябрьск','г.',4),(3377,610,'427543','Киршонское','с/п',4),(3378,234,'306001','1-й Поныровский','с/с',4),(3379,28,NULL,'Сыктывкар','г.',4),(3380,671,'427259','Чистостемское','с/п',4),(3381,298,'427980','Камское','с/п',4),(3382,258,'452644','Писаревский','с/с',4),(3383,398,'427750','Люгинское','с/п',4),(3384,1076,'613200','Белая Холуница','г.',4),(3385,32,NULL,'Смоленск','г.',4),(3386,409,'613331','Сырдинское','с/п',4),(3387,187,'164750','Мезень','г.',4),(3388,58,NULL,'Грозный','г.',4),(3389,559,'356806','Буденновск-6','тер.',4),(3390,477,'452880','Бурминский','с/с',4),(3391,42,NULL,'Лысьва','г.',4),(3392,954,'442453','Большеумысский сельсовет Камешкирского района Пензенской области','с/с',4),(3393,1173,'249910','Юхнов','г.',4),(3394,1356,'307147','Поселок Магнитный','с/с',4),(3395,1215,'612737','Чернохолуницкое','с/п',4),(3396,1804,'452964','Шукшановский','с/с',4),(3397,719,'663050','Миндерлинский','с/с',4),(3398,1117,'613592','Рыбно-Ватажское','с/п',4),(3399,289,'427411','Кварсинское','с/п',4),(3400,747,'613910','Пушемское','с/п',4),(3401,622,'452416','Кальтовский','с/с',4),(3402,280,'243211','Высокское сельское поселение','тер.',4),(3403,1283,'427012','Подшиваловское','с/п',4),(3404,28,NULL,'Печора','г.',4),(3405,1224,'442502','Никольский сельсовет Кузнецкого района Пензенской области','с/с',4),(3406,795,'453506','Железнодорожный','с/с',4),(3407,199,'442280','Администрация Лермонтовского сельсовета Белинского района Пензенской области','с/с',4),(3408,592,'412210','Аркадак','г.',4),(3409,539,'442595','Пичилейский сельсовет','с/с',4),(3410,1516,'612820','Созимское','с/п',4),(3411,1563,'188640','Дунай','массив',4),(3412,483,'307920','Корочанский','с/с',4),(3413,258,'452632','Базгиевский','с/с',4),(3414,190,NULL,'Малмыж','г.',4),(3415,1343,'442110','Администрация Титовского сельсовета Пачелмского района Пензенской области','с/с',4),(3416,600,'442147','Администрация Виргинского сельсовета Нижнеломовского района Пензенской области','с/с',4),(3417,199,'442250','Белинский','г.',4),(3418,317,'663813','Новониколаевский','с/с',4),(3419,483,'307921','Коммунаровский','с/с',4),(3420,21,NULL,'Черемхово','г.',4),(3421,1065,'427709','Безменшурское','с/п',4),(3422,1995,NULL,'Калининск','г.',4),(3423,295,'243333','Березинское сельское поселение','тер.',4),(3424,485,'427313','Большеволковское','с/п',4),(3425,1117,'613576','Бурашевское','с/п',4),(3426,1150,'453656','Татлыбаевский','с/с',4),(3427,346,'442930','Администрация Вертуновского сельсовета Бековского района Пензенской области','с/с',4),(3428,1175,'663821','Соколовский','с/с',4),(3429,1073,'453692','Верхнегалеевский','с/с',4),(3430,46,'184310','Заозерск','г.',4),(3431,148,'442480','Бикмосеевский сельсовет Неверкинского района Пензенской области','с/с',4),(3432,1069,'307124','Молотычевский','с/с',4),(3433,362,'612022','Высокораменское','с/п',4),(3434,398,'427762','Верхнеюринское','с/п',4),(3435,29,NULL,'Элиста','г.',4),(3436,411,NULL,'Кимовск','г.',4),(3437,199,'442250','Администрация Камынинского сельсовета Белинского района Пензенской области','с/с',4),(3438,1033,'662638','Маломинусинский','с/с',4),(3439,332,'309372','Грайворон','г.',4),(3440,1033,'662632','Кавказский','с/с',4),(3441,295,'243310','Старогутнянское сельское поселение','тер.',4),(3442,86,NULL,'Пушкин','г.',4),(3443,442,'453744','Миндякский','с/с',4),(3444,1044,'238151','Черняховск','г.',4),(3445,1074,'187026','Никольское','г.',4),(3446,1260,'440521','Золотаревский сельсовет Пензенского района Пензенской области','с/с',4),(3447,729,'659439','Сухая Чемровка','с/с',4),(3448,900,'442235','Администрация Владыкинского сельсовета Каменского','с/с',4),(3449,823,'427847','Подгорновское','с/п',4),(3450,1354,'242170','Холмечское сельское поселение','тер.',4),(3451,517,'427984','Усть-Сарапульское','с/п',4),(3452,610,'427552','Кожильское','с/п',4),(3453,1806,'242650','Ивотское городское поселение','тер.',4),(3454,19,NULL,'Краснобродский','пгт',4),(3455,542,'613835','Заринское','с/п',4),(3456,664,'453811','Ивановский','с/с',4),(3457,602,NULL,'Карасук','г.',4),(3458,306,'243003','Замишевское сельское поселение','тер.',4),(3459,265,'238600','Славск','г.',4),(3460,362,'612030','Новотроицкое','с/п',4),(3461,2007,'663663','Усть-Ярульский','с/с',4),(3462,61,NULL,'Майкоп','г.',4),(3463,749,'612132','Лузянское','с/п',4),(3464,250,'249160','Белоусово','г.',4),(3465,921,'391030','Спас-Клепики','г.',4),(3466,1563,'188640','Дунай-Сады','массив',4),(3467,1996,'613012','Кстининское','с/п',4),(3468,569,'613391','Ахмановское','с/п',4),(3469,1676,'187300','Горы-3','массив',4),(3470,539,'442597','Маркинский сельсовет','с/с',4),(3471,753,'450582','Кармасанский','с/с',4),(3472,503,NULL,'Покров','г.',4),(3473,615,'663474','Яркинский','с/с',4),(3474,531,'142660','Дрезна','г.',4),(3475,19,NULL,'Тайга','г.',4),(3476,295,'243314','Высокское сельское поселение','тер.',4),(3477,1405,'442871','Администрация Мещерского сельсовета Сердобского района Пензенской области','с/с',4),(3478,1807,'452118','Крымский','с/с',4),(3479,539,'442584','Николо-Барнуковский сельсовет','с/с',4),(3480,1658,'652449','Зеленогорский','пгт',4),(3481,469,NULL,'Белореченск','г.',4),(3482,1356,'307164','Копенский','с/с',4),(3483,976,'662328','Холмогорский','с/с',4),(3484,1877,'452723','Урзайбашевский','с/с',4),(3485,383,'452663','Куштиряковский','с/с',4),(3486,1678,NULL,'Альметьевск','г.',4),(3487,1042,'663457','Таежинский','с/с',4),(3488,225,'452432','Павловский','с/с',4),(3489,1749,'140060','Октябрьский','рп',4),(3490,56,NULL,'Карабулак','г.',4),(3491,1033,'662637','Тесинский','с/с',4),(3492,517,'427984','Юринское','с/п',4),(3493,1109,'453026','Николаевский','с/с',4),(3494,542,'613840','Маромицкое','с/п',4),(3495,182,'307500','Поповкинский','с/с',4),(3496,1132,NULL,'Уницкое','с/п',4),(3497,85,NULL,'Камень-на-Оби','г.',4),(3498,676,NULL,'Баксан','г.',4),(3499,383,'452656','Гусевский','с/с',4),(3500,733,'663633','Верх-Амонашенский','с/с',4),(3501,795,'453521','Серменевский','с/с',4),(3502,392,'306133','Старолещинский','с/с',4),(3503,858,'307704','Вышнедеревенский','с/с',4),(3504,257,'453588','Киекбаевский','с/с',4),(3505,482,'613560','Русско-Турекское','с/п',4),(3506,517,'427984','Шевыряловское','с/п',4),(3507,1171,NULL,'Болотное','г.',4),(3508,1072,'628449','Лянтор','г.',4),(3509,1563,'188640','Хаппо-ое','массив',4),(3510,1013,NULL,'Устиновское','с/п',4),(3511,78,NULL,'Торжок','г.',4),(3512,1364,'452946','Куяновский','с/с',4),(3513,773,'238400','Правдинск','г.',4),(3514,858,'307734','Городенский','с/с',4),(3515,812,'307820','Замостянский','с/с',4),(3516,306,'243007','Старокривецкое сельское поселение','тер.',4),(3517,753,'450531','Алексеевский','с/с',4),(3518,1563,NULL,'26 км Приозерского шоссе','массив',4),(3519,375,'241560','Стекляннорадицкое сельское поселение','тер.',4),(3520,79,NULL,'Волжский','г.',4),(3521,1087,NULL,'Заводоуковск','г.',4),(3522,1813,'452313','Нижнеманчаровский','с/с',4),(3523,588,NULL,'Нерехта','г.',4),(3524,1033,'662629','Жерлыкский','с/с',4),(3525,52,NULL,'Искитим','г.',4),(3526,735,'427682','Засековское','с/п',4),(3527,1184,'238300','Гурьевск','г.',4),(3528,1364,'452942','Староянзигитовский','с/с',4),(3529,1669,NULL,'Светлогорск','г.',4),(3530,1072,'628449','Солнечный','с/п',4),(3531,85,NULL,'Яровое','г.',4),(3532,51,NULL,'Воткинск','г.',4),(3533,1516,'612820','Чусовское','с/п',4),(3534,841,'243616','Щербиничское сельское поселение','тер.',4),(3535,8,NULL,'Дальнереченск','г.',4),(3536,294,'662138','Малокетский','с/с',4),(3537,1081,'442329','Нижнеелюзанский сельсовет','с/с',4),(3538,9,NULL,'Петрозаводск','г.',4),(3539,1381,'243365','Скрябинское сельское поселение','тер.',4),(3540,434,'633281','Нижнекаменский','с/с',4),(3541,34,NULL,'Калуга','г.',4),(3542,529,'453418','Микяшевский','с/с',4),(3543,397,NULL,'Никольское','с/п',4),(3544,944,'307565','Сковородневский','с/с',4),(3545,1414,NULL,'Солка','массив',4),(3546,1056,'663420','Первомайский','с/с',4),(3547,1065,'427709','Старободьинское','с/п',4),(3548,1234,'662075','Вагинский','с/с',4),(3549,1676,'187322','Синявино','массив',4),(3550,715,NULL,'Мелехово','п.',4),(3551,528,'453222','Новоаптиковский','с/с',4),(3552,280,'243230','Новочешуйковское сельское поселение','тер.',4),(3553,1805,'452987','Кумьязинский','с/с',4),(3554,523,'442562','Козловский сельсовет Лопатинского района Пензенской области','с/с',4),(3555,735,'427696','Палагайское','с/п',4),(3556,671,'427246','Булайское','с/п',4),(3557,1563,'188640','Керро','массив',4),(3558,490,'617040','Чермоз','г.',4),(3559,1351,NULL,'Яя','пгт',4),(3560,1109,'453005','Старомусинский','с/с',4),(3561,1109,'453024','Камышлинский','с/с',4),(3562,1414,'188461','Порхово','массив',4),(3563,694,NULL,'Боровск','г.',4),(3564,294,'662135','Суриковский','с/с',4),(3565,1028,'442813','Администрация Старославкинского сельсовета Малосердобинского района Пензенской области','с/с',4),(3566,1356,'307144','Волковский','с/с',4),(3567,885,NULL,'Осташков','г.',4),(3568,610,'427545','Сергинское','с/п',4),(3569,1175,'663826','Павловский','с/с',4),(3570,1283,'427027','Вараксинское','с/п',4),(3571,615,'663475','Дворецкий','с/с',4),(3572,36,NULL,'Кувандык','г.',4),(3573,227,'187406','Волхов ул.Металлургов 17','массив',4),(3574,1563,'188640','Сады-Дунай','массив',4),(3575,33,NULL,'Белогорск','г.',4),(3576,2022,NULL,'Нефтекумск','г.',4),(3577,500,'453442','Удельно-Дуванейский','с/с',4),(3578,148,'442499','Октябрьский сельсовет Неверкинского района Пензенской области','с/с',4),(3579,1924,'453075','Архангельский','с/с',4),(3580,734,'442640','Администрация Большекавендровского сельсовета Наровчатского района Пензенской области','с/с',4),(3581,1073,'453694','Матраевский','с/с',4),(3582,1563,'188640','Мертуть','массив',4),(3583,178,'307214','Дьяконовский','с/с',4),(3584,1996,'613048','Чепецкое','с/п',4),(3585,582,'442067','Администрация Троицкого сельсовета Башмаковского района Пензенской области','с/с',4),(3586,396,'663913','Большеключинский','с/с',4),(3587,45,NULL,'Новодвинск','г.',4),(3588,583,'307631','Беляевский','с/с',4),(3589,353,'307071','Успенский','с/с',4),(3590,1260,'440511','Оленевский','с/с',4),(3591,1046,'446600','Нефтегорск','г.',4),(3592,182,'307500','Старогородский','с/с',4),(3593,539,'442593','Нижнемывальский сельсовет','с/с',4),(3594,1224,NULL,'Кузнецк','г.',4),(3595,484,'612430','Семушинское','с/п',4),(3596,392,'306114','Бунинский','с/с',4),(3597,522,'676014','Сковородино','г.',4),(3598,10,'689000','Анадырь','г.',4),(3599,288,'238210','Гвардейск','г.',4),(3600,42,NULL,'Кизел','г.',4),(3601,1287,'663791','Хандальский','с/с',4),(3602,1119,'155150','Комсомольск','г.',4),(3603,1803,'452822','Атлегачский','с/с',4),(3604,304,'161100','Кириллов','г.',4),(3605,596,'663024','Никольский','с/с',4),(3606,517,'427984','Дулесовское','с/п',4),(3607,380,NULL,'Деньковский','с/о',4),(3608,858,'307720','Селекционный','с/с',4),(3609,1644,'606400','Замятинская','с/а',4),(3610,442,'453721','Ильчинский','с/с',4),(3611,326,'612052','Круглыжское','с/п',4),(3612,523,'442558','Комсомольский сельсовет Лопатинского района Пензенской области','с/с',4),(3613,1150,'453666','Биляловский','с/с',4),(3614,549,'630000','Станционный','с/с',4),(3615,26,NULL,'Ивдель','г.',4),(3616,501,'663911','Восточный','с/с',4),(3617,1138,'663585','Унерский','с/с',4),(3618,1321,NULL,'Кувшиново','г.',4),(3619,294,'662125','Арефьевский','с/с',4),(3620,190,'612929','Большекитякское','с/п',4),(3621,500,'453447','Орловский','с/с',4),(3622,823,'427847','Первомайское','с/п',4),(3623,500,'453438','Старонадеждинский','с/с',4),(3624,482,'613553','Пиляндышевское','с/п',4),(3625,15,NULL,'Черкесск','г.',4),(3626,15,NULL,'Карачаевск','г.',4),(3627,418,NULL,'Славянск-на-Кубани','г.',4),(3628,409,'613323','Зоновское','с/п',4),(3629,1339,'171210','Лихославль','г.',4),(3630,19,NULL,'Березовский','г.',4),(3631,749,'612133','Пиксурское','с/п',4),(3632,539,'442574','Нижнекатмисский сельсовет','с/с',4),(3633,396,NULL,'Заозерный','г.',4),(3634,500,'453445','Волковский','с/с',4),(3635,42,'619000','Кудымкар','г.',4),(3636,690,'601566','МО поселок Красное Эхо','тер.',4),(3637,1826,'453352','Абдуловский','с/с',4),(3638,42,NULL,'Добрянка','г.',4),(3639,630,NULL,'Ворсма','г.',4),(3640,442,'453715','Суюндюковский','с/с',4),(3641,583,'307605','Прилепский','с/с',4),(3642,8,NULL,'Артем','г.',4),(3643,392,'306132','Субботинский','с/с',4),(3644,669,'613097','Лыткинское','с/п',4),(3645,2007,'663650','Ирбейский','с/с',4),(3646,8,NULL,'Уссурийск','г.',4),(3647,1196,'612484','Ошланское','с/п',4),(3648,550,'173021','Новомельницкое','с/п',4),(3649,869,'662018','Двинский','с/с',4),(3650,1325,'243411','Семецкое сельское поселение','тер.',4),(3651,398,'427773','Старокаксинское','с/п',4),(3652,1224,'442513','Яснополянский сельсовет Кузнецкого района Пензенской области','с/с',4),(3653,84,NULL,'Миасс','г.',4),(3654,1563,'188640','40 км Выборгского шоссе Юкки','дп',4),(3655,982,'442689','Керенский сельсовет','с/с',4),(3656,249,'442605','Администрация Татаро-Шелдаисского сельсовета Спасского района Пензенской области','с/с',4),(3657,60,NULL,'Вольск','г.',4),(3658,1928,'452165','Старомусинский','с/с',4),(3659,1389,NULL,'Артемовский','г.',4),(3660,442,'453733','Ахуновский','с/с',4),(3661,818,'613123','Закаринское','с/п',4),(3662,484,NULL,'Зуевка','г.',4),(3663,494,'429430','Козловка','г.',4),(3664,61,NULL,'Адыгейск','г.',4),(3665,1284,'613515','Ветошкинское','с/п',4),(3666,1563,'188640','Токсово','массив',4),(3667,880,'671160','Гусиноозерск','г.',4),(3668,234,'306002','2-й Поныровский','с/с',4),(3669,898,'306521','Теребужский','с/с',4),(3670,72,NULL,'Семенов','г.',4),(3671,495,'243650','Первомайское сельское поселение','тер.',4),(3672,1139,'452365','Мрясимовский','с/с',4),(3673,596,'663012','Еловский','с/с',4),(3674,561,'152830','Мышкин','г.',4),(3675,945,'243253','Меленское сельское поселение','тер.',4),(3676,49,NULL,'Дагестанские Огни','г.',4),(3677,873,'352700','Тимашевск','г.',4),(3678,62,NULL,'Шарыпово','г.',4),(3679,227,'187406','Волхов ул.Восточная 2','массив',4),(3680,394,'663747','Березовский','с/с',4),(3681,769,'442821','Администрация Пограничного сельсовета Колышлейского сельсовета Пензенской области','с/с',4),(3682,200,'613413','Вожгальское','с/п',4),(3683,622,'452414','Турбаслинский','с/с',4),(3684,394,'663765','Покатеевский','с/с',4),(3685,1027,'612215','Пачинское','с/п',4),(3686,148,'442489','Деминский сельсовет Неверкинского района Пензенской области','с/с',4),(3687,1563,'188640','25 км автодороги Матокса','массив',4),(3688,86,NULL,'Петергоф','г.',4),(3689,190,'612932','Арыкское','с/п',4),(3690,1284,'613500','Михеевское','с/п',4),(3691,1311,NULL,'Заволжье','г.',4),(3692,1414,NULL,'Ивангород','г.',4),(3693,377,'427645','Ураковское','с/п',4),(3694,734,'442630','Администрация Наровчатского сельсовета Наровчатского района Пензенской области','с/с',4),(3695,375,'241516','Новосельское сельское поселение','тер.',4),(3696,36,NULL,'Гай','г.',4),(3697,24,NULL,'Череповец','г.',4),(3698,671,'427245','Красносельское','с/п',4),(3699,1170,'442737','Засурский сельсовет Лунинского района Пензенской области','с/с',4),(3700,280,'243220','Мглинское городское поселение','тер.',4),(3701,227,NULL,'Волхов','г.',4),(3702,1563,'188640','Сады','массив',4),(3703,915,'662110','Бобровский','с/с',4),(3704,75,NULL,'Омск','г.',4),(3705,382,'453038','Михайловский','с/с',4),(3706,1739,NULL,'Хотьково','г.',4),(3707,21,NULL,'Усть-Кут','г.',4),(3708,795,'453538','Шигаевский','с/с',4),(3709,49,NULL,'Хасавюрт','г.',4),(3710,869,'662010','Тюхтетский','с/с',4),(3711,60,NULL,'Пугачев','г.',4),(3712,280,'243237','Вельжичское сельское поселение','тер.',4),(3713,615,NULL,'Кодинск','г.',4),(3714,848,'356630','Ипатово','г.',4),(3715,1132,NULL,'Карабузинское','с/п',4),(3716,1498,'142300','Чехов-8','г.',4),(3717,827,'612534','Комаровское','с/п',4),(3718,900,'442211','Администрация Первомайского сельсовета Каменского района Пензенской области','с/с',4),(3719,1319,NULL,'Гусев','г.',4),(3720,62,NULL,'Лесосибирск','г.',4),(3721,591,NULL,'Балтийск','г.',4),(3722,60,NULL,'Энгельс','г.',4),(3723,1676,'187300','Славянка','массив',4),(3724,289,'427427','Камское','с/п',4),(3725,62,NULL,'Железногорск','г.',4),(3726,582,'442040','Администрация соседского сельсовета Башмаковского района Пензенской области','с/с',4),(3727,46,NULL,'Полярный','г.',4),(3728,214,'309210','Короча','г.',4),(3729,1563,NULL,'Касимово','массив',4),(3730,1916,'452560','Новомуслюмовский','с/с',4),(3731,1563,NULL,'Кискелово','массив',4),(3732,1996,'613026','Мокрецовское','с/п',4),(3733,1124,'306600','Верхнерагозецкий','с/с',4),(3734,79,NULL,'Волгоград','г.',4),(3735,1012,'427880','Алнашское','с/п',4),(3736,38,NULL,'Калининград','г.',4),(3737,60,NULL,'Саратов','г.',4),(3738,1013,NULL,'Федоровское','с/п',4),(3739,257,'453583','Кипчакский','с/с',4),(3740,610,'427524','Юндинское','с/п',4),(3741,89,NULL,'Отрадный','г.',4),(3742,842,NULL,'Красный Холм','г.',4),(3743,1204,'427288','Новомоньинское','с/п',4),(3744,442,'453743','Новобайрамгуловский','с/с',4),(3745,553,'427512','Еловское','с/п',4),(3746,1563,'188640','Лесколово','массив',4),(3747,1382,'427022','Бородулинское','с/п',4),(3748,298,NULL,'Камбарка','г.',4),(3749,1234,'662077','Юрьевский','с/с',4),(3750,1069,'307116','Большежировский','с/с',4),(3751,600,'442150','Администрация города Нижний Ломов Нижнеломовского района Пензенской области','с/с',4),(3752,615,'663496','Тагарский','с/с',4),(3753,62,NULL,'Красноярск','г.',4),(3754,828,NULL,'Борисоглебск','г.',4),(3755,898,'306535','Вязовский','с/с',4),(3756,798,NULL,'Мураши','г.',4),(3757,1414,NULL,'Кингисепп','г.',4),(3758,723,'453620','Аскаровский','с/с',4),(3759,719,'663055','Нахвальский','с/с',4),(3760,515,'216200','Духовщина','г.',4),(3761,839,'612606','Котельничское','с/п',4),(3762,37,NULL,'Брянск','г.',4),(3763,1287,'663770','Тасеевский','с/с',4),(3764,733,'663632','Амонашенский','с/с',4),(3765,1605,NULL,'Верещагино','г.',4),(3766,1705,NULL,'Невель','г.',4),(3767,382,'453039','Бакалдинский','с/с',4),(3768,1033,'662624','Знаменский','с/с',4),(3769,190,'612926','Плотбищенское','с/п',4),(3770,671,'427247','Жужгесское','с/п',4),(3771,1172,NULL,'Струнино','г.',4),(3772,346,'442948','Администрация Яковлевского сельсовета Бековского района Пензенской области','с/с',4),(3773,482,'613544','Байсинское','с/п',4),(3774,2007,'663667','Благовещенский','с/с',4),(3775,26,NULL,'Алапаевск','г.',4),(3776,1012,'427892','Писеевское','с/п',4),(3777,1364,'452942','Новоянзигитовский','с/с',4),(3778,42,NULL,'Соликамск','г.',4),(3779,298,'427980','Борковское','с/п',4),(3780,703,NULL,'Верхотурье','г.',4),(3781,1400,'452870','Старояшевский','с/с',4),(3782,896,'427804','Аксашурское','с/п',4),(3783,11,NULL,'Лобня','г.',4),(3784,582,'442051','Администрация Высокинского сельсовета Башмаковского района Пензенской области','с/с',4),(3785,972,'442004','Администрация Раевского сельсовета Земетчинского района Пензенской области','с/с',4),(3786,1804,'452976','Бикметовский','с/с',4),(3787,351,NULL,'Вятские Поляны','г.',4),(3788,375,'241521','Добрунское сельское поселение','тер.',4),(3789,1563,'188640','Проба','массив',4),(3790,442,'453748','Амангильдинский','с/с',4),(3791,1315,'307055','Амосовский','с/с',4),(3792,227,'187406','Волхов ул.Металлургов 19а','массив',4),(3793,1563,'188640','Разметелево','массив',4),(3794,569,'613384','Обуховское','с/п',4),(3795,398,'427775','Сюгаильское','с/п',4),(3796,753,'450903','Турбаслинский','с/с',4),(3797,1301,NULL,'Заинск','г.',4),(3798,241,'307864','Любимовский','с/с',4),(3799,1364,'452940','Саузбашевский','с/с',4),(3800,415,'601800','Юрьев-Польский','г.',4),(3801,690,'601570','Курлово','г.',4),(3802,1300,NULL,'Кондрово','г.',4),(3803,276,'306245','Рудавский','с/с',4),(3804,749,'612150','Кобрское','с/п',4),(3805,734,'442638','Администрация Новопичурского сельсовета Наровчатского района Пензенской области','с/с',4),(3806,35,NULL,'Северск','г.',4),(3807,149,'607676','Новоликеевский','с/с',4),(3808,583,'307606','Ваблинский','с/с',4),(3809,26,NULL,'Краснотурьинск','г.',4),(3810,1400,'452871','Амзибашевский','с/с',4),(3811,985,'442752','Александровский','с/с',4),(3812,149,NULL,'Кстово','г.',4),(3813,495,'243118','Смотровобудское сельское поселение','тер.',4),(3814,1283,'427013','Среднепостольское','с/п',4),(3815,1283,'427022','Пироговское','с/п',4),(3816,2007,'663666','Маловский','с/с',4),(3817,734,'442647','Администрация Вьюнского сельсовета Наровчатского района пензенской области','с/с',4),(3818,484,'612403','Октябрьское','с/п',4),(3819,1056,'663412','Машуковский','с/с',4),(3820,1029,'243500','Сураж','г.',4),(3821,377,'427643','Парзинское','с/п',4),(3822,747,'613934','Яхреньгское','с/п',4),(3823,86,NULL,'Ломоносов','г.',4),(3824,706,'665683','Хребтовая','рп',4),(3825,539,'442592','Вачелайский сельсовет','с/с',4),(3826,655,'666811','Мама','пгт',4),(3827,553,'427518','Бачумовское','с/п',4),(3828,1081,'442327','Среднеелюзанский сельсовет','с/с',4),(3829,321,'243046','Новоюрковичское сельское поселение','тер.',4),(3830,1563,'188640','Корнево','массив',4),(3831,384,'352680','Хадыженск','г.',4),(3832,1042,'663461','Невонский','с/с',4),(3833,787,'613451','Медведское','с/п',4),(3834,146,'238710','Неман','г.',4),(3835,528,'453225','Сайрановский','с/с',4),(3836,448,'243553','Юдиновское сельское поселение','тер.',4),(3837,1069,'307106','Солдатский','с/с',4),(3838,34,NULL,'Обнинск','г.',4),(3839,1923,'453480','Юламановский','с/с',4),(3840,397,NULL,'Лисковское','с/п',4),(3841,353,'307076','Быстрецкий','с/с',4),(3842,398,'427765','Большеучинское','с/п',4),(3843,879,'612392','Матвинурское','с/п',4),(3844,1260,'442400','Администрация Кондольского сельсовета Пензенского района Пензенской области','с/с',4),(3845,482,'613530','Богдановское','с/п',4),(3846,495,'243105','Коржовоголубовское сельское поселение','тер.',4),(3847,1081,'442310','Городище','г.',4),(3848,1563,NULL,'38 км Выборгского шоссе','массив',4),(3849,1810,'452275','Старотатышевский','с/с',4),(3850,1076,'613200','Троицкое','с/п',4),(3851,1150,'453676','Акмурунский','с/с',4),(3852,937,'306204','Пристенский','с/с',4),(3853,221,'659374','Верх-Катунский','с/с',4),(3854,30,NULL,'Владикавказ','г.',4),(3855,1150,NULL,'Баймак','г.',4),(3856,1563,'188640','39 км Выборгского шоссе Юкки','массив',4),(3857,1124,'306646','Ледовский','с/с',4),(3858,769,'442844','Администрация Телегинского сельсовета Колышлейского района Пензенской области','с/с',4),(3859,482,'613545','Рублевское','с/п',4),(3860,483,'307925','Песчанский','с/с',4),(3861,326,'612050','Октябрьское','с/п',4),(3862,1007,'307345','Некрасовский','с/с',4),(3863,900,'442201','Администрация Кевдо-Мельситовского сельсовета Каменского района Пензенской области','с/с',4),(3864,1283,'427006','Октябрьское','с/п',4),(3865,664,'453812','Антинганский','с/с',4),(3866,869,'662022','Поваренкинский','с/с',4),(3867,1813,'452328','Чишминский','с/с',4),(3868,1260,'442400','Администрация Новопавловского сельсовета Пензенского района Пензенской области','с/с',4),(3869,1627,NULL,'Задонск','г.',4),(3870,769,'442832','Администрация Колтовского сельсовета Колышлейского района Пензенской области','с/с',4),(3871,1337,'452779','Каратовский','с/с',4),(3872,1043,'682480','Охотск','рп',4),(3873,190,'612930','Преображенское','с/п',4),(3874,529,'453414','Рассветовский','с/с',4),(3875,1928,'452159','Новоусмановский','с/с',4),(3876,208,'663706','Нижнетанайский','с/с',4),(3877,1371,'694760','Горнозаводск','г.',4),(3878,976,'662330','Родниковский','с/с',4),(3879,833,NULL,'Эртиль','г.',4),(3880,2007,'663560','Сергеевский','с/с',4),(3881,1676,'187300','Келколово-3','массив',4),(3882,353,'307075','Ленинский','с/с',4),(3883,1056,'663413','Кулаковский','с/с',4),(3884,666,'612072','Пищальское','с/п',4),(3885,753,'450519','Миловский','с/с',4),(3886,722,'612303','Ваштрангское','с/п',4),(3887,839,'612616','Спасское','с/п',4),(3888,1926,'453194','Турмаевский','с/с',4),(3889,1223,NULL,'Алферовское','с/п',4),(3890,523,'442555','Суляевский сельсовет Лопатинского района Пензенской области','с/с',4),(3891,1124,'306600','Волжанский','с/с',4),(3892,200,'613415','Верхобыстрицкое','с/п',4),(3893,1028,'442808','Администрация Николаевского сельсовета Малосердобинского района Пензенской области','с/с',4),(3894,398,'427781','Горнякское','с/п',4),(3895,753,'450591','Чесноковский','с/с',4),(3896,900,'442247','Администрация Каменского сельсовета Каменского района Пензенской области','с/с',4),(3897,1213,NULL,'Нижнекамск','г.',4),(3898,409,'613320','Мякишинское','с/п',4),(3899,795,'453523','Кагинский','с/с',4),(3900,192,NULL,'Рыбинск','г.',4),(3901,1169,'613353','Зашижемское','с/п',4),(3902,753,'450521','Русско-Юрмашский','с/с',4),(3903,40,NULL,'Донской','г.',4),(3904,669,'613094','Гординское','с/п',4),(3905,394,'663766','Вознесенский','с/с',4),(3906,539,'442586','Нижнелиповский сельсовет','с/с',4),(3907,442,'453711','Поляковский','с/с',4),(3908,13,NULL,'Вилючинск','г.',4),(3909,1172,NULL,'Карабаново','г.',4),(3910,1356,'307150','Михайловский','с/с',4),(3911,300,NULL,'Рыбное','г.',4),(3912,38,NULL,'Советск','г.',4),(3913,1826,'453357','Молокановский','с/с',4),(3914,396,'663952','Новокамалинский','с/с',4),(3915,383,'452671','Новокатаевский','с/с',4),(3916,1028,'442805','Администрация Липовского сельсовета Малосердобинского района Пензенской области','с/с',4),(3917,1150,'453672','Иткуловский 2-й','с/с',4),(3918,549,'630000','Мичуринский','с/с',4),(3919,190,'612933','Каксинвайское','с/п',4),(3920,344,'673732','Могоча','г.',4),(3921,383,'452654','Килькабызовский','с/с',4),(3922,1563,'188640','Соржа-Рыжики','массив',4),(3923,1109,'453013','Новокиешкинский','с/с',4),(3924,1563,'188640','Сертолово-2','массив',4),(3925,976,'662336','Березовский','с/с',4),(3926,400,'305520','Моковский','с/с',4),(3927,1337,'452796','Карамалы-Губеевский','с/с',4),(3928,1117,'613585','Моторское','с/п',4),(3929,664,'453809','Федоровский','с/с',4),(3930,1015,NULL,'Ефремов','г.',4),(3931,1514,NULL,'Ожерелье','г.',4),(3932,1076,'613200','Прокопьевское','с/п',4),(3933,1065,'427702','Бемыжское','с/п',4),(3934,500,'450034','Тугайский','с/с',4),(3935,1172,'601630','МО поселок Балакирево','тер.',4),(3936,753,'450069','Кирилловский','с/с',4),(3937,225,'452440','Старобедеевский','с/с',4),(3938,559,'356803','Буденновск-3','тер.',4),(3939,241,'307842','Любостанский','с/с',4),(3940,280,'243211','Симонтовское сельское поселение','тер.',4),(3941,211,NULL,'Алдан','г.',4),(3942,394,'663744','Покровский','с/с',4),(3943,267,NULL,'Чудово','г.',4),(3944,869,'662021','Верхчетский','с/с',4),(3945,46,NULL,'Гаджиево','г.',4),(3946,11,NULL,'Электросталь','г.',4),(3947,900,'442214','Администрация Головинщинского сельсовета Каменского района Пензенской области','с/с',4),(3948,976,'662335','Шушенский','с/с',4),(3949,1017,'442438','Каргалейский сельсовет Шемышейского района Пензенской области','с/с',4),(3950,151,'301470','Плавск','г.',4),(3951,276,'306230','Обоянь','г.',4),(3952,1076,'613200','Ракаловское','с/п',4),(3953,1563,'188640','Куйвози','массив',4),(3954,17,NULL,'Чебоксары','г.',4),(3955,734,'442633','Администрация Суркинского сельсовета Наровчатского района пензенской области','с/с',4),(3956,81,NULL,'Кызыл','г.',4),(3957,896,'427811','Норьинское','с/п',4),(3958,1189,'694620','Холмск','г.',4),(3959,49,NULL,'Буйнакск','г.',4),(3960,225,'452440','Нимисляровский','с/с',4),(3961,448,'243568','Суворовское сельское поселение','тер.',4),(3962,76,NULL,'Муром','г.',4),(3963,190,'612945','Аджимское','с/п',4),(3964,1215,'612740','Вятское','с/п',4),(3965,1132,NULL,'Кашин','г.',4),(3966,1877,'452719','Сергеевский','с/с',4),(3967,5,NULL,'Салехард','г.',4),(3968,398,'427785','Мельниковское','с/п',4),(3969,1501,NULL,'Болхов','г.',4),(3970,484,'612402','Сунское','с/п',4),(3971,669,'613074','Борское','с/п',4),(3972,583,'307627','Захарковский','с/с',4),(3973,148,'442480','Неверкинский сельсовет Неверкинского района Пензенской области','с/с',4),(3974,523,'442557','Китунькинский сельсовет Лопатинского района Пензенской области','с/с',4),(3975,448,'243554','Долботовское сельское поселение','тер.',4),(3976,19,NULL,'Осинники','г.',4),(3977,1134,'152850','Пошехонье','г.',4),(3978,1676,'187340','Кировск','г.',4),(3979,1563,'188640','Кузьмоловский','массив',4),(3980,582,'442080','Администрация Шереметьевского сельсовета Башмаковкого района Пензенской области','с/с',4),(3981,14,NULL,'Геленджик','г.',4),(3982,1069,'307115','Верхнехотемльский','с/с',4),(3983,483,'307922','Щеголянский','с/с',4),(3984,448,'243563','Кистерское сельское поселение','тер.',4),(3985,1017,'442449','Усть-Узинский сельсовет Шемышейского района Пензенской области','с/с',4),(3986,1563,'188640','Карьер Мяглово','массив',4),(3987,1224,'442512','Чибирлейский сельсовет Кузнецкого района Пензенской области','с/с',4),(3988,154,'612503','Петруненское','с/п',4),(3989,249,'442612','Администрация Веденяпинского сельсовета Спасского района Пензенской области','с/с',4),(3990,1414,'188461','Пятницкое','массив',4),(3991,528,'453239','Урман-Бишкадакский','с/с',4),(3992,1921,'453143','Золотоношский','с/с',4),(3993,425,'612240','Салобелякское','с/п',4),(3994,610,'427533','Каменно-Задельское','с/п',4),(3995,1826,'453366','Куюргазинский','с/с',4),(3996,321,'243051','Кирилловское сельское поселение','тер.',4),(3997,1042,'663437','Красногорьевский','с/с',4),(3998,1241,NULL,'Вичуга','г.',4),(3999,1810,'452282','Верхнеманчаровский','с/с',4),(4000,1007,'307371','Пригородненский','с/с',4),(4001,1150,'453657','Нигаматовский','с/с',4),(4002,483,'307913','Пенский','с/с',4),(4003,1096,'442373','Засечный сельсовет Мокшанского района Пензенской области','с/с',4),(4004,178,'307207','Черницынский','с/с',4),(4005,26,NULL,'Серов','г.',4),(4006,31,NULL,'Казань','г.',4),(4007,1155,NULL,'Богородицк','г.',4),(4008,11,'140170','Бронницы','г.',4),(4009,1996,'613022','Фатеевское','с/п',4),(4010,915,'662105','Кытатский','с/с',4),(4011,818,'613104','Октябрьское','с/п',4),(4012,887,'306451','Удеревский','с/с',4),(4013,1356,NULL,'Железногорск','г.',4),(4014,383,'452650','Бакалинский','с/с',4),(4015,442,'453703','Буйдинский','с/с',4),(4016,869,'662020','Чиндатский','с/с',4),(4017,881,'243160','Красногорское городское поселение','тер.',4),(4018,869,'662015','Новомитропольский','с/с',4),(4019,945,'243282','Запольскохалеевичское сельское поселение','тер.',4),(4020,1042,'663466','Шиверский','с/с',4),(4021,1337,'452783','Верхнетроицкий','с/с',4),(4022,841,'243604','Денисковичское сельское поселение','тер.',4),(4023,1139,'452386','Тегерменевский','с/с',4),(4024,1994,'307004','Куськинский','с/с',4),(4025,604,'309070','Строитель','г.',4),(4026,49,'368502','Избербаш','г.',4),(4027,668,NULL,'Лениногорск','г.',4),(4028,178,'307202','Катыринский','с/с',4),(4029,1799,'453864','Саитовский','с/с',4),(4030,795,'453540','Ишлинский','с/с',4),(4031,1033,'662639','Лугавский','с/с',4),(4032,1065,'427715','Ягульское','с/п',4),(4033,719,'663053','Борский','с/с',4),(4034,1563,'188640','47 км шоссе СПб-Пески','тер.',4),(4035,1739,'141321','Краснозаводск','г.',4),(4036,1711,NULL,'Опочка','г.',4),(4037,1429,'242241','Селецкое сельское поселение','тер.',4),(4038,227,'187401','Волхов ул.Ленинградская 25','массив',4),(4039,46,NULL,'Североморск','г.',4),(4040,308,NULL,'Сухой Лог','г.',4),(4041,21,NULL,'Бодайбо','г.',4),(4042,62,NULL,'Боготол','г.',4),(4043,1337,'452771','Какрыбашевский','с/с',4),(4044,5,NULL,'Лабытнанги','г.',4),(4045,1429,'242250','Белоберезсковское городское поселение','тер.',4),(4046,586,NULL,'Весьегонск','г.',4),(4047,394,'663760','Апано-Ключинский','с/с',4),(4048,1915,'452537','Калмашевский','с/с',4),(4049,425,'612222','Опытнопольское','с/п',4),(4050,1308,'427730','Граховское','с/п',4),(4051,1169,'613351','Ильинское','с/п',4),(4052,1076,'613200','Поломское','с/п',4),(4053,1672,NULL,'Старая Купавна','г.',4),(4054,528,'453223','Байгузинский','с/с',4),(4055,547,'427372','Васькинское','с/п',4),(4056,208,'663723','Орловский','с/с',4),(4057,1563,'188640','24 км Приозерского шоссе','массив',4),(4058,154,'612517','Верхосунское','с/п',4),(4059,1673,NULL,'Голицыно','г.',4),(4060,622,'452426','Майский','с/с',4),(4061,1563,'188640','Большие Пороги','массив',4),(4062,1204,'427284','Халдинское','с/п',4),(4063,1056,'663423','Кирсантьевский','с/с',4),(4064,1033,'662634','Шошинский','с/с',4),(4065,839,'612648','Молотниковское','с/п',4),(4066,753,'450511','Михайловский','с/с',4),(4067,77,NULL,'Саранск','г.',4),(4068,1173,'249910','Юхнов-1','г.',4),(4069,1933,'249930','Мосальск','г.',4),(4070,610,'427540','Карсовайское','с/п',4),(4071,298,'427980','Михайловское','с/п',4),(4072,485,'427301','Гурезь-Пудгинское','с/п',4),(4073,1672,NULL,'Ногинск','г.',4),(4074,442,'453731','Учалинский','с/с',4),(4075,52,NULL,'Обь','г.',4),(4076,382,'453041','Узунларовский','с/с',4),(4077,1364,'452935','Музяковский','с/с',4),(4078,382,'453034','Абзановский','с/с',4),(4079,339,NULL,'Дорогобуж','г.',4),(4080,190,'612912','Мелетское','с/п',4),(4081,1563,'188640','им Морозова','массив',4),(4082,812,'307824','Борковский','с/с',4),(4083,798,'613750','Безбожниковское','с/п',4),(4084,392,'306120','Ивановский','с/с',4),(4085,258,'452630','Урсаевский','с/с',4),(4086,2007,'663665','Тумаковский','с/с',4),(4087,495,'243130','Лопатенское сельское поселение','тер.',4),(4088,1012,'427886','Асановское','с/п',4),(4089,182,'307500','Почепский','с/с',4),(4090,1498,'142303','Чехов-3','г.',4),(4091,1234,'662071','Большекосульский','с/с',4),(4092,753,'450512','Дмитриевский','с/с',4),(4093,1022,'243673','Глинновское сельское поселение','тер.',4),(4094,375,'241526','Чернетовское сельское поселение','тер.',4),(4095,775,'612462','Курчумское','с/п',4),(4096,280,'243223','Новоромановское сельское поселение','тер.',4),(4097,733,'663624','Большеуринский','с/с',4),(4098,398,'427783','Большекибьинское','с/п',4),(4099,319,'361624','Тырныауз','г.',4),(4100,1236,'161440','Никольск','г.',4),(4101,472,'663075','Верх-Казанский','с/с',4),(4102,1260,'440501','Воскресеновский сельсовет Пензенского района Пензенской области','с/с',4),(4103,188,NULL,'Реж','г.',4),(4104,471,'188909','Высоцк','г.',4),(4105,1563,'188640','Новосергиевка','массив',4),(4106,1730,NULL,'Калачинск','г.',4),(4107,1381,NULL,'Выгоничское городское поселение','тер.',4),(4108,283,NULL,'Талдом','г.',4),(4109,1781,'442179','Администрация Каргалейского сельсовета Вадинского района Пензенской области','с/с',4),(4110,1103,NULL,'Елизово','г.',4),(4111,753,'450580','Авдонский','с/с',4),(4112,1272,NULL,'Коммунар','г.',4),(4113,1096,'442370','Юровский','с/с',4),(4114,839,'612613','Зайцевское','с/п',4),(4115,20,NULL,'Биробиджан','г.',4),(4116,775,'612450','Кокуйское','с/п',4),(4117,1709,'182440','Новоржев','г.',4),(4118,84,NULL,'Златоуст','г.',4),(4119,71,NULL,'Ярославль','г.',4),(4120,199,'442270','Администрация Поимского сельсовета Белинского района Пензенской области','с/с',4),(4121,734,'442635','Администрация Орловского сельсовета Наровчатского района Пензенской области','с/с',4),(4122,1012,'427895','Кузебаевское','с/п',4),(4123,523,'442563','Верешимский сельсовет Лопатинского района Пензенской области','с/с',4),(4124,1563,'188640','Урочище Лехтуси','массив',4),(4125,37,'243020','Новозыбков','г.',4),(4126,839,'612639','Чистопольское','с/п',4),(4127,728,NULL,'Калач','г.',4),(4128,818,'613117','Бобинское','с/п',4),(4129,2,'452920','Агидель','г.',4),(4130,321,'243080','Новоропское сельское поселение','тер.',4),(4131,42,NULL,'Пермь','г.',4),(4132,529,'453415','Поляковский','с/с',4),(4133,982,'442662','Базарно-Кеньшенский сельсовет','с/с',4),(4134,1315,'307043','Высокский','с/с',4),(4135,666,'612080','Спас-Талицкое','с/п',4),(4136,298,'427980','Армязьское','с/п',4),(4137,996,NULL,'Бобров','г.',4),(4138,1007,'307353','Дуровский','с/с',4),(4139,409,'613334','Калачиговское','с/п',4),(4140,530,'422840','Болгар','г.',4),(4141,552,NULL,'Воробейнское сельское поселение','тер.',4),(4142,900,'442204','Администрация Кикинского сельсовета Каменского района Пензенской области','с/с',4),(4143,1042,'663458','Такучетский','с/с',4),(4144,25,NULL,'Заречный','г.',4),(4145,40,NULL,'Тула','г.',4),(4146,541,'215280','Сычевка','г.',4),(4147,11,NULL,'Звенигород','г.',4),(4148,982,'442670','Ночкинский сельсовет','с/с',4),(4149,1801,'452359','Иштыбаевский','с/с',4),(4150,501,'663934','Сушиновский','с/с',4),(4151,615,'663485','Недокурский','с/с',4),(4152,1076,'613200','Всехсвятское','с/п',4),(4153,48,NULL,'Кирсанов','г.',4),(4154,814,'652238','Белогорск','пгт',4),(4155,1676,'187326','Поселок Приладожский','массив',4),(4156,1400,'452872','Калегинский','с/с',4),(4157,294,'662123','Зачулымский','с/с',4),(4158,249,'442600','Администрация города Спааск Спасского района Пензенской области','с/с',4),(4159,483,'307906','Беличанский','с/с',4),(4160,539,'442596','Вязовский сельсовет','с/с',4),(4161,1781,'442188','Администрация Ягановского сельсовета Вадинского района Пензенской области','с/с',4),(4162,225,'452431','Красноключевский','с/с',4),(4163,610,'427521','Кестымское','с/п',4),(4164,1676,'187322','Восход','массив',4),(4165,1515,'613250','Синегорское','с/п',4),(4166,1048,'663551','Ивановский','с/с',4),(4167,289,'427413','Нововолковское','с/п',4),(4168,14,NULL,'Армавир','г.',4),(4169,622,'452414','Акбердинский','с/с',4),(4170,600,'442152','Администрация Норовского сельсовета Нижнеломовского района Пензенской области','с/с',4),(4171,380,NULL,'Истра','г.',4),(4172,19,NULL,'Калтан','г.',4),(4173,1150,'453644','Кусеевский','с/с',4),(4174,255,'694820','Томари','г.',4),(4175,276,'306268','Шевелевский','с/с',4),(4176,1223,NULL,'Нерльское','с/п',4),(4177,346,'442945','Администрация Пяшинского сельсовета Бековского района Пензенской области','с/с',4),(4178,225,'452445','Новосубаевский','с/с',4),(4179,1132,NULL,'Славковское','с/п',4),(4180,484,'612410','Зуевское','с/п',4),(4181,42,NULL,'Чайковский','г.',4),(4182,1749,NULL,'Люберцы','г.',4),(4183,666,'612075','Суводское','с/п',4),(4184,1781,'442172','Администрация Татаро-Лакинского сельсовета Вадинского района Пензенской области','с/с',4),(4185,483,'307900','Гирьянский','с/с',4),(4186,54,NULL,'Улан-Удэ','г.',4),(4187,88,NULL,'Ростов-на-Дону','г.',4),(4188,1016,NULL,'Михайлов','г.',4),(4189,1260,'412411','Администрация Князевского сельсовета Пензенского района Пензенской области','с/с',4),(4190,1022,'243670','Петровобудское сельское поселение','тер.',4),(4191,165,NULL,'Курганинск','г.',4),(4192,307,NULL,'Усть-Лабинск','г.',4),(4193,1382,'427050','Шарканское','с/п',4),(4194,45,NULL,'Северодвинск','г.',4),(4195,289,'427412','Перевозинское','с/п',4),(4196,1296,NULL,'Гурьевск','г.',4),(4197,767,'632901','Кайгородский','с/с',4),(4198,1343,'442100','Администрация рабочего поселка Пачелма Пачелмского района Пензенской области','с/с',4),(4199,1980,'663244','Верхнеимбатский','с/с',4),(4200,17,NULL,'Новочебоксарск','г.',4),(4201,528,'453238','Арметовский','с/с',4),(4202,39,NULL,'Курган','г.',4),(4203,1348,'623950','Тавда','г.',4),(4204,823,'427847','Ильдибаевское','с/п',4),(4205,241,'307846','Саморядовский','с/с',4),(4206,559,'356807','Буденновск-7','тер.',4),(4207,664,'453810','Байгускаровский','с/с',4),(4208,949,NULL,'Белая Калитва','г.',4),(4209,898,'306501','Охочевский','с/с',4),(4210,471,'188950','Каменногорск','г.',4),(4211,477,'452896','Упканкулевский','с/с',4),(4212,1260,'442412','Администрация Варыпаевского сельсовета Пензенского района Пензенской области','с/с',4),(4213,1565,NULL,'Ейск','г.',4),(4214,5,NULL,'Муравленко','г.',4),(4215,89,NULL,'Жигулевск','г.',4),(4216,1158,'662045','Жуковский','с/с',4),(4217,1204,'427277','Колесурское','с/п',4),(4218,86,NULL,'Павловск','г.',4),(4219,596,'663029','Мининский','с/с',4),(4220,398,'427764','Маловоложикьинское','с/п',4),(4221,690,'601545','МО поселок Золотково','тер.',4),(4222,1224,'442508','Рабочий поселок Евлашево Кузнецкого района Пензенской области','с/с',4),(4223,1109,'453001','Старобабичевский','с/с',4),(4224,943,NULL,'Чернушка','г.',4),(4225,1364,'452935','Раздольевский','с/с',4),(4226,1563,'188676','Корневские Гривки','массив',4),(4227,769,'442823','Администрация Потловского сельсовета Колышлейского района Пензенской области','с/с',4),(4228,503,'601110','МО город Костерево','тер.',4),(4229,1308,'427747','Староятчинское','с/п',4),(4230,1629,'143200','Можайск','г.',4),(4231,200,'613411','Вичевское','с/п',4),(4232,1996,'613004','Филипповское','с/п',4),(4233,622,'452425','Улу-Телякский','с/с',4),(4234,528,'453233','Кулгунинский','с/с',4),(4235,26,NULL,'Березовский','г.',4),(4236,1626,'399373','Усмань','г.',4),(4237,1175,'663833','Кучеровский','с/с',4),(4238,1356,'307148','Студенокский','с/с',4),(4239,664,'453804','Маканский','с/с',4),(4240,1921,'453146','Преображеновский','с/с',4),(4241,1017,'442421','Армиевский сельсовет Шемышейского района Пензенской области','с/с',4),(4242,1121,'307470','Званновский','с/с',4),(4243,812,'307821','Махновский','с/с',4),(4244,1429,'242220','Трубчевское городское поселение','тер.',4),(4245,394,'663740','Заозерновский','с/с',4),(4246,898,'306530','Пригородненский','с/с',4),(4247,1563,'188640','8 км севернее д Матокса','тер.',4),(4248,483,'307902','Кондратовский','с/с',4),(4249,39,NULL,'Шадринск','г.',4),(4250,769,'442843','Администрация Крутцовского сельсовета Колышлейского района Пензенской области','с/с',4),(4251,249,'442610','Администрация Дубровского сельсовета Спасского района Пензенской области','с/с',4),(4252,583,'307602','Старобелицкий','с/с',4),(4253,1563,NULL,'Лехтуси','массив',4),(4254,549,'630052','Верх-Тулинский','с/с',4),(4255,1642,NULL,'Мензелинск','г.',4),(4256,1354,'242190','Суземское городское поселение','тер.',4),(4257,48,NULL,'Рассказово','г.',4),(4258,252,NULL,'Кохма','г.',4),(4259,1204,'427281','Копкинское','с/п',4),(4260,11,NULL,'Химки','г.',4),(4261,382,'453030','Тавакачевский','с/с',4),(4262,795,'453539','Сосновский','с/с',4),(4263,321,'243044','Чуровичское сельское поселение','тер.',4),(4264,769,'442841','Администрация Сумского сельсовета Колышлейского района Пензенской области','с/с',4),(4265,1107,'442901','Администрация Ульяновского сельсовета Тамалинского района Пензенской области','с/с',4),(4266,972,'442008','Администрация Краснодубравского сельсовета Земетчинского района пензенской области','с/с',4),(4267,375,'241540','Журиничское сельское поселение','тер.',4),(4268,795,'453565','Абзаковский','с/с',4),(4269,915,'663113','Новоеловский','с/с',4),(4270,276,'306235','Усланский','с/с',4),(4271,483,'307916','Ильковский','с/с',4),(4272,409,'613321','Пунгинское','с/п',4),(4273,378,NULL,'Кореновск','г.',4),(4274,72,NULL,'Арзамас','г.',4),(4275,11,NULL,'Ивантеевка','г.',4),(4276,11,'143090','Краснознаменск','г.',4),(4277,1138,'663580','Малиновский','с/с',4),(4278,425,'612231','Никольское','с/п',4),(4279,1012,'427884','Байтеряковское','с/п',4),(4280,523,'442561','Старокарлыганский сельсовет Лопатинского района Пензенской области','с/с',4),(4281,1804,'452966','Новокизгановский','с/с',4),(4282,1109,'453012','Прибельский','с/с',4),(4283,915,'662101','Удачинский','с/с',4),(4284,915,'662110','Новоникольский','с/с',4),(4285,9,NULL,'Сортавала','г.',4),(4286,53,NULL,'Нерюнгри','г.',4),(4287,1563,'188640','Хиттолово','массив',4),(4288,818,'613106','Ильинское','с/п',4),(4289,1042,'663440','Ангарский','с/с',4),(4290,1042,'663449','Хребтовский','с/с',4),(4291,289,'427415','Июльское','с/п',4),(4292,1325,'243400','Почеп','г.',4),(4293,705,NULL,'Шатура','г.',4),(4294,66,NULL,'Советская Гавань','г.',4),(4295,896,'427826','Нижнеюринское','с/п',4),(4296,1657,'652380','Промышленная','пгт',4),(4297,241,'307850','Большесолдатский','с/с',4),(4298,830,'662156','Преображенский','с/с',4),(4299,351,'612985','Гремячевское','с/п',4),(4300,830,'662179','Малиновский','с/с',4),(4301,1717,'182670','Дно','г.',4),(4302,442,NULL,'Учалы','г.',4),(4303,1563,'188640','Стеклянный','массив',4),(4304,733,'663600','Таежинский','с/с',4),(4305,666,'612092','Гарское','с/п',4),(4306,1260,'440507','Большееланский сельсовет Пензенского района Пензенской области','с/с',4),(4307,1121,'307472','Карыжский','с/с',4),(4308,130,NULL,'Мытищи','г.',4),(4309,827,'612552','Елганское','с/п',4),(4310,49,'368890','Южно-Сухокумск','г.',4),(4311,1874,NULL,'Апрелевка','г.',4),(4312,795,'453556','Николаевский','с/с',4),(4313,33,NULL,'Зея','г.',4),(4314,57,NULL,'Великий Новгород','г.',4),(4315,1260,'442403','Администрация Покрово-Березовского сельсовета Пензенского района Пензенской области','с/с',4),(4316,1630,NULL,'Остров','г.',4),(4317,217,NULL,'Елабуга','г.',4),(4318,1274,'427910','Чегандинское','с/п',4),(4319,326,'612040','Благовещенское','с/п',4),(4320,1658,'652440','Крапивинский','пгт',4),(4321,1813,'452318','Миништинский','с/с',4),(4322,1028,'442806','Администрация Саполговского сельсовета Малосердобинского района Пензенской области','с/с',4),(4323,869,'662019','Зареченский','с/с',4),(4324,795,NULL,'Белорецк','г.',4),(4325,1065,'427723','Старокопкинское','с/п',4),(4326,766,'238010','Нестеров','г.',4),(4327,1028,'442807','Администрация Топловского сельсовета Малосердобинского района Пензенской области','с/с',4),(4328,148,'442482','Бигеевский сельсовет Неверкинского района Пензенской области','с/с',4),(4329,258,'452645','Нижнеташлинский','с/с',4),(4330,502,NULL,'Воскресенск','г.',4),(4331,1274,'427910','Каракулинское','с/п',4),(4332,1098,'307420','Любимовский','с/с',4),(4333,78,NULL,'Тверь','г.',4),(4334,42,NULL,'Александровск','г.',4),(4335,1029,'243513','Лопазненское сельское поселение','тер.',4),(4336,276,'306247','Котельниковский','с/с',4),(4337,827,'612531','Малополомское','с/п',4),(4338,812,'307800','Суджа','г.',4),(4339,1150,'453675','Юмашевский','с/с',4),(4340,1096,'442360','Нечаевский сельсовет Мокшанского района Пензенской области','с/с',4),(4341,398,'427780','Пычасское','с/п',4),(4342,879,'612387','Шишовское','с/п',4),(4343,1298,NULL,'Новокубанск','г.',4),(4344,69,NULL,'Черногорск','г.',4),(4345,1563,'188640','Блудное','массив',4),(4346,1073,'453696','Кашкаровский','с/с',4),(4347,1676,NULL,'Отрадное','г.',4),(4348,36,NULL,'Сорочинск','г.',4),(4349,976,'662332','Ивановский','с/с',4),(4350,1100,NULL,'Чаплыгин','г.',4),(4351,1383,NULL,'Богородск','г.',4),(4352,197,'162000','Грязовец','г.',4),(4353,1429,'242220','Телецкое сельское поселение','тер.',4),(4354,1287,'663785','Вахрушевский','с/с',4),(4355,482,'613564','Савиновское','с/п',4),(4356,1289,NULL,'Каргополь','г.',4),(4357,89,NULL,'Сызрань','г.',4),(4358,48,NULL,'Моршанск','г.',4),(4359,1674,NULL,'Дмитров','г.',4),(4360,1069,'307127','Глебовский','с/с',4),(4361,734,'442630','Администрация Азарапинского сельсовета Наровчатского района Пензенской области','с/с',4),(4362,1400,'452876','Нижнекачмашевский','с/с',4),(4363,36,NULL,'Новотроицк','г.',4),(4364,276,'306237','Гридасовский','с/с',4),(4365,770,NULL,'Западная Двина','г.',4),(4366,482,'613541','Буйское','с/п',4),(4367,88,NULL,'Азов','г.',4),(4368,869,'662010','Красинский','с/с',4),(4369,1170,'442735','Иванырсинский сельсовет Лунинского района Пензенской области','с/с',4),(4370,553,'427508','Дизьминское','с/п',4),(4371,1676,'187340','Ново-Анненский-Медное','массив',4),(4372,182,'307500','Дерюгинский','с/с',4),(4373,1400,'452866','Калмиябашевский','с/с',4),(4374,1356,'307140','Трояновский','с/с',4),(4375,559,'356800','Буденновск','г.',4),(4376,615,'663470','Кежемский','с/с',4),(4377,1563,'188640','Лемболово','массив',4),(4378,671,'427251','Поршур-Туклинское','с/п',4),(4379,1132,NULL,'Верхнетроицкое','с/п',4),(4380,898,'306523','Большезмеинский','с/с',4),(4381,985,'442764','Кижеватовский','с/с',4),(4382,1325,'243414','Валуецкое сельское поселение','тер.',4),(4383,1215,'612701','Залазнинское','с/п',4),(4384,318,'391550','Шацк','г.',4),(4385,887,'306430','Русановский','с/с',4),(4386,36,NULL,'Медногорск','г.',4),(4387,19,NULL,'Юрга','г.',4),(4388,1175,'663823','Стретенский','с/с',4),(4389,213,NULL,'Моздок','г.',4),(4390,661,'652240','Тяжинский','пгт',4),(4391,314,NULL,'Мантурово','г.',4),(4392,529,'453401','Соколовский','с/с',4),(4393,1248,NULL,'Катайск','г.',4),(4394,596,'663033','Гаревский','с/с',4),(4395,812,'307815','Гуевский','с/с',4),(4396,346,'442943','Администрация Волынщинского сельсовета Бековского района Пензенской области','с/с',4),(4397,945,'243259','Десятуховское сельское поселение','тер.',4),(4398,759,'162130','Сокол','г.',4),(4399,1511,'303370','Малоархангельск','г.',4),(4400,398,'427762','Большепудгинское','с/п',4),(4401,1325,'243413','Рамасухское городское поселение','тер.',4),(4402,50,'156901','Волгореченск','г.',4),(4403,753,'450590','Ольховский','с/с',4),(4404,1081,'442328','Верхнеелюзанский сельсовет','с/с',4),(4405,1563,'188640','Новосаратовка','массив',4),(4406,1802,'452839','Маматаевский','с/с',4),(4407,1831,'678450','Нюрба','г.',4),(4408,500,'453444','Новонадеждинский','с/с',4),(4409,1382,'427089','Карсашурское','с/п',4),(4410,858,NULL,'Льгов','г.',4),(4411,1370,NULL,'Куртамыш','г.',4),(4412,830,'662178','Белоярский','с/с',4),(4413,769,'442835','Администрация Лачиновского сельсовета Колышлейского района Пензенской области','с/с',4),(4414,383,'452651','Старокуяновский','с/с',4),(4415,1563,'188640','Лупполово','массив',4),(4416,699,NULL,'Светлоград','г.',4),(4417,1405,'442863','Администрация Байковского сельсовета Сердобского района Пензенской области','с/с',4),(4418,837,'431430','Инсар','г.',4),(4419,257,'453584','Тимировский','с/с',4),(4420,820,NULL,'Шумиха','г.',4),(4421,398,'427772','Большесибинское','с/п',4),(4422,348,'462781','Ясный','г.',4),(4423,190,'612940','Савальское','с/п',4),(4424,898,'306505','Кривцовский','с/с',4),(4425,582,'442045','Администрация Бояровского сельсовета Башмаковского района Пензенской области','с/с',4),(4426,78,NULL,'Кимры','г.',4),(4427,78,NULL,'Вышний Волочек','г.',4),(4428,839,'612647','Юрьевское','с/п',4),(4429,181,NULL,'Пучеж','г.',4),(4430,1965,NULL,'Горняк','г.',4),(4431,832,NULL,'Киржач','г.',4),(4432,236,'142131','Рязановское','с/п',4),(4433,937,'306228','Черновецкий','с/с',4),(4434,500,'453447','Октябрьский','с/с',4),(4435,1260,'440512','Старо-Каменский сельсовет Пензенского района Пензенской области','с/с',4),(4436,1096,'442381','Плесский сельсовет Мокшанского района Пензенской области','с/с',4),(4437,1311,NULL,'Городец','г.',4),(4438,940,NULL,'Узловая','г.',4),(4439,131,NULL,'Красновишерск','г.',4),(4440,666,'612096','Торфяное','с/п',4),(4441,1081,'442324','Чаадаевский сельсовет','с/с',4),(4442,1042,'663463','Говорковский','с/с',4),(4443,1325,'243417','Титовское сельское поселение','тер.',4),(4444,1405,'442862','Администрация Новостуденовского сельсовета Сердобского района Пензенской области','с/с',4),(4445,1109,'453028','Кабаковский','с/с',4),(4446,1282,NULL,'Чегем','г.',4),(4447,769,'442833','Администрация Пановского сельсовета Колышлейского района Пензенской области','с/с',4),(4448,1325,'243420','Рагозинское сельское поселение','тер.',4),(4449,1315,'307041','Гостомлянский','с/с',4),(4450,149,'607673','Чернухинский','с/с',4),(4451,11,NULL,'Юбилейный','г.',4),(4452,795,'453512','Ломовский','с/с',4),(4453,944,'307554','Петровский','с/с',4),(4454,1676,'187330','Отрадное','массив',4),(4455,11,'142290','Пущино','г.',4),(4456,1168,NULL,'Фурманов','г.',4),(4457,1098,'307442','Толпинский','с/с',4),(4458,795,'453562','Ассинский','с/с',4),(4459,227,'187406','Волхов ул.Металлургов 17а','массив',4),(4460,1175,'663822','Новоалександровский','с/с',4),(4461,1364,'452865','Арлановский','с/с',4),(4462,1033,'662621','Селиванихинский','с/с',4),(4463,610,'427531','Турецкое','с/п',4),(4464,1013,NULL,'Ильинское','с/п',4),(4465,483,'307917','Вишневский','с/с',4),(4466,787,'613462','Татауровское','с/п',4),(4467,84,NULL,'Южноуральск','г.',4),(4468,1994,'307026','Репецкий','с/с',4),(4469,21,'665420','Свирск','г.',4),(4470,1800,'453294','Кузьминовский','с/с',4),(4471,1230,'433380','Сенгилей','г.',4),(4472,26,NULL,'Волчанск','г.',4),(4473,1563,'188640','Киссолово','массив',4),(4474,1283,'427030','Кияикское','с/п',4),(4475,375,'241517','Новодарковичское сельское поселение','тер.',4),(4476,1007,'307369','Михайловский','с/с',4),(4477,501,'663912','Авдинский','с/с',4),(4478,394,'663740','Петропавловский','с/с',4),(4479,1405,'442874','Администрация Карповского сельсовета Сердобского района Пензенской области','с/с',4),(4480,1994,'307022','2-й Засеймский','с/с',4),(4481,1089,'613622','Медянское','с/п',4),(4482,734,'442637','Администрация Скановского сельсовета Наровчатского района Пензенской области','с/с',4),(4483,1234,'662081','Краснозаводский','с/с',4),(4484,1096,'442364','Елизаветинский сельсовет Мокшанского района Пензенской области','с/с',4),(4485,442,'453745','Казаккуловский','с/с',4),(4486,733,'663640','Сотниковский','с/с',4),(4487,1261,NULL,'Соль-Илецк','г.',4),(4488,635,NULL,'Алексеевка','г.',4),(4489,753,'450532','Николаевский','с/с',4),(4490,1563,'188640','Станция Грузино','массив',4),(4491,1676,'187340','Невдубстрой','массив',4),(4492,190,'612948','Тат-Верх-Гоньбинское','с/п',4),(4493,1801,'452355','Ленинский','с/с',4),(4494,21,NULL,'Саянск','г.',4),(4495,54,'671700','Северобайкальск','г.',4),(4496,1781,'442182','Администрация Рахмановского сельсовета Вадинского района Пензенской области','с/с',4),(4497,482,'613565','Лазаревское','с/п',4),(4498,49,NULL,'Каспийск','г.',4),(4499,666,'612094','Коршикское','с/п',4),(4500,812,'307825','Воробжанский','с/с',4),(4501,258,'452630','Старотумбагушевский','с/с',4),(4502,431,'161200','Белозерск','г.',4),(4503,639,NULL,'Лагань','г.',4),(4504,779,NULL,'Шерегеш','пгт',4),(4505,227,'187401','Пурово','массив',4),(4506,1356,'307160','Новоандросовский','с/с',4),(4507,812,'307832','Пореченский','с/с',4),(4508,482,'613546','Донауровское','с/п',4),(4509,1364,'452944','Редькинский','с/с',4),(4510,781,NULL,'Подпорожье','г.',4),(4511,622,'452421','Ауструмский','с/с',4),(4512,1111,NULL,'Черепаново','г.',4),(4513,1563,'188640','Грузино-Керро','массив',4),(4514,208,'663700','Дзержинский','с/с',4),(4515,1215,'612727','Шахровское','с/п',4),(4516,298,'427980','Ершовское','с/п',4),(4517,1007,'307335','Березниковский','с/с',4),(4518,28,NULL,'Усинск','г.',4),(4519,195,NULL,'Малоярославец','г.',4),(4520,1405,'442872','Администрация Долгоруковского сельсовета Сердобского района Пензенской области','с/с',4),(4521,27,NULL,'Ульяновск','г.',4),(4522,898,'306538','Озерский','с/с',4),(4523,1707,'182300','Пустошка','г.',4),(4524,1013,NULL,'Красновское','с/п',4),(4525,397,NULL,'Елисеевское','с/п',4),(4526,1017,'442436','Колдаисский сельсовет Шемышейского района Пензенской области','с/с',4),(4527,478,'618100','Оханск','г.',4),(4528,937,'306200','Ярыгинский','с/с',4),(4529,1028,'442817','Администрация Дружаевского сельсовета Малосердобинского района Пензенской области','с/с',4),(4530,1563,'188640','Станция Дунай','массив',4),(4531,723,'453605','Альмухаметовский','с/с',4),(4532,484,'612443','Соколовское','с/п',4),(4533,16,NULL,'Ливны','г.',4),(4534,1382,'427077','Сосновское','с/п',4),(4535,1354,'242160','Кокоревское городское поселение','тер.',4),(4536,600,'442135','Администрация Кувак-Никольского сельсовета Нижнеломовского района Пензенской области','с/с',4),(4537,1234,'662066','Боготольский','с/с',4),(4538,425,'612226','Шкаланское','с/п',4),(4539,73,NULL,'Псков','г.',4),(4540,1563,'188640','Бугровская волость','массив',4),(4541,276,'306260','Рыбино-Будский','с/с',4),(4542,1382,'427079','Быгинское','с/п',4),(4543,1234,'662072','Александровский','с/с',4),(4544,1150,'453663','Темясовский','с/с',4),(4545,1274,'427910','Быргындинское','с/п',4),(4546,517,'427984','Оленье Болото','с/п',4),(4547,257,'453591','Байназаровский','с/с',4),(4548,394,'663763','Почетский','с/с',4),(4549,294,'662133','Полевской','с/с',4),(4550,972,'442026','Администрация Кирилловского сельсовета Земетчинского района Пензенской области','с/с',4),(4551,211,NULL,'Томмот','г.',4),(4552,1644,NULL,'Гидроторф','с/мо',4),(4553,812,'307818','Новоивановский','с/с',4),(4554,1013,NULL,'Горицкое','с/п',4),(4555,1013,NULL,'Приволжское','с/п',4),(4556,928,'673370','Шилка','г.',4),(4557,19,NULL,'Анжеро-Судженск','г.',4),(4558,622,'452400','Тавтимановский','с/с',4),(4559,442,'453715','Ильчигуловский','с/с',4),(4560,377,'427616','Качкашурское','с/п',4),(4561,400,'305523','Новопоселеновский','с/с',4),(4562,1040,NULL,'Ишим','г.',4),(4563,1563,'188640','Агалатово-2','массив',4),(4564,1028,'442800','Администрация Малосердобинского сельсовета Малосердобинского района Пензенской области','с/с',4),(4565,1098,'307424','Ольговский','с/с',4),(4566,1027,'612210','Ныровское','с/п',4),(4567,596,'663013','Памяти 13 Борцов','с/а',4),(4568,1325,'243430','Сетоловское сельское поселение','тер.',4),(4569,582,'442064','Администрация Сосновского сельсовета Башмаковского района пензенской области','с/с',4),(4570,19,NULL,'Мыски','г.',4),(4571,1158,'662042','Шадринский','с/с',4),(4572,1274,'427910','Малокалмашинское','с/п',4),(4573,787,'613450','Кырчанское','с/п',4),(4574,302,NULL,'Кострома','г.',4),(4575,412,NULL,'Урень','г.',4),(4576,21,NULL,'Зима','г.',4),(4577,321,'243053','Каменскохуторское сельское поселение','тер.',4),(4578,523,'442560','Старовершаутский сельсовет Лопатинского района Пензенской области','с/с',4),(4579,227,'187406','Волхов ул.Металлургов 28','массив',4),(4580,321,'243062','Лакомобудское сельское поселение','тер.',4),(4581,900,'442231','Администрация Покрово-Арчадинского сельсовета Каменского района Пензенской области','с/с',4),(4582,190,'612943','Рожкинское','с/п',4),(4583,683,'606340','Княгинино','г.',4),(4584,839,'612632','Родичевское','с/п',4),(4585,1676,'187300','Келколово-2','массив',4),(4586,1283,'427014','Якшурское','с/п',4),(4587,182,'307500','Первоавгустовский','с/с',4),(4588,881,'243155','Яловское сельское поселение','тер.',4),(4589,11,NULL,'Долгопрудный','г.',4),(4590,208,'663705','Александро-Ершинский','с/с',4),(4591,472,'663060','Айтатский','с/с',4),(4592,1076,'613200','Климковское','с/п',4),(4593,1382,'427076','Вортчинское','с/п',4),(4594,306,'243010','Шеломовское сельское поселение','тер.',4),(4595,762,'187650','Бокситогорск','г.',4),(4596,8,NULL,'Фокино','г.',4),(4597,1073,'453689','Дмитриевский','с/с',4),(4598,1819,'452221','Новокарьявдинский','с/с',4),(4599,898,'306539','Крутовский','с/с',4),(4600,225,'452433','Первомайский','с/с',4),(4601,528,'453234','Кузяновский','с/с',4),(4602,383,'452672','Умировский','с/с',4),(4603,572,NULL,'Усть-Джегута','г.',4),(4604,241,'307844','Сторожевский','с/с',4),(4605,1400,'452852','Краснохолмский','с/с',4),(4606,517,'427984','Тарасовское','с/п',4),(4607,64,'425000','Волжск','г.',4),(4608,1563,'188640','40 км Выборгского шоссе массив Ю','дп',4),(4609,199,'442258','Администрация Пушанинского сельсовета Белинского','с/с',4),(4610,317,'663803','Новогородский','с/с',4),(4611,528,'453228','Верхоторский','с/с',4),(4612,1074,'187000','Тосно','г.',4),(4613,723,'453627','Хамитовский','с/с',4),(4614,1017,'442446','Воробьевский сельсовет Шемышейского района Пензенской области','с/с',4),(4615,382,'453034','Азовский','с/с',4),(4616,377,'427627','Штанигуртское','с/п',4),(4617,398,'427775','Александровское','с/п',4),(4618,985,'442765','Степановский сельсовет Бессоновского района Пензенской области','с/с',4),(4619,161,'238120','Озерск','г.',4),(4620,1563,'188640','23 км Мурманского шоссе','массив',4),(4621,466,'306050','Свободинский','с/с',4),(4622,944,'307550','Гламаздинский','с/с',4),(4623,1283,'427021','Казмасское','с/п',4),(4624,1170,'442741','Ломовский сельсовет Лунинского района Пензенской области','с/с',4),(4625,517,'427984','Шадринское','с/п',4),(4626,1783,'452187','Исламбахтинский','с/с',4),(4627,618,NULL,'Агрыз','г.',4),(4628,62,NULL,'Канск','г.',4),(4629,1801,'452354','Чебыковский','с/с',4),(4630,483,'307931','Бобравский','с/с',4),(4631,51,NULL,'Можга','г.',4),(4632,539,'442577','Русско-Качимский сельсовет','с/с',4),(4633,362,'612010','Гостовское','с/п',4),(4634,396,'663973','Красногорьевский','с/с',4),(4635,139,NULL,'Ясногорск','г.',4),(4636,289,'427425','Большекиварское','с/п',4),(4637,88,NULL,'Волгодонск','г.',4),(4638,2007,'663654','Мельничный','с/с',4),(4639,671,'427255','Ува-Туклинское','с/п',4),(4640,19,NULL,'Прокопьевск','г.',4),(4641,1563,'188640','Матокса-Катумы','массив',4),(4642,830,'662174','Ключинский','с/с',4),(4643,76,NULL,'Ковров','г.',4),(4644,812,'307800','Гончаровский','с/с',4),(4645,442,'453715','Старобайрамгуловский','с/с',4),(4646,719,'663040','Сухобузимский','с/с',4),(4647,1515,'613250','Кобринское','с/п',4),(4648,1107,'442907','Администрация Малосергиевского сельсовета Тамалинского района Пензенской области','с/с',4),(4649,280,'243223','Молодьковское сельское поселение','тер.',4),(4650,1673,NULL,'Одинцово','г.',4),(4651,178,'307205','Лобазовский','с/с',4),(4652,550,'173018','Григоровское','с/п',4),(4653,199,'442256','Администрация Балкашинского сельсовета Белинского района Пензенской области','с/с',4),(4654,1364,'452945','Новокаинлыковский','с/с',4),(4655,419,NULL,'Темников','г.',4),(4656,1917,'452571','Карантравский','с/с',4),(4657,466,'306025','Дмитриевский','с/с',4),(4658,1781,'442174','Администрация Серго-Поливановского сельсовета Вадинского района Пензенской области','с/с',4),(4659,1400,'452865','Большекачаковский','с/с',4),(4660,733,'663643','Георгиевский','с/с',4),(4661,351,'612974','Слудское','с/п',4),(4662,1359,'632306','Щербаковский','с/с',4),(4663,1274,'427910','Колесниковское','с/п',4),(4664,396,'663980','Бородинский','с/с',4),(4665,1013,NULL,'Печетовское','с/п',4),(4666,392,'306110','Шумаковский','с/с',4),(4667,1877,'452728','Севадыбашевский','с/с',4),(4668,244,NULL,'Ардон','г.',4),(4669,528,'453237','Янурусовский','с/с',4),(4670,1259,NULL,'Сегежа','г.',4),(4671,1237,NULL,'Кулебаки','г.',4),(4672,353,'307081','Становской','с/с',4),(4673,1337,NULL,'Туймазы','г.',4),(4674,733,'663630','Филимоновский','с/с',4),(4675,1994,'307000','Мантуровский','с/с',4),(4676,400,'305524','Рышковский','с/с',4),(4677,1073,'453693','Канзафаровский','с/с',4),(4678,466,'306040','Будановский','с/с',4),(4679,898,NULL,'Щигры','г.',4),(4680,596,'663030','Устюгский','с/с',4),(4681,799,'613481','Архангельское','с/п',4),(4682,74,NULL,'Рязань','г.',4),(4683,797,NULL,'Алагир','г.',4),(4684,1158,'662040','Новочернореченский','с/с',4),(4685,42,NULL,'Березники','г.',4),(4686,1083,NULL,'Харабали','г.',4),(4687,425,'612251','Кугальское','с/п',4),(4688,1563,'188640','Ждановское озеро','массив',4),(4689,690,'601554','МО поселок Уршельский','тер.',4),(4690,400,'305510','Винниковский','с/с',4),(4691,306,'243002','Халеевичское сельское поселение','тер.',4),(4692,1563,'188640','в районе пос Рабочий','массив',4),(4693,1150,'453660','Мерясовский','с/с',4),(4694,1563,'188679','Кошкино','массив',4),(4695,1022,'243650','Гордеевское сельское поселение','тер.',4),(4696,400,'305526','Лебяженский','с/с',4),(4697,622,'452402','Ивано-Казанский','с/с',4),(4698,1381,'243371','Лопушское сельское поселение','тер.',4),(4699,517,'427984','Нечкинское','с/п',4),(4700,2,NULL,'Нефтекамск','г.',4),(4701,779,'652980','Спасск','пгт',4),(4702,232,'694550','Северо-Курильск','г.',4),(4703,11,NULL,'Климовск','г.',4),(4704,60,NULL,'Хвалынск','г.',4),(4705,1915,'452540','Тастубинский','с/с',4),(4706,276,'306243','Зоринский','с/с',4),(4707,753,'450900','Нагаевский','с/с',4),(4708,434,'633271','Красноярский','с/с',4),(4709,317,'663804','Новопокровский','с/с',4),(4710,351,'612977','Омгинское','с/п',4),(4711,372,'617000','Нытва','г.',4),(4712,1120,NULL,'Алексин','г.',4),(4713,1633,NULL,'Печоры','г.',4),(4714,445,NULL,'Валуйки','г.',4),(4715,896,'427824','Ильинское','с/п',4),(4716,1563,'188640','Лемболовская твердыня','массив',4),(4717,88,NULL,'Шахты','г.',4),(4718,690,'601525','МО поселок Мезиновский','тер.',4),(4719,396,'663953','Новосолянский','с/с',4),(4720,1109,'453010','Карламанский','с/с',4),(4721,601,'612194','Корминское','с/п',4),(4722,545,NULL,'Сланцы','г.',4),(4723,1224,'442509','Большетруевский сельсовет Кузнецкого района Пензенской области','с/с',4),(4724,1137,NULL,'Менделеевск','г.',4),(4725,1923,'453493','Турсагалинский','с/с',4),(4726,600,'442144','Администрация Голицынского сельсовета Нижнеломовского района Пензенской области','с/с',4),(4727,664,'453803','Самарский','с/с',4),(4728,1381,'243368','Орменское сельское поселение','тер.',4),(4729,180,NULL,'Курильск','г.',4),(4730,1204,'427270','Селтинское','с/п',4),(4731,1013,NULL,'Титовское','с/п',4),(4732,1798,'453383','Каргалинский','с/с',4),(4733,1260,'440510','Ленинский сельсовет Пензенского района Пензенской области','с/с',4),(4734,442,'453747','Наурузовский','с/с',4),(4735,972,'442011','Администрация Ушинского сельсовета Земетчинского района Пензенской области','с/с',4),(4736,186,'171361','Старица','г.',4),(4737,769,'442842','Администрация Катковского сельсовета Колышлейского района Пензенской области','с/с',4),(4738,779,NULL,'Таштагол','г.',4),(4739,276,'306251','Быкановский','с/с',4),(4740,1049,'678188','Удачный','г.',4),(4741,723,'453618','Краснобашкирский','с/с',4),(4742,234,'306007','Первомайский','с/с',4),(4743,88,NULL,'Батайск','г.',4),(4744,596,'663035','Шуваевский','с/с',4),(4745,1084,NULL,'Щекино','г.',4),(4746,1042,'663454','Нижнетерянский','с/с',4),(4747,685,NULL,'Очер','г.',4),(4748,377,'427617','Октябрьское','с/п',4),(4749,1132,NULL,'Пестриковское','с/п',4),(4750,1563,'188640','Капитолово-Лаврики','массив',4),(4751,1921,'453138','Дергачевский','с/с',4),(4752,1676,NULL,'Грибное','массив',4),(4753,4,NULL,'Кисловодск','г.',4),(4754,1150,'453673','Иткуловский 1-й','с/с',4),(4755,1013,NULL,'Неклюдовское','с/п',4),(4756,294,'662120','Новобирилюсский','с/с',4),(4757,1364,'452947','Новобуринский','с/с',4),(4758,1229,'629850','Тарко-Сале','г.',4),(4759,76,NULL,'Владимир','г.',4),(4760,1219,NULL,'Сафоново','г.',4),(4761,85,NULL,'Барнаул','г.',4),(4762,881,'243162','Колюдовское сельское поселение','тер.',4),(4763,944,'307555','Ольховский','с/с',4),(4764,377,'427601','Верхнебогатырское','с/п',4),(4765,472,'663073','Межовский','с/с',4),(4766,1007,'307358','Октябрьский','с/с',4),(4767,795,'453510','Нурский','с/с',4),(4768,12,NULL,'Иваново','г.',4),(4769,735,'427680','Юкаменское','с/п',4),(4770,38,NULL,'Светлый','г.',4),(4771,677,NULL,'Володарск','г.',4),(4772,1029,'243521','Овчинское сельское поселение','тер.',4),(4773,1429,'242251','Усохское сельское поселение','тер.',4),(4774,694,'249028','Ермолино','г.',4),(4775,1672,NULL,'Электроугли','г.',4),(4776,178,'307206','Плотавский','с/с',4),(4777,485,'427321','Водзимоньское','с/п',4),(4778,84,NULL,'Челябинск','г.',4),(4779,723,'453625','Амангильдинский','с/с',4),(4780,227,'187406','Волхов ул.Металлургов 24','массив',4),(4781,827,'612538','Астраханское','с/п',4),(4782,733,'663627','Краснокурышинский','с/с',4),(4783,321,'243071','Истопское сельское поселение','тер.',4),(4784,346,'442931','Администрация Миткирейского сельсовета Бековского района Пензенской области','с/с',4),(4785,830,'662173','Горный','с/с',4),(4786,542,'613815','Моломское','с/п',4),(4787,669,'613060','Ичетовкинское','с/п',4),(4788,600,NULL,'Нижний Ломов','г.',4),(4789,46,NULL,'Мончегорск','г.',4),(4790,753,'450520','Зубовский','с/с',4),(4791,523,'442564','Даниловский сельсовет Лопатинского района Пензенской области','с/с',4),(4792,775,'612450','Большевистское','с/п',4),(4793,85,NULL,'Славгород','г.',4),(4794,1069,'307100','Фатеж','г.',4),(4795,735,'427693','Ертемское','с/п',4),(4796,406,NULL,'Ижморский','пгт',4),(4797,472,'663064','Российский','с/с',4),(4798,1996,'613030','Просницкое','с/п',4),(4799,375,'241515','Отрадненское сельское поселение','тер.',4),(4800,723,'453612','Ташбулатовский','с/с',4),(4801,1169,'613366','Греховское','с/п',4),(4802,281,'301280','Болохово','г.',4),(4803,1132,NULL,'Давыдовское','с/п',4),(4804,1125,NULL,'Лодейное Поле','г.',4),(4805,1117,'613591','Паскинское','с/п',4),(4806,394,'663752','Новоуспенский','с/с',4),(4807,1022,'243661','Рудневоробьевское сельское поселение','тер.',4),(4808,795,'453530','Тирлянский','с/с',4),(4809,45,'164170','Мирный','г.',4),(4810,1033,'662636','Прихолмский','с/с',4),(4811,827,'612544','Сосновское','с/п',4),(4812,442,'453725','Кирябинский','с/с',4),(4813,321,'243076','Чолховское сельское поселение','тер.',4),(4814,210,NULL,'Меленки','г.',4),(4815,71,NULL,'Переславль-Залесский','г.',4),(4816,1073,'453685','Бердяшский','с/с',4),(4817,879,'612398','Корляковское','с/п',4),(4818,1275,'606210','Лысково','г.',4),(4819,432,NULL,'Сретенск','г.',4),(4820,1807,'452105','Сараевский','с/с',4),(4821,1007,'307348','Малогнеушевский','с/с',4),(4822,352,NULL,'Верхняя Салда','г.',4),(4823,317,'663816','Соколовский','с/с',4),(4824,1084,'301205','Советск','г.',4),(4825,14,NULL,'Новороссийск','г.',4),(4826,241,'307855','Волоконский','с/с',4),(4827,2007,'663660','Степановский','с/с',4),(4828,1224,'442519','Махалинский сельсовет Кузнецкого района Пензенской области','с/с',4),(4829,53,NULL,'Якутск','г.',4),(4830,1382,'427088','Нижнекиварское','с/п',4),(4831,485,'427310','Вавожское','с/п',4),(4832,542,'613813','Стрельское','с/п',4),(4833,353,'307078','Погоженский','с/с',4),(4834,528,'453236','Ишеевский','с/с',4),(4835,1138,'663594','Гладковский','с/с',4),(4836,1203,NULL,'Шарья','г.',4),(4837,1400,'452869','Суваляшевский','с/с',4),(4838,896,'427811','Иваново-Самарское','с/п',4),(4839,1012,'427898','Староутчанское','с/п',4),(4840,353,'307060','Выгорновский','с/с',4),(4841,1400,'452852','Новокраснохолмский','с/с',4),(4842,46,'184531','Оленегорск-1','г.',4),(4843,839,'612660','Комсомольское','с/п',4),(4844,666,'612092','Быстрицкое','с/п',4),(4845,1405,'442867','Администрация Гуленовского сельсовета Сердобского района Пензенской области','с/с',4),(4846,1337,'452790','Верхнебишиндинский','с/с',4),(4847,1033,'662631','Городокский','с/с',4),(4848,1262,NULL,'Сальск','г.',4),(4849,1069,'307120','Верхнелюбажский','с/с',4),(4850,42,NULL,'Губаха','г.',4),(4851,1048,'663555','Минский','с/с',4),(4852,37,NULL,'Клинцы','г.',4),(4853,1407,'141650','Высоковск','г.',4),(4854,596,'663034','Частоостровский','с/с',4),(4855,529,'453416','Михайловский','с/с',4),(4856,733,'663622','Терский','с/с',4),(4857,569,'613388','Ижевское','с/п',4),(4858,1877,'452710','Ташлыкульский','с/с',4),(4859,1042,'663459','Чуноярский','с/с',4),(4860,276,'306238','Каменский','с/с',4),(4861,722,'612324','Кокшагское','с/п',4),(4862,976,'662337','Новоалтатский','с/с',4),(4863,869,'662012','Леонтьевский','с/с',4),(4864,661,NULL,'Итатский','пгт',4),(4865,517,'427984','Мазунинское','с/п',4),(4866,1797,'452461','Баженовский','с/с',4),(4867,972,'442021','Администрация Салтыковского сельсовета Земетчинского района Пензенской области','с/с',4),(4868,795,'453524','Верхнеавзянский','с/с',4),(4869,503,'601125','Вольгинский','пгт',4),(4870,442,'453746','Озерный','с/с',4),(4871,317,'663806','Карапсельский','с/с',4),(4872,1224,'442503','Тарлаковский сельсовет Кузнецкого района Пензенской области','с/с',4),(4873,1362,NULL,'Рославль','г.',4),(4874,442,'453742','Уральский','с/с',4),(4875,26,NULL,'Каменск-Уральский','г.',4),(4876,622,'452429','Чуваш-Кубовский','с/с',4),(4877,671,'427230','Каркалайское','с/п',4),(4878,351,'612955','Старопинигерское','с/п',4),(4879,1414,NULL,'Юркинское болото','массив',4),(4880,552,NULL,'Жирятинское сельское поселение','тер.',4),(4881,227,'187406','Волхов ул.Металлургов 26','массив',4),(4882,375,'241525','Глинищевское сельское поселение','тер.',4),(4883,383,'452673','Староматинский','с/с',4),(4884,396,'663951','Малокамалинский','с/с',4),(4885,526,NULL,'Приволжск','г.',4),(4886,1283,'427018','Ягульское','с/п',4),(4887,208,'663712','Михайловский','с/с',4),(4888,442,'453713','Абзаковский','с/с',4),(4889,234,'306009','Горяйновский','с/с',4),(4890,723,'453628','Бурангуловский','с/с',4),(4891,400,'305511','Щетинский','с/с',4),(4892,68,NULL,'Астрахань','г.',4),(4893,1325,'243425','Чоповское сельское поселение','тер.',4),(4894,262,'641730','Далматово','г.',4),(4895,257,'453587','Аскаровский','с/с',4),(4896,1283,'427011','Хохряковское','с/п',4),(4897,383,'452659','Старокостеевский','с/с',4),(4898,8,NULL,'Большой Камень','г.',4),(4899,343,'359050','Городовиковск','г.',4),(4900,45,'165650','Коряжма','г.',4),(4901,753,'450501','Булгаковский','с/с',4),(4902,887,'306441','Краснополянский','с/с',4),(4903,1356,'307156','Веретенинский','с/с',4),(4904,666,'612097','Лугоболотное','с/п',4),(4905,790,'422610','Лаишево','г.',4),(4906,1563,'188640','Малое Кайдалово','массив',4),(4907,199,'442253','Администрация Волчковского сельсовета Белинского района Пензенской области','с/с',4),(4908,1132,NULL,'Булатовское','с/п',4),(4909,1364,'452941','Новокабановский','с/с',4),(4910,193,NULL,'Таруса','г.',4),(4911,1076,'613200','Дубровское','с/п',4),(4912,1563,'188640','Черная Речка','массив',4),(4913,148,'442491','Березовский сельсовет Неверкинского района Пензенской области','с/с',4),(4914,733,'663646','Рудянский','с/с',4),(4915,154,'612521','Медвеженское','с/п',4),(4916,1683,'165160','Шенкурск','г.',4),(4917,21,NULL,'Нижнеудинск','г.',4),(4918,1364,'452948','Новонагаевский','с/с',4),(4919,887,'306433','Ниженский','с/с',4),(4920,1175,'663862','Тиличетский','с/с',4),(4921,1173,'249910','Юхнов-2','г.',4),(4922,1124,'306600','Советский','с/с',4),(4923,753,'450570','Жуковский','с/с',4),(4924,1258,NULL,'Беслан','г.',4),(4925,375,'241519','Снежское сельское поселение','тер.',4),(4926,1096,'442384','Подгорненский сельсовет Мокшанского района Пензенской области','с/с',4),(4927,455,NULL,'Зеленодольск','г.',4),(4928,671,'427257','Сям-Можгинское','с/п',4),(4929,45,NULL,'Архангельск','г.',4),(4930,1124,'306600','Ленинский','с/с',4),(4931,383,'452668','Урманаевский','с/с',4),(4932,289,'427421','Светлянское','с/п',4),(4933,1175,'663827','Ивановский','с/с',4),(4934,517,'427984','Октябрьское','с/п',4),(4935,538,NULL,'Гудермес','г.',4),(4936,466,'306052','Апальковский','с/с',4),(4937,972,'442013','Администрация Большеижморского сельсовета Земетчинского района Пензенской области','с/с',4),(4938,1343,'442103','Администрация Черкасского сельсовета Пачелмского района Пензенской области','с/с',4),(4939,1819,'452213','Каразириковский','с/с',4),(4940,900,'442221','Администрация Анучинского сельсовета Каменского ра','с/с',4),(4941,1563,'188640','Белоостров','массив',4),(4942,190,'612928','Новосмаильское','с/п',4),(4943,596,'663027','Михайловский','с/с',4),(4944,528,'453230','Петровский','с/с',4),(4945,225,'452444','Никольский','с/с',4),(4946,900,'442247','Администрация города Каменки Каменского района Пензенской области','с/с',4),(4947,33,NULL,'Тында','г.',4),(4948,1563,'188640','39 км Мурманского шоссе','массив',4),(4949,1424,NULL,'Харовск','г.',4),(4950,1172,'601670','МО город Струнино','тер.',4),(4951,753,'450571','Юматовский','с/с',4),(4952,787,'613455','Перевозское','с/п',4),(4953,482,'613554','Лопьяльское','с/п',4),(4954,2007,'663653','Успенский','с/с',4),(4955,26,NULL,'Нижняя Салда','г.',4),(4956,622,'452401','Калтымановский','с/с',4),(4957,448,'243550','Погарское городское поселение','тер.',4),(4958,1382,'427087','Сюрсовайское','с/п',4),(4959,500,NULL,'Благовещенск','г.',4),(4960,470,NULL,'Прохладный','г.',4),(4961,596,'660015','Солонцовский','с/с',4),(4962,258,'452648','Чалмалинский','с/с',4),(4963,1017,'442445','Старозахаркинский сельсовет Шемышейского района Пензенской области','с/с',4),(4964,1204,'427285','Сюромошурское','с/п',4),(4965,2,'452681','Ташкиновский','с/с',4),(4966,42,NULL,'Кунгур','г.',4),(4967,5,NULL,'Ноябрьск','г.',4),(4968,769,'442837','Администрация Чубаровского сельсовета Колышлейского района Пензенской области','с/с',4),(4969,1223,NULL,'Калязин','г.',4),(4970,743,'216240','Демидов','г.',4),(4971,21,NULL,'Усть-Илимск','г.',4),(4972,985,'442761','Чемодановский сельсовет Бессоновского района Пензенской области','с/с',4),(4973,1719,'182620','Порхов','г.',4),(4974,295,'243315','Найтоповичское сельское поселение','тер.',4),(4975,1309,NULL,'Петухово','г.',4),(4976,1107,'442913','Администрация Волче-Вражского сельсовета Тамалинского района Пензенской области','с/с',4),(4977,1325,'243432','Дмитровское сельское поселение','тер.',4),(4978,937,'306212','Нагольненский','с/с',4),(4979,471,NULL,'Светогорск','г.',4),(4980,1065,'427712','Кизнерское','с/п',4),(4981,610,'427528','Исаковское','с/п',4),(4982,5,'629830','Губкинский','г.',4),(4983,553,'427509','Зюинское','с/п',4),(4984,1192,'216450','Починок','г.',4),(4985,1033,'662633','Новотроицкий','с/с',4),(4986,4,NULL,'Ставрополь','г.',4),(4987,5,NULL,'Новый Уренгой','г.',4),(4988,664,'453808','Новозирганский','с/с',4),(4989,517,'427984','Девятовское','с/п',4),(4990,553,'427503','Уканское','с/п',4),(4991,1007,NULL,'Рыльск','г.',4),(4992,664,'453814','Абишевский','с/с',4),(4993,1107,'442910','Администрация Вишневского сельсовета Тамалинского района Пензенской области','с/с',4),(4994,882,'238630','Полесск','г.',4),(4995,1563,'188640','Ваганово','массив',4),(4996,1081,'442320','Павло-Куракинский сельсовет','с/с',4),(4997,154,'612519','Поломское','с/п',4),(4998,1172,'601641','МО город Карабаново','тер.',4),(4999,1012,'427893','Азаматовское','с/п',4),(5000,1355,NULL,'Медвежьегорск','г.',4),(5001,503,'601130','МО поселок Городищи','тер.',4),(5002,331,'216790','Рудня','г.',4),(5003,88,NULL,'Таганрог','г.',4),(5004,1089,'613640','Верховинское','с/п',4),(5005,1676,'187300','Михайловский','массив',4),(5006,36,NULL,'Бугуруслан','г.',4),(5007,1337,'452774','Нуркеевский','с/с',4),(5008,664,'453800','Акъярский','с/с',4),(5009,1343,'442113','Администрация Новотолковского сельсовета Пачелмского района Пензенской области','с/с',4),(5010,769,'442825','Администрация Белокаменского сельсовета Колышлейского района Пензенской области','с/с',4),(5011,182,'307500','Новопершинский','с/с',4),(5012,1563,'188640','Озеро Сарженское','массив',4),(5013,227,'187406','Волхов ул.Металлургов 22','массив',4),(5014,149,'607693','Слободской','с/с',4),(5015,839,'612631','Покровское','с/п',4),(5016,397,NULL,'Стрелихинское','с/п',4),(5017,769,'442830','Администрация Зеленовского сельсовета Колышлейского района Пензенской области','с/с',4),(5018,1227,NULL,'Туринск','г.',4),(5019,610,'427527','Воегуртское','с/п',4),(5020,148,'442484','Планский сельсовет Неверкинского района Пензенской области','с/с',4),(5021,1608,'618820','Горнозаводск','г.',4),(5022,1139,'452385','Багазинский','с/с',4),(5023,753,'450533','Таптыковский','с/с',4),(5024,896,'427820','Малопургинское','с/п',4),(5025,610,'427542','Верх-Люкинское','с/п',4),(5026,841,'243613','Роговское сельское поселение','тер.',4),(5027,306,'243015','Верещакское сельское поселение','тер.',4),(5028,1400,'452857','Кельтеевский','с/с',4),(5029,1356,'307142','Разветьевский','с/с',4),(5030,1676,'187300','Апраксин','массив',4),(5031,858,'307705','Марицкий','с/с',4),(5032,1516,'612820','Лойнское','с/п',4),(5033,8,NULL,'Владивосток','г.',4),(5034,8,NULL,'Находка','г.',4),(5035,403,NULL,'Велиж','г.',4),(5036,559,'356809','Буденновск-9','тер.',4),(5037,383,'452673','Новоматинский','с/с',4),(5038,249,'442617','Администрация Устьинского сельсовета Спасского района Пензенской области','с/с',4),(5039,1563,NULL,'Лехтуси','массив',4),(5040,937,'306226','Сазановский','с/с',4),(5041,249,'442607','Администрация Рузановского сельсовета Спасского района Пензенской области','с/с',4),(5042,485,'427323','Брызгаловское','с/п',4),(5043,1563,'188640','Юкки','массив',4),(5044,19,NULL,'Киселевск','г.',4),(5045,394,'663755','Устьянский','с/с',4),(5046,528,'453232','Макаровский','с/с',4),(5047,753,'450056','Искинский','с/с',4),(5048,1308,'427744','Новогорское','с/п',4),(5049,1117,'613580','Зимнякское','с/п',4),(5050,1012,'427896','Варзи-Ятчинское','с/п',4),(5051,622,'452418','Надеждинский','с/с',4),(5052,2,'453833','Туялясский','с/с',4),(5053,1260,'440520','Леонидовский сельсовет Пензенского района Пензенской области','с/с',4),(5054,1117,'613573','Чернушинское','с/п',4),(5055,1414,'188480','Сережино','массив',4),(5056,669,'613090','Пашинское','с/п',4),(5057,1563,NULL,'Щеглово','массив',4),(5058,1150,'453631','Семеновский','с/с',4),(5059,87,'394045','Воронеж-45','г.',4),(5060,394,'663750','Долгомостовский','с/с',4),(5061,1994,'307020','Ястребовский','с/с',4),(5062,1029,'243524','Дегтяревское сельское поселение','тер.',4),(5063,464,'694030','Анива','г.',4),(5064,375,'241514','Домашовское сельское поселение','тер.',4),(5065,483,'307926','Малосолдатский','с/с',4),(5066,1273,'157130','Чухлома','г.',4),(5067,1934,NULL,'Спас-Деменск','г.',4),(5068,273,NULL,'Тейково','г.',4),(5069,898,'306502','Троицкокраснянский','с/с',4),(5070,1272,'188325','массив \"Березовая роща\"','массив',4),(5071,11,NULL,'Железнодорожный','г.',4),(5072,1671,NULL,'Егорьевск','г.',4),(5073,21,NULL,'Тулун','г.',4),(5074,1781,'442173','Администрация Большелукинского сельсовета Вадинского района Пензенской области','с/с',4),(5075,1498,'142302','Чехов-2','г.',4),(5076,769,'442840','Администрация Трескинского сельсовета Колышлейского района Пензенской области','с/с',4),(5077,1337,'452787','Чукадыбашевский','с/с',4),(5078,1792,'452096','Николаевский','с/с',4),(5079,249,'442603','Администрация Абашевского сельсовета Спасского района пензенской области','с/с',4),(5080,830,'662176','Тарутинский','с/с',4),(5081,704,'397461','Вознесенское','с/п',4),(5082,887,'306452','Стакановский','с/с',4),(5083,1315,'307054','Паникинский','с/с',4),(5084,477,'452883','Кигазинский','с/с',4),(5085,1515,'613240','Метелевское','с/п',4),(5086,221,'659300','Лесной','с/с',4),(5087,221,'659371','Светлоозерский','с/с',4),(5088,839,'612649','Юбилейное','с/п',4),(5089,1405,'442868','Администрация Пригородного сельсовета Сердобского района Пензенской области','с/с',4),(5090,898,'306510','Мелехинский','с/с',4),(5091,723,'453611','Баимовский','с/с',4),(5092,1996,'613006','Федяковское','с/п',4),(5093,610,'427532','Большеварыжское','с/п',4),(5094,52,NULL,'Барабинск','г.',4),(5095,382,'453030','Архангельский','с/с',4),(5096,1172,'601657','МО город Александров','тер.',4),(5097,1172,NULL,'Александров','г.',4),(5098,634,'601780','МО город Кольчугино','тер.',4),(5099,634,NULL,'Кольчугино','г.',4),(5100,835,'422000','Арск','г.',4),(5101,887,'306444','Михайловский','с/с',4),(5102,900,'442223','Администрация Междуреченского сельсовета Каменского района Пензенской области','с/с',4),(5103,69,'655111','Сорск','г.',4),(5104,289,'427400','Болгуринское','с/п',4),(5105,896,'427825','Бобья-Учинское','с/п',4),(5106,898,'306536','Вишневский','с/с',4),(5107,1803,'452823','Айбулякский','с/с',4),(5108,221,'659300','Заринский','с/с',4),(5109,221,'659370','Малоенисейский','с/с',4),(5110,221,'659300','Малоугреневский','с/с',4),(5111,221,'659300','Новиковский','с/с',4),(5112,221,'659300','Первомайский','с/с',4),(5113,1515,'613250','Чеглаковское','с/п',4),(5114,200,'613428','Большеперелазское','с/п',4),(5115,200,'613421','Речное','с/п',4),(5116,2007,'663661','Александровский','с/с',4),(5117,38,'238460','Ладушкин','г.',4),(5118,542,'613805','Альмежское','с/п',4),(5119,1420,'427102','Мукшинское','с/мо',4),(5120,1420,'427114','Большеошворцинское','с/мо',4),(5121,1420,'427110','Чуровское','с/мо',4),(5122,1420,'427100','Якшурское','с/мо',4),(5123,1420,'427104','Селычинское','с/мо',4),(5124,1420,'427105','Чернушинское','с/мо',4),(5125,1420,'427111','Пушкаревское','с/мо',4),(5126,1420,'427115','Кекоранское','с/мо',4),(5127,1420,'427113','Варавайское','с/мо',4),(5128,1420,'427112','Старозятцинское','с/мо',4),(5129,1420,'427120','Лынгинское','с/мо',4),(5130,1420,'427100','Якшур-Бодьинское','с/мо',4),(5131,1138,'663591','Большеарбайский','с/с',4),(5132,1007,'307352','Щекинский','с/с',4),(5133,1421,'427650','Агрикольское','с/мо',4),(5134,1421,'427662','Селеговское','с/мо',4),(5135,1421,'427652','Прохоровское','с/мо',4),(5136,1421,'427654','Кокман','с/мо',4),(5137,1421,'427656','Дебинское','с/мо',4),(5138,1421,'427650','Красногорское','с/мо',4),(5139,1421,'427661','Курьинское','с/мо',4),(5140,1421,'427664','Валамаз','с/мо',4),(5141,1421,'427660','Васильевское','с/мо',4),(5142,1421,'427665','Архангельское','с/мо',4),(5143,982,'442672','Усовский сельсовет','с/с',4),(5144,501,'663933','Рощинский','с/с',4),(5145,257,'453580','Новосубхангуловский','с/с',4),(5146,1003,'216330','Ельня','г.',4),(5147,52,NULL,'Новосибирск','г.',4),(5148,1429,'242231','Юровское сельское поселение','тер.',4),(5149,472,'663069','Еловский','с/с',4),(5150,500,'453447','Ильино-Полянский','с/с',4),(5151,1334,NULL,'Бурашевское','с/п',4),(5152,227,'187453','Новая Ладога','массив',4),(5153,295,'243321','Красновичское сельское поселение','тер.',4),(5154,664,'453805','Таналыкский','с/с',4),(5155,1081,'442341','Дигилевский сельсовет','с/с',4),(5156,317,'663815','Далайский','с/с',4),(5157,944,'307545','Романовский','с/с',4),(5158,1109,'453015','Савалеевский','с/с',4),(5159,485,'427324','Волипельгинское','с/п',4),(5160,706,'665660','Видим','рп',4),(5161,249,'442600','Спасск','г.',4),(5162,1337,'452776','Ильчимбетовский','с/с',4),(5163,400,'305541','Шумаковский','с/с',4),(5164,749,'612138','Вонданское','с/п',4),(5165,1121,'307452','Веселовский','с/с',4),(5166,351,'612953','Чекашевское','с/п',4),(5167,6,NULL,'Шебекино','г.',4),(5168,690,'601530','МО поселок Анопино','тер.',4),(5169,227,'187406','Волхов ул.Металлургов 19','массив',4),(5170,280,'243220','Мглин','г.',4),(5171,505,'249270','Сухиничи','г.',4),(5172,1796,'453331','Кировский','с/с',4),(5173,1440,'623640','Талица','г.',4),(5174,26,NULL,'Качканар','г.',4),(5175,26,NULL,'Нижняя Тура','г.',4),(5176,1442,'623090','Нижние Серги','г.',4),(5177,1442,'623080','Михайловск','г.',4),(5178,839,'612636','Морозовское','с/п',4),(5179,398,'427778','Нынекское','с/п',4),(5180,1563,'188640','Кяселево','массив',4),(5181,207,'157170','Солигалич','г.',4),(5182,398,'427769','Черемушкинское','с/п',4),(5183,690,'601521','МО поселок Иванищи','тер.',4),(5184,1138,'663593','Орьевский','с/с',4),(5185,812,'307833','Мартыновский','с/с',4),(5186,858,'307721','Густомойский','с/с',4),(5187,787,'613440','Рябиновское','с/п',4),(5188,1138,'663582','Межевский','с/с',4),(5189,8,NULL,'Лесозаводск','г.',4),(5190,501,NULL,'Уяр','г.',4),(5191,898,'306511','Титовский','с/с',4),(5192,1098,'307413','Пушкарский','с/с',4),(5193,1453,'416111','Нариманов','г.',4),(5194,1454,'624021','Сысерть','г.',4),(5195,1454,'624002','Арамиль','г.',4),(5196,1456,NULL,'Каргат','г.',4),(5197,46,NULL,'Апатиты','г.',4),(5198,1458,NULL,'Чулым','г.',4),(5199,46,NULL,'Полярные Зори','г.',4),(5200,26,NULL,'Асбест','г.',4),(5201,52,NULL,'Татарск','г.',4),(5202,26,NULL,'Заречный','г.',4),(5203,1481,'168035','Намск','п/о',4),(5204,1481,NULL,'Позтыкерес','п/о',4),(5205,1481,'168056','Большелуг','п/о',4),(5206,1481,NULL,'Усть-Лэкчим','п/о',4),(5207,1481,'168023','Маджа','п/о',4),(5208,1481,'168044','Нёбдино','п/о',4),(5209,1481,NULL,'Аджером','п/о',4),(5210,1481,'168057','Богородск','п/о',4),(5211,1481,'168051','Вомын','п/о',4),(5212,1481,'168052','Подъельск','п/о',4),(5213,1481,'168059','Нившера','п/о',4),(5214,1481,NULL,'Керес','п/о',4),(5215,266,NULL,'Называевск','г.',4),(5216,26,NULL,'Среднеуральск','г.',4),(5217,26,NULL,'Верхняя Пышма','г.',4),(5218,1465,NULL,'Новоузенск','г.',4),(5219,26,'624860','Камышлов','г.',4),(5220,1468,NULL,'Конаково','г.',4),(5221,16,NULL,'Орел','г.',4),(5222,6,NULL,'Губкин','г.',4),(5223,26,NULL,'Кушва','г.',4),(5224,62,'660910','Кедровый','п.',4),(5225,26,NULL,'Красноуральск','г.',4),(5226,26,NULL,'Верхняя Тура','г.',4),(5227,1471,NULL,'Невьянск','г.',4),(5228,26,NULL,'Верхний Тагил','г.',4),(5229,26,NULL,'Кировград','г.',4),(5230,26,NULL,'Первоуральск','г.',4),(5231,26,NULL,'Дегтярск','г.',4),(5232,26,NULL,'Ревда','г.',4),(5233,26,NULL,'Новоуральск','г.',4),(5234,26,NULL,'Лесной','г.',4),(5235,501,'663911','Толстихинский','с/с',4),(5236,1178,NULL,'Бутурлиновка','г.',4),(5237,535,NULL,'Чкаловск','г.',4),(5238,896,'427805','Кечевское','с/п',4),(5239,896,'427810','Уромское','с/п',4),(5240,1563,'188640','37 км Выборгского шоссе','тер.',4),(5241,8,NULL,'Партизанск','г.',4),(5242,1354,'242171','Селеченское сельское поселение','тер.',4),(5243,1676,'187323','Горы-2','массив',4),(5244,1563,NULL,'Агалатово','массив',4),(5245,1484,NULL,'Пролетарск','г.',4),(5246,1486,NULL,'Константиновск','г.',4),(5247,88,NULL,'Зверево','г.',4),(5248,88,NULL,'Новошахтинск','г.',4),(5249,1544,NULL,'Красный Сулин','г.',4),(5250,88,NULL,'Гуково','г.',4),(5251,1489,'413371','Новоалександровский','с/о',4),(5252,1490,'346630','Семикаракорск','г.',4),(5253,1491,NULL,'Красный Кут','г.',4),(5254,6,NULL,'Старый Оскол','г.',4),(5255,1525,'456120','Юрюзань','г.',4),(5256,1525,'456110','Катав-Ивановск','г.',4),(5257,84,NULL,'Усть-Катав','г.',4),(5258,1538,NULL,'Сатка','г.',4),(5259,1529,'456940','Куса','г.',4),(5260,1536,NULL,'Вяземский','г.',4),(5261,1538,NULL,'Бакал','г.',4),(5262,1540,NULL,'Касли','г.',4),(5263,1545,'456970','Нязепетровск','г.',4),(5264,84,NULL,'Верхний Уфалей','г.',4),(5265,719,'663052','Шилинский','с/с',4),(5266,1524,'601216','МО сельское поселение Асерховское','тер.',4),(5267,1524,'601217','МО сельское поселение Березниковское','тер.',4),(5268,1524,'601211','МО сельское поселение Воршинское','тер.',4),(5269,1524,'601212','МО сельское поселение Колокшанское','тер.',4),(5270,1524,'601246','МО сельское поселение Копнинское','тер.',4),(5271,1524,'601232','МО сельское поселение Рождественское','тер.',4),(5272,1524,'601225','МО сельское поселение Толпуховское','тер.',4),(5273,1524,'601235','МО сельское поселение Черкутинское','тер.',4),(5274,1524,'601223','МО сельское поселение Куриловское','тер.',4),(5275,1524,'601240','МО город Лакинск','тер.',4),(5276,1524,'601204','МО город Собинка','тер.',4),(5277,1524,'601221','МО поселок Ставрово','тер.',4),(5278,875,'410511','Александровское муниципальное образование','тер.',4),(5279,875,'410513','Багаевское муниципальное образование','тер.',4),(5280,875,'410533','Вольновское муниципальное образование','тер.',4),(5281,875,'410530','Дубковское муниципальное образование','тер.',4),(5282,875,'410503','Михайловское муниципальное образование','тер.',4),(5283,875,'410506','Расковское муниципальное образование','тер.',4),(5284,875,'410520','Рыбушанское муниципальное образование','тер.',4),(5285,875,'410517','Синеньское муниципальное образование','тер.',4),(5286,875,'410540','Усть-Курдюмское муниципальное образование','тер.',4),(5287,875,'410502','Краснооктябрьское муниципальное образование','тер.',4),(5288,875,'410515','Красный Текстильщик муниципальное образование','тер.',4),(5289,875,'410501','Соколовское муниципальное образование','тер.',4),(5290,1272,'188320','Антропшино (коммунарское)','массив',4),(5291,48,NULL,'Уварово','г.',4),(5292,66,NULL,'Бикин','г.',4),(5293,2,NULL,'Сибай','г.',4),(5294,681,NULL,'Малая Вишера','г.',4),(5295,11,NULL,'Протвино','г.',4),(5296,1563,'188640','Елизаветинка','массив',4),(5297,945,'243281','Мохоновское сельское поселение','тер.',4),(5298,1563,'188640','Скотное','массив',4),(5299,976,'662322','Парнинский','с/с',4),(5300,46,'184640','Островной','г.',4),(5301,400,'305504','Нижнемедведицкий','с/с',4),(5302,1287,'663793','Фаначетский','с/с',4),(5303,643,NULL,'Озеры','г.',4),(5304,1337,'452772','Тюменяковский','с/с',4),(5305,1921,'453163','Чуртановский','с/с',4),(5306,48,'393194','Котовск','г.',4),(5307,1910,'648373','Куюмбинский','с/с',4),(5308,1910,'648364','Ошаровский','с/с',4),(5309,1910,'648371','Полигусовский','с/с',4),(5310,394,'663766','Хандальский','с/с',4),(5311,396,'663960','Налобинский','с/с',4),(5312,579,'172530','Белый','г.',4),(5313,1381,NULL,'Утынское сельское поселение','тер.',4),(5314,1594,'668110','Чадан','г.',4),(5315,1211,NULL,'Россошь','г.',4),(5316,448,'243540','Гриневское сельское поселение','тер.',4),(5317,342,NULL,'Певек','г.',4),(5318,448,'243571','Чаусовское сельское поселение','тер.',4),(5319,377,'427612','Понинское','с/п',4),(5320,1161,'385633','Айрюмовское','с/п',4),(5321,1161,'385600','Гиагинское','с/п',4),(5322,1161,'385635','Дондуковское','с/п',4),(5323,1161,'385632','Келермесское','с/п',4),(5324,1161,'385637','Сергиевское','с/п',4),(5325,1149,'385431','Блечепсинское','с/п',4),(5326,1149,'385436','Вольненское','с/п',4),(5327,1149,'385424','Дмитриевское','с/п',4),(5328,1149,'385421','Егерухайское','с/п',4),(5329,1149,'385430','Игнатьевское','с/п',4),(5330,1149,'385400','Кошехабльское','с/п',4),(5331,1149,'385433','Майское','с/п',4),(5332,1149,'385434','Натырбовское','с/п',4),(5333,1149,'385438','Ходзенское','с/п',4),(5334,1403,'385331','Белосельское','с/п',4),(5335,1403,'385324','Большесидоровское','с/п',4),(5336,1403,'385322','Еленовское','с/п',4),(5337,1403,'385300','Красногвардейское','с/п',4),(5338,1403,'385333','Садовое','с/п',4),(5339,1403,'385326','Уляпское','с/п',4),(5340,1403,'385321','Хатукайское','с/п',4),(5341,1101,'385774','Абадзехское','с/п',4),(5342,1101,'385792','Даховское','с/п',4),(5343,1101,'385768','Кировское','с/п',4),(5344,1101,'385740','Краснооктябрьское','с/п',4),(5345,1101,'385762','Красноульское','с/п',4),(5346,1101,'385765','Кужорское','с/п',4),(5347,1101,'385773','Побединское','с/п',4),(5348,1101,'385746','Тимирязевское','с/п',4),(5349,376,'385123','Афипсипское','с/п',4),(5350,376,'385129','Козетское','с/п',4),(5351,376,'385112','Старобжегокайское','с/п',4),(5352,376,'385100','Тахтамукайское','с/п',4),(5353,376,'385124','Шенджийское','с/п',4),(5354,884,'385231','Ассоколайское','с/п',4),(5355,884,'385225','Вочепшийское','с/п',4),(5356,884,'385234','Габукайское','с/п',4),(5357,884,'385235','Джиджихабльское','с/п',4),(5358,884,'385230','Понежукайское','с/п',4),(5359,884,'385225','Пчегатлукайское','с/п',4),(5360,404,'385461','Джерокайское','с/п',4),(5361,404,'385447','Дукмасовское','с/п',4),(5362,404,'385445','Заревское','с/п',4),(5363,404,'385440','Мамхегское','с/п',4),(5364,404,'385440','Хакуринохабльское','с/п',4),(5365,404,'385462','Хатажукайское','с/п',4),(5366,774,NULL,'Анапа','г.',4),(5367,1733,NULL,'Тюкалинск','г.',4),(5368,1732,NULL,'Тара','г.',4),(5369,986,'413614','Балашинское муниципальное образование','тер.',4),(5370,986,'413617','Заволжское муниципальное образование','тер.',4),(5371,986,'413602','Ленинское муниципальное образование','тер.',4),(5372,986,'413604','Липовское муниципальное образование','тер.',4),(5373,986,'413613','Озерское муниципальное образование','тер.',4),(5374,986,'413620','Озинское муниципальное образование','тер.',4),(5375,986,'413618','Первоцелинное муниципальное образование','тер.',4),(5376,986,'413605','Пигаревское муниципальное образование','тер.',4),(5377,986,'413603','Сланцерудниковское муниципальное образование','тер.',4),(5378,986,'413615','Урожайное муниципальное образование','тер.',4),(5379,986,'413609','Чалыклинское муниципальное образование','тер.',4),(5380,614,'413410','Мокроусское муниципальное образование','тер.',4),(5381,614,'413408','Борисоглебовское муниципальное образование','тер.',4),(5382,614,'413416','Долинское муниципальное образование','тер.',4),(5383,614,'413400','Ерусланское муниципальное образование','тер.',4),(5384,614,'413423','Калдинское муниципальное образование','тер.',4),(5385,614,'413401','Калужское муниципальное образование','тер.',4),(5386,614,'413422','Морцевское муниципальное образование','тер.',4),(5387,614,'413425','Мунинское муниципальное образование','тер.',4),(5388,614,'413418','Николаевское муниципальное образование','тер.',4),(5389,614,'413424','Никольское муниципальное образование','тер.',4),(5390,614,'413414','Первомайское муниципальное образование','тер.',4),(5391,614,'413412','Романовское муниципальное образование','тер.',4),(5392,614,'413418','Семеновское муниципальное образование','тер.',4),(5393,614,'413421','Спартакское муниципальное образование','тер.',4),(5394,614,'413413','Федоровское муниципальное образование','тер.',4),(5395,233,'412836','Бобровское муниципальное образование','тер.',4),(5396,233,'412816','Высоковское муниципальное образование','тер.',4),(5397,233,'412845','Гвардейское муниципальное образование','тер.',4),(5398,233,'412825','Золотовское муниципальное образование','тер.',4),(5399,233,'412815','Каменское муниципальное образование','тер.',4),(5400,233,'412810','Карамышское муниципальное образование','тер.',4),(5401,233,'412811','Ключевское муниципальное образование','тер.',4),(5402,233,'412832','Луганское муниципальное образование','тер.',4),(5403,233,'412833','Некрасовское муниципальное образование','тер.',4),(5404,233,'412841','Нижнебанновское муниципальное образование','тер.',4),(5405,233,'412821','Садовское муниципальное образование','тер.',4),(5406,233,'412834','Сплавнухинское муниципальное образование','тер.',4),(5407,233,'412813','Паницкое муниципальное образование','тер.',4),(5408,233,'412823','Ревинское муниципальное образование','тер.',4),(5409,233,'412840','Россошанское муниципальное образование','тер.',4),(5410,233,'412812','Рогаткинское муниципальное образование','тер.',4),(5411,233,'412814','Меловское муниципальное образование','тер.',4),(5412,233,'412830','Мордовинское муниципальное образование','тер.',4),(5413,845,'413810','Быково-Отрогское муниципальное образование','тер.',4),(5414,845,'413807','Головановское муниципальное образование','тер.',4),(5415,845,'413823','Еланское муниципальное образование','тер.',4),(5416,845,'413832','Комсомольское муниципальное образование','тер.',4),(5417,845,'413835','Кормежское муниципальное образование','тер.',4),(5418,845,'413821','Красноярское муниципальное образование','тер.',4),(5419,845,'413803','Матвеевское муниципальное образование','тер.',4),(5420,845,'413822','Маянгское муниципальное образование','тер.',4),(5421,845,'413801','Натальинское муниципальное образование','тер.',4),(5422,845,'413837','Наумовское муниципальное образование','тер.',4),(5423,845,'413836','Новоелюзанское муниципальное образование','тер.',4),(5424,845,'413805','Новониколаевское муниципальное образование','тер.',4),(5425,845,'413809','Новониколевское муниципальное образование','тер.',4),(5426,845,'413825','Новополеводинское муниципальное образование','тер.',4),(5427,845,'413808','Подсосенское муниципальное образование','тер.',4),(5428,845,'413811','Пылковское муниципальное образование','тер.',4),(5429,845,'413833','Сухо-Отрогское муниципальное образование','тер.',4),(5430,657,'412351','Барковское муниципальное образование','тер.',4),(5431,657,'412342','Большемеликское муниципальное образование','тер.',4),(5432,657,'412333','Лесновское муниципальное образование','тер.',4),(5433,657,'412352','Малосеменовское муниципальное образование','тер.',4),(5434,657,'412354','Новопокровское муниципальное образование','тер.',4),(5435,657,'412346','Октябрьское муниципальное образование','тер.',4),(5436,657,'412321','Первомайское муниципальное образование','тер.',4),(5437,657,'412324','Пинеровское муниципальное образование','тер.',4),(5438,657,'412325','Репинское муниципальное образование','тер.',4),(5439,657,'412335','Родничковское муниципальное образование','тер.',4),(5440,657,'412355','Соцземледельское муниципальное образование','тер.',4),(5441,657,'412330','Старохоперское муниципальное образование','тер.',4),(5442,657,'412337','Терновское муниципальное образование','тер.',4),(5443,657,'412327','Тростянское муниципальное образование','тер.',4),(5444,657,'412341','Хоперское муниципальное образование','тер.',4),(5445,1564,'412419','Барановское муниципальное образование','тер.',4),(5446,1564,'412431','Большеекатериновское муниципальное образование','тер.',4),(5447,1564,'412409','Даниловское муниципальное образование','тер.',4),(5448,1564,'412408','Елизаветинское муниципальное образование','тер.',4),(5449,1564,'412404','Ершовское муниципальное образование','тер.',4),(5450,1564,'412435','Земляно-Хуторское муниципальное образование','тер.',4),(5451,1564,'412406','Кочетовское муниципальное образование','тер.',4),(5452,1564,'412430','Лопуховское муниципальное образование','тер.',4),(5453,1564,'412411','Озерное муниципальное образование','тер.',4),(5454,1564,'412401','Песчанское муниципальное образование','тер.',4),(5455,1564,'412438','Петровское муниципальное образование','тер.',4),(5456,1564,'412410','Приреченское муниципальное образование','тер.',4),(5457,1564,'412413','Тургеневское муниципальное образование','тер.',4),(5458,1564,'412414','Языковское муниципальное образование','тер.',4),(5459,145,'413534','Антоновское муниципальное образование','тер.',4),(5460,145,'413535','Декабристское муниципальное образование','тер.',4),(5461,145,'413524','Краснянское муниципальное образование','тер.',4),(5462,145,'413514','Кушумское муниципальное образование','тер.',4),(5463,145,'413531','Марьевское муниципальное образование','тер.',4),(5464,145,'413517','Миусское муниципальное образование','тер.',4),(5465,145,'413506','Моховское муниципальное образование','тер.',4),(5466,145,'413520','Новокраснянское муниципальное образование','тер.',4),(5467,145,'413508','Новорепинское муниципальное образование','тер.',4),(5468,145,'413513','Новосельское муниципальное образование','тер.',4),(5469,145,'413509','Орлово-Гайское муниципальное образование','тер.',4),(5470,145,'413526','Перекопновское муниципальное образование','тер.',4),(5471,145,'413536','Рефлекторское муниципальное образование','тер.',4),(5472,145,'413512','Чапаевское муниципальное образование','тер.',4),(5473,647,'412976','Барановское муниципальное образование','тер.',4),(5474,647,'412971','Белогорновское муниципальное образование','тер.',4),(5475,647,'412940','Верхнечернавское муниципальное образование','тер.',4),(5476,647,'412961','Кряжимское муниципальное образование','тер.',4),(5477,647,'412947','Колоярское муниципальное образование','тер.',4),(5478,647,'412930','Куриловское муниципальное образование','тер.',4),(5479,647,'412974','Междуреченское муниципальное образование','тер.',4),(5480,647,'412941','Нижнечернавское муниципальное образование','тер.',4),(5481,647,'412942','Покровское муниципальное образование','тер.',4),(5482,647,'412975','Сенное муниципальное образование','тер.',4),(5483,647,'412934','Талалихинское муниципальное образование','тер.',4),(5484,647,'412932','Терсинское муниципальное образование','тер.',4),(5485,647,'412954','Черкасское муниципальное образование','тер.',4),(5486,647,'412935','Широкобуеракское муниципальное образование','тер.',4),(5487,239,'412120','Екатериновское муниципальное образование','тер.',4),(5488,239,'412143','Андреевское муниципальное образование','тер.',4),(5489,239,'412141','Альшанское муниципальное образование','тер.',4),(5490,239,'412144','Бакурское муниципальное образование','тер.',4),(5491,239,'412133','Вязовское муниципальное образование','тер.',4),(5492,239,'412134','Галаховское муниципальное образование','тер.',4),(5493,239,'412111','Индустриальное муниципальное образование','тер.',4),(5494,239,'412116','Кипецкое муниципальное образование','тер.',4),(5495,239,'412136','Коленовское муниципальное образование','тер.',4),(5496,239,'412140','Комаровское муниципальное образование','тер.',4),(5497,239,'412142','Крутоярское муниципальное образование','тер.',4),(5498,239,'412138','Новоселовское муниципальное образование','тер.',4),(5499,239,'412139','Прудовое муниципальное образование','тер.',4),(5500,239,'412132','Сластухинское муниципальное образование','тер.',4),(5501,1652,'412601','Базарно-Карабулакское муниципальное образование','тер.',4),(5502,1652,'412606','Алексеевское муниципальное образование','тер.',4),(5503,1652,'412618','Большечечуйское муниципальное образование','тер.',4),(5504,1652,'412624','Вязовское муниципальное образование','тер.',4),(5505,1652,'412614','Липовское муниципальное образование','тер.',4),(5506,1652,'412629','Максимовское муниципальное образование','тер.',4),(5507,1652,'412616','Свободинское муниципальное образование','тер.',4),(5508,1652,'412607','Старобурасское муниципальное образование','тер.',4),(5509,1652,'412622','Старожуковское муниципальное образование','тер.',4),(5510,1652,'412609','Тепляковское муниципальное образование','тер.',4),(5511,1652,'412620','Хватовское муниципальное образование','тер.',4),(5512,1652,'412612','Шняевское муниципальное образование','тер.',4),(5513,1652,'412613','Яковлевское муниципальное образование','тер.',4),(5514,1491,'413246','Верхнеерусланское муниципальное образование','тер.',4),(5515,1491,'413261','Дьяковское муниципальное образование','тер.',4),(5516,1491,'413252','Ждановское муниципальное образование','тер.',4),(5517,1491,'413242','Журавлевское муниципальное образование','тер.',4),(5518,1491,'413255','Интернациональное муниципальное образование','тер.',4),(5519,1491,'413265','Комсомольское муниципальное образование','тер.',4),(5520,1491,'413259','Лавровское муниципальное образование','тер.',4),(5521,1491,'413247','Лебедевское муниципальное образование','тер.',4),(5522,1491,'413251','Логиновское муниципальное образование','тер.',4),(5523,1491,'413254','Первомайское муниципальное образование','тер.',4),(5524,1491,'413266','Усатовское муниципальное образование','тер.',4),(5525,1491,'413267','Чкаловское муниципальное образование','тер.',4),(5526,1995,'412464','Александровское муниципальное образование','тер.',4),(5527,1995,'412461','Ахтубинское муниципальное образование','тер.',4),(5528,1995,'412453','Казачкинское муниципальное образование','тер.',4),(5529,1995,'412475','Колокольцовское муниципальное образование','тер.',4),(5530,1995,'412457','Малоекатериновское муниципальное образование','тер.',4),(5531,1995,'412470','Новоивановское муниципальное образование','тер.',4),(5532,1995,'412454','Озерское муниципальное образование','тер.',4),(5533,1995,'412473','Свердловское муниципальное образование','тер.',4),(5534,1995,'412466','Сергиевское муниципальное образование','тер.',4),(5535,1995,'412472','Симоновское муниципальное образование','тер.',4),(5536,1995,'412456','Таловское муниципальное образование','тер.',4),(5537,1995,'412462','Широкоуступское муниципальное образование','тер.',4),(5538,1465,'413344','Алгайское муниципальное образование','тер.',4),(5539,1465,'413350','Бессоновское муниципальное образование','тер.',4),(5540,1465,'413351','Горькореченское муниципальное образование','тер.',4),(5541,1465,'413342','Дмитриевское муниципальное образование','тер.',4),(5542,1465,'413346','Дюрское муниципальное образование','тер.',4),(5543,1465,'413343','Куриловское муниципальное образование','тер.',4),(5544,1465,'413350','Олоновское муниципальнок образование','тер.',4),(5545,1465,'413345','Петропавловское муниципальное образование','тер.',4),(5546,1465,'413352','Пограниченское муниципальное образование','тер.',4),(5547,1465,'413341','Радищевское муниципальное образование','тер.',4),(5548,1465,'413360','Чертанлинское муниципальное образование','тер.',4),(5549,1210,'413753','Грачево-Кустовское муниципальное образование','тер.',4),(5550,1210,'413760','Иванихинское муниципальное образование','тер.',4),(5551,1210,'413762','Кучумбетовское муниципальное образование','тер.',4),(5552,1210,'413755','Молодежное муниципальное образование','тер.',4),(5553,1210,'413761','Натальиноярское муниципальное образование','тер.',4),(5554,1210,'413764','Нижнепокровское муниципальное образование','тер.',4),(5555,1210,'413768','Октябрьское муниципальное образование','тер.',4),(5556,1210,'413765','Первомайское муниципальное образование','тер.',4),(5557,1210,'413750','Перелюбское муниципальное образование','тер.',4),(5558,1210,'413752','Смородинское муниципальное образование','тер.',4),(5559,1210,'413754','Тепловское муниципальное образование','тер.',4),(5560,1210,'413763','Целинное муниципальное образование','тер.',4),(5561,866,'412860','Лысогорское','тер.',4),(5562,866,'412875','Большедмитриевское муниципальное образование','тер.',4),(5563,866,'412873','Большекопенское муниципальное образование','тер.',4),(5564,866,'412883','Большерельненское муниципальное образование','тер.',4),(5565,866,'412860','Бутырское муниципальное образование','тер.',4),(5566,866,'412878','Гремячинское муниципальное образование','тер.',4),(5567,866,'412869','Новокрасавское муниципальное образование','тер.',4),(5568,866,'412865','Октябрьское муниципальное образование','тер.',4),(5569,866,'412874','Раздольновское муниципальное образование','тер.',4),(5570,866,'412881','Урицкое муниципальное образование','тер.',4),(5571,866,'412882','Ширококарамышское муниципальное образование','тер.',4),(5572,714,'412170','Татищевское муниципальное образование','тер.',4),(5573,714,'412186','Большеивановское муниципальное образование','тер.',4),(5574,714,'412181','Вязовское муниципальное образование','тер.',4),(5575,714,'412175','Идолгское муниципальное образование','тер.',4),(5576,714,'412172','Карамышское муниципальное образование','тер.',4),(5577,714,'412177','Мизино-Лапшиновское муниципальное образование','тер.',4),(5578,714,'412165','Октябрьское муниципальное образование','тер.',4),(5579,714,'412160','Садовское муниципальное образование','тер.',4),(5580,714,'412192','Сторожевское муниципальное образование','тер.',4),(5581,714,'412191','Широкинское муниципальное образование','тер.',4),(5582,714,'412185','Ягодно-Полянское муниципальное образование','тер.',4),(5583,327,'413710','Давыдовское муниципальное образование','тер.',4),(5584,327,'413705','Заволжское муниципальное образование','тер.',4),(5585,327,'413712','Клинцовское муниципальное образование','тер.',4),(5586,327,'413702','Краснореченское муниципальное образование','тер.',4),(5587,327,'413701','Надеждинское муниципальное образование','тер.',4),(5588,327,'413707','Преображенское муниципальное образование','тер.',4),(5589,327,'413717','Рахмановское муниципальное образование','тер.',4),(5590,327,'413718','Старопорубежское муниципальное образщование','тер.',4),(5591,327,'413711','Чапаевское муниципальное образование','тер.',4),(5592,157,'412070','Турковское муниципальное образование','тер.',4),(5593,157,'412074','Бороно-Михайловское муниципальное образование','тер.',4),(5594,157,'412077','Каменское муниципальное образование','тер.',4),(5595,157,'412083','Марьинское муниципальное образование','тер.',4),(5596,157,'412078','Перевесино-Михайловское муниципальное образование','тер.',4),(5597,157,'412073','Перевесинское муниципальное образование','тер.',4),(5598,157,'412081','Рязанское муниципальное образование','тер.',4),(5599,157,'412080','Студеновское муниципальное образование','тер.',4),(5600,157,'412086','Чернавское муниципальное образование','тер.',4),(5601,492,'412761','Алексеевское муниципальное образование','тер.',4),(5602,492,'412765','Апалихинское муниципальное образование','тер.',4),(5603,492,'412753','Благодатинское муниципальное образование','тер.',4),(5604,492,'412750','Возрожденческое муниципальное образование','тер.',4),(5605,492,'412769','Горюшинское муниципальное образование','тер.',4),(5606,492,'412757','Елшанское муниципальное образование','тер.',4),(5607,492,'412755','Северное муниципальное образование','тер.',4),(5608,492,'412777','Сосново-Мазинское муниципальное образование','тер.',4),(5609,417,'413950','Ивантеевское муниципальное образование','тер.',4),(5610,417,'413961','Раевское муниципальное образование','тер.',4),(5611,417,'413952','Бартеневское муниципальное образование','тер.',4),(5612,417,'413954','Знаменское муниципальное образование','тер.',4),(5613,417,'413965','Чернавское муниципальное образование','тер.',4),(5614,417,'413960','Ивановское муниципальное образование','тер.',4),(5615,417,'413963','Канаевское муниципальное образование','тер.',4),(5616,417,'413953','Николаевское муниципальное образование','тер.',4),(5617,417,'413964','Яблоново-Гайское муниципальное образование','тер.',4),(5618,506,'412270','Романовское муниципальное образование','тер.',4),(5619,506,'412286','Алексеевское муниципальное образование','тер.',4),(5620,506,'412275','Большекарайское муниципальное образование','тер.',4),(5621,506,'412291','Краснолиманское муниципальное образование','тер.',4),(5622,506,'412284','Мордовокарайское муниципальное образование','тер.',4),(5623,506,'412293','Подгорненское муниципальное образование','тер.',4),(5624,506,'412283','Усть-Щербединское муниципальное образование','тер.',4),(5625,765,'413462','Верхазовское муниципальное образование','тер.',4),(5626,765,'413481','Восточное муниципальное образование','тер.',4),(5627,765,'413470','Демьясское муниципальное образование','тер.',4),(5628,765,'413440','Дергачевское муниципальное образование','тер.',4),(5629,765,'413452','Жадовское муниципальное образование','тер.',4),(5630,765,'413464','Зерновское муниципальное образование','тер.',4),(5631,765,'413453','Камышевское муниципальное образование','тер.',4),(5632,765,'413463','Мирное муниципальное образование','тер.',4),(5633,765,'413482','Октябрьское муниципальное образование','тер.',4),(5634,765,'413461','Орошаемое муниципальное образование','тер.',4),(5635,765,'413457','Петропавловское муниципальное образование','тер.',4),(5636,765,'413466','Сафаровское муниципальное образование','тер.',4),(5637,238,'412370','Самойловское муниципальное образование','тер.',4),(5638,238,'412383','Благовещенское муниципальное образование','тер.',4),(5639,238,'412374','Еловатское муниципальное образование','тер.',4),(5640,238,'412392','Краснознаменское муниципальное образование','тер.',4),(5641,238,'412391','Красавское муниципальное образование','тер.',4),(5642,238,'412380','Песчанское муниципальное образование','тер.',4),(5643,238,'412390','Святославское муниципальное образование','тер.',4),(5644,238,'412384','Хрущевское муниципальное образование','тер.',4),(5645,1577,'413270','Ровенское муниципальное образование','тер.',4),(5646,1577,'413282','Кочетновское муниципальное образование','тер.',4),(5647,1577,'413274','Кривоярское муниципальное образование','тер.',4),(5648,1577,'413276','Луговское муниципальное образование','тер.',4),(5649,1577,'413277','Первомайское муниципальное образование','тер.',4),(5650,1577,'413286','Приволжское муниципальное образование','тер.',4),(5651,1577,'413281','Привольненское муниципальное образование','тер.',4),(5652,1577,'413288','Тарлыковское муниципальное образование','тер.',4),(5653,581,'413540','Горновское муниципальное образование','тер.',4),(5654,581,'413545','Большесакмыковское муниципальное образование','тер.',4),(5655,581,'413564','Корнеевское муниципальное образование','тер.',4),(5656,581,'413551','Милорадовское муниципальное образование','тер.',4),(5657,581,'413550','Римско-Корсаковское муниципальное образование','тер.',4),(5658,581,'413560','Рукопольское муниципальное образование','тер.',4),(5659,581,'413542','Сулакское муниципальное образование','тер.',4),(5660,581,'413563','Чистопольское муниципальное образование','тер.',4),(5661,1432,'412584','Аряшское муниципальное образование','тер.',4),(5662,1432,'412561','Белоярское муниципальное образование','тер.',4),(5663,1432,'412572','Динамовское муниципальное образование','тер.',4),(5664,1432,'412583','Елшанское муниципальное образование','тер.',4),(5665,1432,'412571','Лоховское муниципальное образование','тер.',4),(5666,1432,'412560','Малоозерское муниципальное образование','тер.',4),(5667,1432,'412580','Новобурасское муниципальное образование','тер.',4),(5668,1432,'412587','Тепловское муниципальное образование','тер.',4),(5669,1495,'413320','Питерское муниципальное образование','тер.',4),(5670,1495,'413322','Мироновское муниципальное образование','тер.',4),(5671,1495,'413323','Новотульское муниципальное образование','тер.',4),(5672,1495,'413324','Алексашкинское муниципальное обрпзование','тер.',4),(5673,1495,'413311','Агафоновское муниципальное образование','тер.',4),(5674,1495,'413313','Орошаемое муниципальное образование','тер.',4),(5675,1495,'413330','Малоузенское муниципальное образование','тер.',4),(5676,1495,'413312','Нивское муниципальное образование','тер.',4),(5677,1032,'413143','Безымянское муниципальное образование','тер.',4),(5678,1032,'413151','Коминтерновское муниципальное образование','тер.',4),(5679,1032,'413163','Красноярское муниципальное образование','тер.',4),(5680,1032,'413141','Новопушкинское муниципальное образование','тер.',4),(5681,1032,'413123','Приволжское муниципальное образование','тер.',4),(5682,1032,'413152','Терновское муниципальное образование','тер.',4),(5683,388,'412022','Краснозвездинское муниципальное образование','тер.',4),(5684,388,'412023','Макаровское муниципальное образование','тер.',4),(5685,388,'412005','Октябрьское муниципальное образование','тер.',4),(5686,388,'412040','Салтыковское муниципальное образование','тер.',4),(5687,388,'412002','Урусовское муниципальное образование','тер.',4),(5688,388,'412011','Шило-Голицынское муниципальное образование','тер.',4),(5689,592,'412217','Большежуравское муниципальнок образование','тер.',4),(5690,592,'412231','Краснознаменское муниципальное образование','тер.',4),(5691,592,'412226','Львовское муниципальное образование','тер.',4),(5692,592,'412216','Малиновское муниципальное образование','тер.',4),(5693,592,'412214','Росташовское муниципальное образование','тер.',4),(5694,592,'412230','Семеновское муниципальное образование','тер.',4),(5695,1489,'413370','Александровогайское муниципальное образование','тер.',4),(5696,1489,'413382','Варфоломеевское муниципальное образование','тер.',4),(5697,1489,'413383','Искровское муниципальное образование','тер.',4),(5698,1489,'413380','Камышковское муниципальное образование','тер.',4),(5699,1489,'413370','Новоалександровское муниципальное образование','тер.',4),(5700,1489,'413384','Новостепновское муниципальное образование','тер.',4),(5701,1489,'413385','Приузенское муниципальное образование','тер.',4),(5702,1059,'413900','Духовницкое муниципальное образование','тер.',4),(5703,1059,'413903','Березово-Лукское муниципальное образование','тер.',4),(5704,1059,'413905','Брыковское муниципальное образование','тер.',4),(5705,1059,'413911','Горяиновское муниципальное образование','тер.',4),(5706,1059,'413910','Дмитриевское муниципальное образование','тер.',4),(5707,1059,'413916','Липовское муниципальное образование','тер.',4),(5708,1059,'413914','Новозахаркинское муниципальное образование','тер.',4),(5709,710,'412510','Березовское муниципальное образование','тер.',4),(5710,710,'412522','Грачевское муниципальное образование','тер.',4),(5711,710,'412534','Новозахаркинское муниципальное образование','тер.',4),(5712,710,'412538','Пригородное муниципальное образование','тер.',4),(5713,710,'412526','Синеньское муниципальное образование','тер.',4),(5714,995,'412630','Балтайское муниципальное образование','тер.',4),(5715,995,'412640','Барнуковское муниципальное образование','тер.',4),(5716,995,'412632','Большеозерское муниципальное образование','тер.',4),(5717,995,'412636','Царевщинское муниципальное образование','тер.',4),(5718,595,'413030','Воскресенское муниципальное образование','тер.',4),(5719,595,'413041','Елшанское муниципальное образование','тер.',4),(5720,595,'413044','Синодское муниципальное образование','тер.',4),(5721,1563,'188653','19 км Приозерского шоссе','массив',4),(5722,1563,'188640','36 км Средне-Выборгского шоссе','массив',4),(5723,14,NULL,'Краснодар','г.',4),(5724,74,NULL,'Скопин','г.',4),(5725,74,NULL,'Касимов','г.',4),(5726,1613,NULL,'Жердевка','г.',4),(5727,174,NULL,'Упоровский муниципальный','с/п',4),(5728,1087,NULL,'Заводоуковский городской округ','с/п',4),(5729,42,NULL,'Чусовой','г.',4),(5730,2011,'662219','Верхнеададымский','с/с',4),(5731,11,NULL,'Лыткарино','г.',4),(5732,649,'182171','Великие Луки-1','г.',4),(5733,1635,'456007','Миньяр','г.',4),(5734,1635,'456022','Сим','г.',4),(5735,1048,'663542','Вершино-Рыбинский','с/с',4),(5736,1635,NULL,'Аша','г.',4),(5737,610,'427550','Пыбьинское','с/п',4),(5738,1563,NULL,'Всеволожск','г.',4),(5739,706,'665699','Янгель','рп',4),(5740,1158,'662043','Балахтонский','с/с',4),(5741,35,NULL,'Стрежевой','г.',4),(5742,823,'427847','Киясовское','с/п',4),(5743,718,NULL,'Удомля','г.',4),(5744,517,'427984','Мостовинское','с/п',4),(5745,1787,'452059','Южный','с/с',4),(5746,1426,NULL,'Бирюсинск','г.',4),(5747,62,NULL,'Минусинск','г.',4),(5748,671,'427260','Увинское','с/п',4),(5749,198,NULL,'Вязьма','г.',4),(5750,1117,'613577','Большепорекское','с/п',4),(5751,858,'307715','Большеугонский','с/с',4),(5752,1260,'442407','Администрация Волхонщинского сельсовета Пензенского района Пензенской области','с/с',4),(5753,33,NULL,'Благовещенск','г.',4),(5754,11,NULL,'Дзержинский','г.',4),(5755,841,'243620','Вышковское городское поселение','тер.',4),(5756,1234,'662078','Чайковский','с/с',4),(5757,1150,'453642','Сибайский','с/с',4),(5758,482,'613566','Петровское','с/п',4),(5759,321,'243083','Брахловское сельское поселение','тер.',4),(5760,33,NULL,'Прогресс','пгт',4),(5761,1283,'427015','Шабердинское','с/п',4),(5762,517,'427984','Северное','с/п',4),(5763,1481,NULL,'Мордино','п/о',4),(5764,2012,'663141','Абалаковский','с/с',4),(5765,2012,'663148','Верхнепашинский','с/с',4),(5766,2012,'663172','Кривлякский','с/с',4),(5767,2012,'663145','Высокогорский','с/с',4),(5768,2012,'663147','Железнодорожный','с/с',4),(5769,2012,'663180','Малобельский','с/с',4),(5770,2012,'663176','Новогородокский','с/с',4),(5771,2012,'663180','Подгорновский','с/с',4),(5772,2012,'663158','Городищенский','с/с',4),(5773,2012,'663176','Луговатский','с/с',4),(5774,2012,'663140','Новокаргинский','с/с',4),(5775,2012,'663173','Майский','с/с',4),(5776,2012,'663164','Новоназимовский','с/с',4),(5777,2012,'663180','Плотбищенский','с/с',4),(5778,2012,'663180','Маковский','с/с',4),(5779,2012,'663144','Епишинский','с/с',4),(5780,2012,'663157','Погодаевский','с/с',4),(5781,2012,'663182','Озерновский','с/с',4),(5782,2012,'663170','Ярцевский','с/с',4),(5783,2012,'663143','Усть-Кемский','с/с',4),(5784,2012,'663161','Усть-Питский','с/с',4),(5785,2012,'663170','Сымский','с/с',4),(5786,2012,'663149','Шапкинский','с/с',4),(5787,2012,'663167','Чалбышевский','с/с',4),(5788,2012,'663169','Потаповский','с/с',4),(5789,1661,'663113','Александровский','с/с',4),(5790,1661,'663107','Вороковский','с/с',4),(5791,1661,'663104','Дудовский','с/с',4),(5792,1661,'663100','Захаровский','с/с',4),(5793,1661,'663115','Галанинский','с/с',4),(5794,1661,'663106','Рождественский','с/с',4),(5795,1661,'663100','Казачинский','с/с',4),(5796,1661,'663103','Пятковский','с/с',4),(5797,1661,'663102','Мокрушинский','с/с',4),(5798,1661,'663110','Новотроицкий','с/с',4),(5799,1661,'663100','Курбатовский','с/с',4),(5800,1661,'663110','Момотовский','с/с',4),(5801,1661,'663105','Отношенский','с/с',4),(5802,1661,'663107','Талажанский','с/с',4),(5803,1563,'188640','Пери','массив',4),(5804,277,NULL,'Знаменский','с/с',4),(5805,1150,'453679','Абдулкаримовский','с/с',4),(5806,1673,'143022','Захаровское','с/п',4),(5807,1673,'143055','Ершовское','с/п',4),(5808,1673,'143079','Никольское','с/п',4),(5809,1673,'143030','Успенское','с/п',4),(5810,1673,'143021','Назарьевское','с/п',4),(5811,1673,'143033','Горское','с/п',4),(5812,1673,'143060','Часцовское','с/п',4),(5813,1673,'143010','Одинцово-10','п/о',4),(5814,1563,'188640','Кавголово','массив',4),(5815,459,'141590','Солнечногорск-30','г.',4),(5816,459,'141525','Солнечногорск-25','г.',4),(5817,346,'442950','Администрация Сосновского сельсовета Бековского района Пензенской области','с/с',4),(5818,1138,'663580','Агинский','с/с',4),(5819,60,NULL,'Аткарск','г.',4),(5820,1665,'607400','Перевоз','г.',4),(5821,1252,'665359','Услонское','с/п',4),(5822,1874,'143332','Волченковское','с/п',4),(5823,1874,'143360','Городское поселение Апрелевка','г.',4),(5824,1874,'143330','Городское поселение Верея','г.',4),(5825,1874,'143381','Городское поселение Киевский','г.',4),(5826,1874,'143390','Городское поселение Кокошкино','г.',4),(5827,1874,'143370','Городское поселение Кокошкино','г.',4),(5828,1874,'143300','Городское поселение Наро-Фоминск','г.',4),(5829,1874,'143345','Городское поселение Селятино','г.',4),(5830,1874,'143397','Первомайское','с/п',4),(5831,1874,'143316','Ташировское','с/п',4),(5832,2004,'662346','Петропавловский','с/с',4),(5833,2004,'662356','Приморский','с/с',4),(5834,2004,'662351','Грузенский','с/с',4),(5835,2004,'662355','Кожановский','с/с',4),(5836,2004,'662342','Чистопольский','с/с',4),(5837,2004,'662350','Ровненский','с/с',4),(5838,2004,'662361','Черемушкинский','с/с',4),(5839,2004,'662349','Тюльковский','с/с',4),(5840,2004,'662367','Красненский','с/с',4),(5841,2004,'662353','Еловский','с/с',4),(5842,2004,'662354','Большесырский','с/с',4),(5843,2004,'662360','Огурский','с/с',4),(5844,1673,'143080','Лесной Городок','с/п',4),(5845,1667,'663120','Алтатский','с/с',4),(5846,1667,'663124','Икшурминский','с/с',4),(5847,1667,'663128','Солоухинский','с/с',4),(5848,1667,'663123','Кириковский','с/с',4),(5849,1667,'663125','Комаровский','с/с',4),(5850,1667,'663120','Пировский','с/с',4),(5851,1667,'663129','Троицкий','с/с',4),(5852,1667,'663120','Бушуйский','с/с',4),(5853,1667,'663125','Кетский','с/с',4),(5854,1667,'663125','Чайдинский','с/с',4),(5855,1725,'662841','Араданский','с/с',4),(5856,1725,'662835','Жеблахтинский','с/с',4),(5857,1725,'662842','Верхнеусинский','с/с',4),(5858,1725,'662820','Ермаковский','с/с',4),(5859,1725,'662832','Григорьевский','с/с',4),(5860,1725,'662833','Разъезженский','с/с',4),(5861,1725,'662822','Нижнесуэтукский','с/с',4),(5862,1725,'662826','Ивановский','с/с',4),(5863,1725,'662824','Семенниковский','с/с',4),(5864,1725,'662830','Ойский','с/с',4),(5865,1725,'662823','Новополтавский','с/с',4),(5866,1725,'662831','Салбинский','с/с',4),(5867,1725,'662825','Мигнинский','с/с',4),(5868,1725,'662840','Танзыбейский','с/с',4),(5869,1668,'662735','Иджинский','с/с',4),(5870,1668,'662721','Казанцевский','с/с',4),(5871,1668,'662732','Сизинский','с/с',4),(5872,1668,'662730','Каптыревский','с/с',4),(5873,1668,'662733','Ильичевский','с/с',4),(5874,1668,'662736','Субботинский','с/с',4),(5875,1668,'662722','Синеборский','с/с',4),(5876,1343,'442116','Администрация Белынского сельсовета Пачелмского района Пензенской области','с/с',4),(5877,751,'655682','Аршановский','с/с',4),(5878,751,'655650','Белоярский','с/с',4),(5879,751,'655681','Изыхский','с/с',4),(5880,751,'655672','Кировский','с/с',4),(5881,751,'655683','Краснопольский','с/с',4),(5882,751,'655675','Новомихайловский','с/с',4),(5883,751,'655674','Очурский','с/с',4),(5884,751,'655665','Новороссийский','с/с',4),(5885,751,'655670','Подсинский','с/с',4),(5886,745,'655700','Аскизский','с/с',4),(5887,745,'655700','Базинский','с/с',4),(5888,745,'655725','Балыксинский','с/с',4),(5889,745,'655710','Бельтирский','с/с',4),(5890,745,'655720','Бирикчульский','с/с',4),(5891,745,'655731','Верх-Аскизский','с/с',4),(5892,745,'655702','Есинский','с/с',4),(5893,745,'655712','Кызласский','с/с',4),(5894,745,'655717','Пуланкольский','с/с',4),(5895,745,'655718','Усть-Камыштинский','с/с',4),(5896,745,'655705','Усть-Чульский','с/с',4),(5897,251,'655770','Бейский','с/с',4),(5898,251,'655785','Большемонокский','с/с',4),(5899,251,'655784','Бондаревский','с/с',4),(5900,251,'655796','Кирбинский','с/с',4),(5901,251,'655775','Куйбышевский','с/с',4),(5902,251,'655797','Новотроицкий','с/с',4),(5903,251,'655790','Сабинский','с/с',4),(5904,251,'655783','Табатский','с/с',4),(5905,277,'655340','Боградский','с/с',4),(5906,277,'655361','Большеербинский','с/с',4),(5907,277,'655358','Бородинский','с/с',4),(5908,277,'655351','Первомайский','с/с',4),(5909,277,'655362','Пушновский','с/с',4),(5910,277,'655352','Сарагашский','с/с',4),(5911,277,'655357','Советско-Хакасский','с/с',4),(5912,277,'655360','Сонский','с/с',4),(5913,277,'655355','Троицкий','с/с',4),(5914,914,'655273','Гайдаровский','с/с',4),(5915,914,'655251','Копьевский','с/с',4),(5916,914,'655270','Красноиюсский','с/с',4),(5917,914,'655271','Новомарьясовский','с/с',4),(5918,914,NULL,'Орджоникидзевский','с/с',4),(5919,914,'655266','Приисковый','с/с',4),(5920,914,'655261','Саралинский','с/с',4),(5921,914,'655260','Устинкинский','с/с',4),(5922,335,'655745','Анчулский','с/с',4),(5923,335,'655745','Арбатский','с/с',4),(5924,335,'655740','Большесейский','с/с',4),(5925,335,'655740','Большеонский','с/с',4),(5926,335,'655740','Бутрахтинский','с/с',4),(5927,335,'655761','Имекский','с/с',4),(5928,335,'655744','Матурский','с/с',4),(5929,335,'655740','Нижнесирский','с/с',4),(5930,335,'655740','Таштыпский','с/с',4),(5931,648,'655135','Вершино-Биджинский','с/с',4),(5932,227,'187403','Волхов ул.Новооктябрьская 1','массив',4),(5933,485,'427328','Зямбайгуртское','с/п',4),(5934,298,'427980','Шольинское','с/п',4),(5935,648,'655140','Весенненский','с/с',4),(5936,648,'655136','Доможаковский','с/с',4),(5937,648,'655131','Калининский','с/с',4),(5938,648,'655134','Московский','с/с',4),(5939,648,'655138','Опытненский','с/с',4),(5940,648,'655118','Райковский','с/с',4),(5941,648,'655138','Расцветовский','с/с',4),(5942,648,'655119','Сапоговский','с/с',4),(5943,648,'655137','Солнечный','с/с',4),(5944,648,'655120','Усть-Бюрский','с/с',4),(5945,648,'655130','Чарковский','с/с',4),(5946,508,'655216','Беренжакский','с/с',4),(5947,508,'655221','Борцовский','с/с',4),(5948,508,'655234','Воротский','с/с',4),(5949,508,'655233','Джиримский','с/с',4),(5950,508,'655210','Ефремкинский','с/с',4),(5951,508,'655211','Коммунаровский','с/с',4),(5952,508,'655222','Селосонский','с/с',4),(5953,508,'655235','Соленоозерный','с/с',4),(5954,508,'655200','Спиринский','с/с',4),(5955,508,'655225','Туимский','с/с',4),(5956,508,'655231','Целинный','с/с',4),(5957,508,'655212','Черноозерный','с/с',4),(5958,508,'655200','Ширинский','с/с',4),(5959,69,NULL,'Саяногорск','г.',4),(5960,182,NULL,'Дмитриев','г.',4),(5961,236,'142160','Вороновское','с/п',4),(5962,236,'142132','Дубровицкое','с/п',4),(5963,236,'142136','Кленовское','с/п',4),(5964,236,'142150','Краснопахорское','с/п',4),(5965,236,'142181','Лаговское','с/п',4),(5966,236,'142160','Михайлово-Ярцевское','с/п',4),(5967,236,'142167','Роговское','с/п',4),(5968,236,'142143','Стрелковское','с/п',4),(5969,236,'142144','Щаповское','с/п',4),(5970,954,'442457','Кулясовский сельсовет Камешкирского района Пензенской области','с/с',4),(5971,954,'442455','Лапшовский сельсовет Камешкирского района Пензенской области','с/с',4),(5972,954,'442456','Нижнедубровский сельсовет Камешкирского района Пензенской области','с/с',4),(5973,954,'442465','Новошаткинский сельсовет Камешкирского района Пензенской области','с/с',4),(5974,954,'442452','Старочирчимский сельсовет Камешкирского района Пензенской области','с/с',4),(5975,954,'442461','Пестровский сельсовет Камешкирского района Пензенской области','с/с',4),(5976,954,'442464','Порзовский сельсовет Камешкирского района Пензенской области','с/с',4),(5977,954,'442463','Бегучевский сельсовет Камешкирского района Пензенской области','с/с',4),(5978,1224,'442515','Анненковский сельсовет Кузнецкого района Пензенской области','с/с',4),(5979,1224,'442514','Радищевский сельсовет Кузнецкого района Пензенской области','с/с',4),(5980,1224,'442525','Явлейский сельсовет Кузнецкого района Пензенской области','с/с',4),(5981,1224,'442505','Тихменевский сельсовет Кузнецкого района Пензенской области','с/с',4),(5982,523,'442550','Лопатинский сельсовет Лопатинского района Пензенской области','с/с',4),(5983,523,'442569','Буденновский сельсовет Лопатинского района Пензенской области','с/с',4),(5984,523,'442550','Чардымский сельсовет Лопатинского района Пензенской области','с/с',4),(5985,523,'442552','Бузовлевский сельсовет Лопатинского района Пензенской области','с/с',4),(5986,1017,'442441','Каржимантский сельсовет Шемышейского района Пензенской области','с/с',4),(5987,1017,'442442','Мачкасский сельсовет Шемышейского района Пензенской области','с/с',4),(5988,1017,'442432','Наскафтымский сельсовет Шемышейского района Пензенской области','с/с',4),(5989,1017,'442435','Песчанский сельсовет Шемышейского района Пензенской области','с/с',4),(5990,1017,'442434','Новомачимский сельсовет Шемышейского района Пензенской области','с/с',4),(5991,380,NULL,'Дедовск','г.',4),(5992,1780,'601390','МО сельское поселение Вяткинское','тер.',4),(5993,52,NULL,'Бердск','г.',4),(5994,415,'601828','МО сельское поселение Красносельское','тер.',4),(5995,415,'601810','МО сельское поселение Небыловское','тер.',4),(5996,715,'601972','МО сельское поселение Ивановское','тер.',4),(5997,715,'601952','МО сельское поселение Клязьминское','тер.',4),(5998,715,'601971','МО сельское поселение Малыгинское','тер.',4),(5999,715,'601965','МО сельское поселение Новосельское','тер.',4),(6000,1172,'601612','МО сельское поселение Андреевское','тер.',4),(6001,1172,'601603','МО сельское поселение Каринское','тер.',4),(6002,1172,'601623','МО сельское поселение Краснопламенское','тер.',4),(6003,1172,'601620','МО сельское поселение Следневское','тер.',4),(6004,982,'442696','Нижнешкафтинский сельсовет','с/с',4),(6005,982,'442697','Аришкинский сельсовет','с/с',4),(6006,1081,'442318','Верхнешкафтинский сельсовет','с/с',4),(6007,1081,'442317','Вышелейский сельсовет','с/с',4),(6008,1081,'442345','Канаевский сельсовет','с/с',4),(6009,1081,'442340','Новозабалковский сельсовет','с/с',4),(6010,1081,'442314','Русско-Ишимский сельсовет','с/с',4),(6011,1081,'442313','Мордово-Ишимский сельсовет','с/с',4),(6012,1081,'442303','Турдакский сельсовет','с/с',4),(6013,1081,'442332','Трескинский сельсовет','с/с',4),(6014,1081,'442315','Юловский сельсовет','с/с',4),(6015,1081,'442319','Кардавский сельсовет','с/с',4),(6016,982,'442664','Ахматовский сельсовет','с/с',4),(6017,982,'442661','Староселенский сельсовет','с/с',4),(6018,982,'442675','Ильминский сельсовет','с/с',4),(6019,982,'442678','Соколовский сельсовет','с/с',4),(6020,982,'442697','Казарский сельсовет','с/с',4),(6021,982,'442692','Большепермиевский сельсовет','с/с',4),(6022,985,'442770','Грабовский','с/с',4),(6023,985,'442771','Чертковский сельсовет Бессоновского района Пензенской области','с/с',4),(6024,870,'442702','Соловцовский сельсовет Иссинского района Пензенской области','с/с',4),(6025,870,'442705','Дмитриевский сельсовет Иссинского района Пензенской области','с/с',4),(6026,870,'442712','Уваровский сельсовет Иссинского района Пензенской области','с/с',4),(6027,870,'442710','Николаевский сельсовет Иссинского района Пензенской области','с/с',4),(6028,1170,'442745','Большевьясский сельсовет Лунинского района Пензенской области','с/с',4),(6029,1170,'442744','Лесновьясский сельсовет Лунинского района Пензенской области','с/с',4),(6030,1170,'442747','Дарьевский сельсовет Лунинского района Пензенской области','с/с',4),(6031,1170,'442722','Болотниковский сельсовет Лунинского района Пензенской области','с/с',4),(6032,1170,'442725','Липовский сельсовет Лунинского района Пензенской области','с/с',4),(6033,1170,'442720','Сытинский сельсовет Лунинского района Пензенской области','с/с',4),(6034,1170,'442721','Танеевский сельсовет Лунинского района Пензенской области','с/с',4),(6035,1170,'442734','Степановский сельсовет Лунинского района Пензенской области','с/с',4),(6036,1170,'442733','Михайловский сельсовет Лунинского района Пензенской области','с/с',4),(6037,1096,'442376','Царевщинский сельсовет Мокшанского района Пензенской области','с/с',4),(6038,1096,'442374','Юловский сельсовет Мокшанского района Пензенской области','с/с',4),(6039,1096,'442391','Чернозерский','с/с',4),(6040,1096,'442393','Алексеевский сельсовет Мокшанского района Пензенской области','с/с',4),(6041,1096,'442385','Широкоисский сельсовет Мокшанского района Пензенской области','с/с',4),(6042,1096,'442387','Потьминский сельсовет Мокшанского района Пензенской области','с/с',4),(6043,1260,'440528','Богословский сельсовет Пензенского района Пензенской области','с/с',4),(6044,1260,'440527','Васильевский сельсовет Пензенского района Пензенской области','с/с',4),(6045,1260,'440509','Ермоловский сельсовет Пензенского района Пензенской области','с/с',4),(6046,1260,'440525','Черенцовский сельсовет Пензенского района Пензенской области','с/с',4),(6047,1260,'440508','Загоскинский сельсовет Пензенского района Пензенской области','с/с',4),(6048,1260,'440523','Кучкинский сельсовет Пензенского района Пензенской области','с/с',4),(6049,1260,'440522','Поперечный сельсовет Пензенского района Пензенской области','с/с',4),(6050,1780,'601395','МО сельское поселение Головинское','тер.',4),(6051,1780,'601385','МО сельское поселение Мошокское','тер.',4),(6052,1780,'601384','МО сельское поселение Муромцевское','тер.',4),(6053,1780,'601352','МО сельское поселение Лавровское','тер.',4),(6054,690,'601532','МО сельское поселение Демидовское','тер.',4),(6055,690,'601572','МО сельское поселение Краснооктябрьское','тер.',4),(6056,690,'601535','МО сельское поселение Григорьевское','тер.',4),(6057,690,'601542','МО сельское поселение Купреевское','тер.',4),(6058,690,'601591','МО сельское поселение Уляхинское','тер.',4),(6059,1673,'143082','Барвихинское','с/п',4),(6060,1673,'143050','Большие Вяземы','с/п',4),(6061,1673,'143020','Жаворонковское','с/п',4),(6062,1422,'427576','Сюрзинское','с/мо',4),(6063,1422,'427595','Чепецкое','с/мо',4),(6064,1422,'427585','Кабалудское','с/мо',4),(6065,1422,'427563','Гыинское','с/мо',4),(6066,1422,'427590','Кузьминское','с/мо',4),(6067,1422,'427572','Мысовское','с/мо',4),(6068,1422,'427573','Кулигинское','с/мо',4),(6069,1422,'427562','Большеолыпское','с/мо',4),(6070,1422,'427582','Сосновоборское','с/мо',4),(6071,1422,'427574','Степаненское','с/мо',4),(6072,1422,'427570','Юскинское','с/мо',4),(6073,1422,'427571','Новоунтемское','с/мо',4),(6074,1422,'427561','Ключевское','с/мо',4),(6075,1422,'427566','Поломское','с/мо',4),(6076,454,'171418','Никольское','с/п',4),(6077,454,NULL,'Алешино','с/п',4),(6078,454,NULL,'Некрасово','с/п',4),(6079,454,NULL,'Высоково','с/п',4),(6080,454,NULL,'Заклинье','с/п',4),(6081,454,NULL,'Застолбье','с/п',4),(6082,454,NULL,'Ильгощин','с/п',4),(6083,454,NULL,'Кушалино','с/п',4),(6084,454,NULL,'Киверичи','с/п',4),(6085,454,NULL,'Ведное','с/п',4),(6086,49,NULL,'Кизляр','г.',4),(6087,251,'655792','Новоенисейский','с/с',4),(6088,1636,NULL,'Карталы','г.',4),(6089,84,NULL,'Трехгорный','г.',4),(6090,84,'456081','Трехгорный-1','г.',4),(6091,84,NULL,'Снежинск','г.',4),(6092,44,'613648','Первомайский','пгт',4),(6093,1134,'152852','Федорковский','с/о',4),(6094,1134,'152853','Ермаковский','с/о',4),(6095,1134,'152854','Гаютинский','с/о',4),(6096,1498,'142301','Чехов-1','г.',4),(6097,1498,'142304','Чехов-4','г.',4),(6098,1498,'142305','Чехов-5','г.',4),(6099,1498,'142306','Чехов-6','г.',4),(6100,1498,'142307','Чехов-7','г.',4),(6101,62,NULL,'Назарово','г.',4),(6102,74,NULL,'Сасово','г.',4),(6103,62,'660947','Солнечный','п.',4),(6104,72,NULL,'Выкса','г.',4),(6105,63,'188544','Сосновый Бор','г.',4),(6106,1684,'187120','Капустино','массив',4),(6107,1753,NULL,'Ужур','г.',4),(6108,1684,NULL,'Кириши','г.',4),(6109,1684,'187100','Кусино','массив',4),(6110,62,NULL,'Енисейск','г.',4),(6111,1684,'187100','Посадников Остров','массив',4),(6112,1673,'143025','Новоивановское','с/п',4),(6113,41,'142784','Городское поселение Московский','тер.',4),(6114,90,NULL,'Тобольск','г.',4),(6115,90,NULL,'Тюмень','г.',4),(6116,210,'602110','МО сельское поселение Бутылицкое','тер.',4),(6117,210,'602122','МО сельское поселение Даниловское','тер.',4),(6118,210,'602129','МО сельское поселение Денятинское','тер.',4),(6119,1973,'602340','МО сельское поселение Волосатовское','тер.',4),(6120,1973,'602353','МО сельское поселение Малышевское','тер.',4),(6121,1973,'602337','МО сельское поселение Новлянское','тер.',4),(6122,1973,'602335','МО сельское поселение Чертковское','тер.',4),(6123,25,NULL,'Пенза','г.',4),(6124,1695,'142784','Московский','г.',4),(6125,2,NULL,'Уфа','г.',4),(6126,62,NULL,'Зеленогорск','г.',4),(6127,11,NULL,'Королев','г.',4),(6128,1996,'613032','Чувашевское','с/п',4),(6129,154,'612504','Николаевское','с/п',4),(6130,1721,NULL,'Лабинск','г.',4),(6131,2,NULL,'Стерлитамак','г.',4),(6132,542,'613819','Верхневолмангское','с/п',4),(6133,839,'612624','Шалеевское','с/п',4),(6134,997,'612275','Колковское','с/п',4),(6135,997,'612270','Лугиновское','с/п',4),(6136,997,'612291','Тохтинское','с/п',4),(6137,997,'612282','Цепелевское','с/п',4),(6138,997,'612284','Чудиновское','с/п',4),(6139,997,'612292','Шадричевское','с/п',4),(6140,799,'613472','Колобовское','с/п',4),(6141,799,'613487','Городищенское','с/п',4),(6142,799,'613476','Марковское','с/п',4),(6143,799,'613482','Соколовское','с/п',4),(6144,799,'613480','Васильевское','с/п',4),(6145,997,'612273','Кузнецовское','с/п',4),(6146,1185,'613900','Лузское городское поселение','тер.',4),(6147,1215,'612705','Белозерское','с/п',4),(6148,1185,'613967','Лальское городское поселение','тер.',4),(6149,542,'613810','Опаринское городское поселение','тер.',4),(6150,747,'613930','Подосиновское городское поселение','тер.',4),(6151,747,'613930','Демьяновское городское поселение','тер.',4),(6152,747,'613930','Пинюгское городское поселение','тер.',4),(6153,1076,'613200','Белохолуницкое городское поселение','тер.',4),(6154,1516,'612820','Кирсинское городское поселение','тер.',4),(6155,1516,'612815','Лесное городское поселение','тер.',4),(6156,1516,'612830','Рудничное городское поселение','тер.',4),(6157,1516,'612814','Светлополянское городское поселение','тер.',4),(6158,997,'612270','Орловское городское поселение','тер.',4),(6159,326,'612040','Свечинское городское поселение','тер.',4),(6160,1515,'613260','Нагорское городское поселение','тер.',4),(6161,1215,'612740','Омутнинское городское поселение','тер.',4),(6162,1215,'612711','Восточное городское поселение','тер.',4),(6163,1215,'612730','Песковское городское поселение','тер.',4),(6164,669,'613060','Афанасьевское городское поселение','тер.',4),(6165,351,'612990','Сосновское городское поселение','тер.',4),(6166,351,'612950','Краснополянское городское поселение','тер.',4),(6167,190,'612920','Малмыжское городское поселение','тер.',4),(6168,425,'612260','Яранское городское поселение','тер.',4),(6169,722,'612300','Кикнурское городское поселение','тер.',4),(6170,879,'612370','Санчурское городское поселение','тер.',4),(6171,1027,'612200','Тужинское городское поселение','тер.',4),(6172,1996,'613040','Кирово-Чепецкий городской округ','тер.',4),(6173,484,'612410','Зуевское городское поселение','тер.',4),(6174,484,'612425','Косинское городское поселение','тер.',4),(6175,154,'612500','Фаленское городское поселение','тер.',4),(6176,839,'612600','Котельнический городской округ','тер.',4),(6177,749,'612140','Даровское городское поселение','тер.',4),(6178,666,'612080','Оричевское городское поселение','тер.',4),(6179,666,'612079','Левинское городское поселение','тер.',4),(6180,666,'612085','Мирнинское городское поселение','тер.',4),(6181,666,'612090','Стрижевское городское поселение','тер.',4),(6182,362,'612020','Ленинское городское поселение','тер.',4),(6183,787,'613440','Нолинское городское поселение','тер.',4),(6184,787,'613445','Аркульское городское поселение','тер.',4),(6185,409,'613310','Верхошижемское городское поселение','тер.',4),(6186,569,'613380','Пижанское городское поселение','тер.',4),(6187,799,'613470','Немское городское поселение','тер.',4),(6188,1196,'612470','Богородское городское поселение','тер.',4),(6189,1284,'613500','Лебяжское городское поселение','тер.',4),(6190,1117,'613570','Кильмезское городское поселение','тер.',4),(6191,200,'613400','Куменское городское поселение','тер.',4),(6192,200,'610901','Нижне-Ивкинское городское поселение','тер.',4),(6193,818,'613110','Вахрушевское городское поселение','тер.',4),(6194,798,'613710','Мурашинское городское поселение','тер.',4),(6195,775,'612450','Сунское городское поселение','тер.',4),(6196,1089,'613600','Юрьянское городское поселение','тер.',4),(6197,1089,'613641','Мурыгинское городское поселение','тер.',4),(6198,827,'612540','Унинское городское поселение','тер.',4),(6199,1169,'613340','Советское городское поселение','тер.',4),(6200,601,'612180','Арбажское городское поселение','тер.',4),(6201,130,NULL,'Городское поселение Пироговский','тер.',4),(6202,1724,NULL,'Приморско-Ахтарск','г.',4),(6203,1726,NULL,'Нурлат','г.',4),(6204,1222,'416507','Ахтубинск-7','г.',4),(6205,531,NULL,'Ликино-Дулево','г.',4),(6206,1738,'184430','Заполярный','г.',4),(6207,46,NULL,'Кировск','г.',4),(6208,1737,NULL,'Азнакаево','г.',4),(6209,1740,NULL,'Бавлы','г.',4),(6210,531,NULL,'Куровское','г.',4),(6211,1899,'647234','Байкаловский','с/с',4),(6212,1899,'647506','Волочанский','с/с',4),(6213,1899,'647470','Жданиховский','с/с',4),(6214,1899,'647220','Караульский','с/с',4),(6215,1899,'647483','Катырыкский','с/с',4),(6216,1899,'647486','Каякский','с/с',4),(6217,1899,'647475','Крестовский','с/с',4),(6218,1899,'647501','Левинский','с/с',4),(6219,1899,'647000','Мессояхский','с/с',4),(6220,1899,'647485','Новинский','с/с',4),(6221,1899,'647471','Новорыбинский','с/с',4),(6222,1899,'647230','Носковский','с/с',4),(6223,1899,'647474','Попигайский','с/с',4),(6224,1899,'647503','Потаповский','с/с',4),(6225,1899,'647472','Сындасский','с/с',4),(6226,1899,'647504','Усть-Авамский','с/с',4),(6227,1899,'647232','Усть-Портовский','с/с',4),(6228,1899,'647505','Хантайский','с/с',4),(6229,1899,'647460','Хатангский','с/с',4),(6230,1899,'647460','Хетский','с/с',4),(6231,1272,'188349','Большие Колпаны','массив',4),(6232,1272,'188357','Корписалово','массив',4),(6233,1272,'188302','Малые Колпаны','массив',4),(6234,1272,'188357','Никольское','массив',4),(6235,1272,'188357','Новое Колено','массив',4),(6236,1272,'188357','Новые Черницы','массив',4),(6237,1272,'188357','Ротково','массив',4),(6238,1272,'188349','Старые Черницы','массив',4),(6239,1280,'673200','Хилок','г.',4),(6240,1749,NULL,'Малаховка','п.',4),(6241,1749,NULL,'Красково','п.',4),(6242,1749,NULL,'Томилино','п.',4),(6243,11,NULL,'Домодедово','г.',4),(6244,788,'694140','Макаров','г.',4),(6245,1644,NULL,'Балахна','г.',4),(6246,1734,'662433','Анашенский','с/с',4),(6247,1734,'662430','Новоселовский','с/с',4),(6248,1734,'662443','Легостаевский','с/с',4),(6249,1734,'662434','Комский','с/с',4),(6250,1734,'662436','Бараитский','с/с',4),(6251,1734,'662441','Чулымский','с/с',4),(6252,1734,'662445','Толстомысинский','с/с',4),(6253,1734,'662444','Светлолобовский','с/с',4),(6254,2011,'662220','Гляденский','с/с',4),(6255,2011,'662212','Подсосенский','с/с',4),(6256,2011,'662225','Красносопкинский','с/с',4),(6257,2011,'662219','Дороховский','с/с',4),(6258,2011,'662222','Павловский','с/с',4),(6259,2011,'662213','Преображенский','с/с',4),(6260,2011,'662217','Степновский','с/с',4),(6261,2011,'662211','Краснополянский','с/с',4),(6262,2011,'662215','Сахаптинский','с/с',4),(6263,1753,'662253','Васильевский','с/с',4),(6264,1753,'662253','Ильинский','с/с',4),(6265,1753,'662262','Локшинский','с/с',4),(6266,1753,'662240','Крутоярский','с/с',4),(6267,1753,'662261','Кулунский','с/с',4),(6268,1753,'662265','Солгонский','с/с',4),(6269,1753,'662245','Златоруновский','с/с',4),(6270,1753,'662246','Озероучумский','с/с',4),(6271,1753,'662268','Малоимышский','с/с',4),(6272,1753,'662241','Михайловский','с/с',4),(6273,1753,'662245','Прилужский','с/с',4),(6274,1753,'662267','Приреченский','с/с',4),(6275,415,'601830','МО сельское поселение Симское','тер.',4),(6276,210,'602135','МО сельское поселение Дмитриевогорское','тер.',4),(6277,210,'602131','МО сельское поселение Илькинское','тер.',4),(6278,210,'602144','МО сельское поселение Ляховское','тер.',4),(6279,210,'602141','МО сельское поселение Тургеневское','тер.',4),(6280,282,'602212','МО сельское поселение Борисоглебское','тер.',4),(6281,282,'602201','МО сельское поселение Ковардицкое','тер.',4),(6282,41,NULL,'Щербинка','г.',4),(6283,41,NULL,'Троицк','г.',4),(6284,4,NULL,'Железноводск','г.',4),(6285,7,NULL,'Нижневартовск','г.',4),(6286,7,'628162','Белоярский','г.',4),(6287,4,NULL,'Лермонтов','г.',4),(6288,1766,'356420','Благодарный','г.',4),(6289,7,'628260','Югорск','г.',4),(6290,1744,'628240','Советский','г.',4),(6291,7,'628380','Пыть-Ях','г.',4),(6292,7,'628300','Нефтеюганск','г.',4),(6293,1514,'142908','Кашира-8','г.',4),(6294,84,NULL,'Копейск','г.',4),(6295,1644,'606414','Коневская','с/а',4),(6296,410,'369210','Теберда','г.',4),(6297,1644,'606410','Кочергинская','с/а',4),(6298,1644,'606400','Шеляуховская','с/а',4),(6299,1644,'606420','Большекозинское','с/мо',4),(6300,832,'601023','МО сельское поселение Першинское','тер.',4),(6301,832,'601025','МО сельское поселение Кипревское','тер.',4),(6302,832,'601035','МО сельское поселение Горкинское','тер.',4),(6303,832,'601024','МО сельское поселение Филипповское','тер.',4),(6304,503,'601112','МО сельское поселение Пекшинское','тер.',4),(6305,503,'601120','МО сельское поселение Нагорное','тер.',4),(6306,503,'601144','МО сельское поселение Петушинское','тер.',4),(6307,1675,'427164','Сепское','с/мо',4),(6308,85,'659100','Заринск','г.',4),(6309,1675,'427163','Беляевское','с/мо',4),(6310,1675,'427168','Факельское','с/мо',4),(6311,1675,'427130','Лозинское','с/мо',4),(6312,1675,'427160','Кабачигуртское','с/мо',4),(6313,1126,'215010','Гагарин','г.',4),(6314,1675,'427165','Лонки-Ворцинское','с/мо',4),(6315,498,'694420','Александровск-Сахалинский','г.',4),(6316,637,NULL,'Ряжск','г.',4),(6317,1109,'453002','Подлубовский','с/с',4),(6318,1779,NULL,'Лукоянов','г.',4),(6319,1098,'307441','Комаровский','с/с',4),(6320,1042,'663444','Манзенский','с/с',4),(6321,1414,NULL,'Алексеевка','массив',4),(6322,21,'664035','Иркутск-45','г.',4),(6323,1418,NULL,'Балашиха','г.',4),(6324,485,'427314','Нюрдор-Котьинское','с/п',4),(6325,462,NULL,'Луховицы','г.',4),(6326,1325,'243446','Первомайское сельское поселение','тер.',4),(6327,349,'673450','Балей','г.',4),(6328,1186,NULL,'Борзя','г.',4),(6329,725,NULL,'Краснокаменск','г.',4),(6330,1392,NULL,'Петровск-Забайкальский','г.',4),(6331,1930,'452745','Тановский','с/с',4),(6332,1930,'452732','Балышлинский','с/с',4),(6333,1930,'452743','Троицкий','с/с',4),(6334,1930,'452733','Удрякбашевский','с/с',4),(6335,1930,'452746','Алексеевский','с/с',4),(6336,1930,'452738','Мирновский','с/с',4),(6337,1930,'452731','Каргалинский','с/с',4),(6338,1930,'452734','Янышевский','с/с',4),(6339,1930,'452749','Дмитриевский','с/с',4),(6340,1930,'452742','Первомайский','с/с',4),(6341,1930,'452748','Ямакаевский','с/с',4),(6342,1930,'452744','Кучербаевский','с/с',4),(6343,1930,'452747','Кашкалашинский','с/с',4),(6344,1930,'452730','Благоварский','с/с',4),(6345,1930,'452740','Языковский','с/с',4),(6346,1783,'452193','Старотураевский','с/с',4),(6347,1783,'452185','Тарказинский','с/с',4),(6348,1783,'452181','Рятамакский','с/с',4),(6349,1783,'452182','Спартакский','с/с',4),(6350,1783,'452183','Среднекарамалинский','с/с',4),(6351,1783,'452195','Усман-Ташлинский','с/с',4),(6352,1783,'452188','Восьмомартовский','с/с',4),(6353,1783,'452195','Старосуллинский','с/с',4),(6354,1783,'452194','Суккуловский','с/с',4),(6355,1783,'452190','Ермекеевский','с/с',4),(6356,1783,'452181','Кызыл-Ярский','с/с',4),(6357,1783,'452189','Бекетовский','с/с',4),(6358,1783,'452196','Нижнеулу-Елгинский','с/с',4),(6359,46,NULL,'Кандалакша','г.',4),(6360,2,NULL,'Межгорье','г.',4),(6361,1784,'452033','Усень-Ивановский','с/с',4),(6362,1784,'452016','Слакбашевский','с/с',4),(6363,1784,'452031','Баженовский','с/с',4),(6364,1784,'452014','Максим-Горьковский','с/с',4),(6365,1784,'452025','Рассветовский','с/с',4),(6366,1784,'452034','Семенкинский','с/с',4),(6367,1784,'452036','Тузлукушевский','с/с',4),(6368,1784,'452032','Знаменский','с/с',4),(6369,1784,NULL,'Белебей','г.',4),(6370,1784,'452022','Ермолкинский','с/с',4),(6371,1784,'452020','Аксаковский','с/с',4),(6372,1784,'452038','Донской','с/с',4),(6373,1785,'302507','Платоновское','с/п',4),(6374,1784,'452021','Малиновский','с/с',4),(6375,1784,'452030','Шаровский','с/с',4),(6376,1784,'452035','Метевбашевский','с/с',4),(6377,1784,'452027','Анновский','с/с',4),(6378,1786,'303240','Дмитровск','г.',4),(6379,1787,'452045','Кош-Елгинский','с/с',4),(6380,1787,'452057','Аитовский','с/с',4),(6381,1787,'452055','Кенгер-Менеузовский','с/с',4),(6382,1787,'452056','Елбулактамакский','с/с',4),(6383,1787,'452058','Биккуловский','с/с',4),(6384,1787,'452051','Каменский','с/с',4),(6385,1787,'452052','Базлыкский','с/с',4),(6386,1787,'452040','Бижбулякский','с/с',4),(6387,1787,'452050','Зириклинский','с/с',4),(6388,1787,'452043','Михайловский','с/с',4),(6389,1787,'452054','Калининский','с/с',4),(6390,1787,'452042','Сухореченский','с/с',4),(6391,1787,'452059','Демский','с/с',4),(6392,1792,'452092','Зильдяровский','с/с',4),(6393,1826,'453350','Отрадинский','с/с',4),(6394,1826,'453368','Зяк-Ишметовский','с/с',4),(6395,1826,'453359','Илькинеевский','с/с',4),(6396,1826,'453365','Мурапталовский','с/с',4),(6397,1826,'453355','Якшимбетовский','с/с',4),(6398,1826,'453354','Кривле-Илюшкинский','с/с',4),(6399,1826,'453358','Таймасовский','с/с',4),(6400,1826,'453353','Бахмутский','с/с',4),(6401,1826,'453351','Ленинский','с/с',4),(6402,1826,'453356','Свободинский','с/с',4),(6403,1792,'452091','Качегановский','с/с',4),(6404,1792,'452093','Сатыевский','с/с',4),(6405,1792,'452085','Биккуловский','с/с',4),(6406,1792,'452083','Новокарамалинский','с/с',4),(6407,1792,'452087','Кожай-Семеновский','с/с',4),(6408,1792,'452082','Менеузтамакский','с/с',4),(6409,1792,'452086','Карановский','с/с',4),(6410,1792,'452089','Ильчигуловский','с/с',4),(6411,1792,'452097','Уршакбашкарамалинский','с/с',4),(6412,1792,'452094','Большекаркалинский','с/с',4),(6413,1792,'452080','Миякинский','с/с',4),(6414,1792,'452095','Миякибашевский','с/с',4),(6415,1792,'452098','Енебей-Урсаевский','с/с',4),(6416,1792,'452071','Богдановский','с/с',4),(6417,1796,'453330','Уральский','с/с',4),(6418,1796,'453345','Кугарчинский','с/с',4),(6419,1796,'453331','Ибраевский','с/с',4),(6420,1796,'453343','Исимовский','с/с',4),(6421,1796,'453341','Побоищенский','с/с',4),(6422,1796,'453343','Санзяповский','с/с',4),(6423,1796,'453335','Волостновский','с/с',4),(6424,1796,'453346','Зареченский','с/с',4),(6425,1796,'453336','Юмагузинский','с/с',4),(6426,1796,'453344','Ижбердинский','с/с',4),(6427,1796,'453338','Нижнебиккузинский','с/с',4),(6428,1796,'453346','Максютовский','с/с',4),(6429,1796,'453344','Нукаевский','с/с',4),(6430,1796,'453342','Новопетровский','с/с',4),(6431,1796,'453337','Иртюбякский','с/с',4),(6432,1796,'453331','Мраковский','с/с',4),(6433,1796,'453334','Тляумбетовский','с/с',4),(6434,1796,'453337','Ялчинский','с/с',4),(6435,1796,'453333','Чапаевский','с/с',4),(6436,1796,'453340','Юлдыбаевский','с/с',4),(6437,1798,'453393','Казанбулакский','с/с',4),(6438,1798,'453388','Новопетровский','с/с',4),(6439,1798,'453392','Баишевский','с/с',4),(6440,1798,'453395','Сакмарский','с/с',4),(6441,1798,'453397','Новочебенкинский','с/с',4),(6442,1798,'453391','Абзановский','с/с',4),(6443,1797,NULL,'Бирск','г.',4),(6444,1798,'453394','Утягуловский','с/с',4),(6445,1798,'453387','Байдавлетовский','с/с',4),(6446,1798,'453384','Бикбауский','с/с',4),(6447,1798,'453380','Исянгуловский','с/с',4),(6448,1798,'453383','Суренский','с/с',4),(6449,1798,'453382','Тазларовский','с/с',4),(6450,1798,'453391','Абуляисовский','с/с',4),(6451,1798,'453390','Муйнакский','с/с',4),(6452,1798,'453396','Яныбаевский','с/с',4),(6453,1797,'452467','Бурновский','с/с',4),(6454,1797,'452473','Чишминский','с/с',4),(6455,1797,'452477','Верхнелачентауский','с/с',4),(6456,1797,'452463','Осиновский','с/с',4),(6457,1797,'452464','Калинниковский','с/с',4),(6458,1799,'453880','Зирганский','с/с',4),(6459,1799,'453864','Денисовский','с/с',4),(6460,1799,'453863','Шевченковский','с/с',4),(6461,1799,'453862','Партизанский','с/с',4),(6462,1799,'453874','Первомайский','с/с',4),(6463,1799,NULL,'Мелеуз','г.',4),(6464,1799,'453877','Абитовский','с/с',4),(6465,1799,'453883','Корнеевский','с/с',4),(6466,1799,'453871','Иштугановский','с/с',4),(6467,1799,'453870','Нугушевский','с/с',4),(6468,1799,'453876','Воскресенский','с/с',4),(6469,1797,'452475','Старопетровский','с/с',4),(6470,1797,'452468','Угузевский','с/с',4),(6471,1799,'453872','Сарышевский','с/с',4),(6472,1797,'452474','Силантьевский','с/с',4),(6473,1799,'453875','Араслановский','с/с',4),(6474,1797,'452472','Березовский','с/с',4),(6475,1797,'452466','Маядыковский','с/с',4),(6476,1799,'453877','Александровский','с/с',4),(6477,1799,'453873','Аптраковский','с/с',4),(6478,1799,'453882','Нордовский','с/с',4),(6479,1799,'453854','Мелеузовский','с/с',4),(6480,1797,'452470','Кусекеевский','с/с',4),(6481,1797,'452476','Бахтыбаевский','с/с',4),(6482,1797,'452471','Старобазановский','с/с',4),(6483,1797,'452462','Сусловский','с/с',4),(6484,1800,'453283','Дедовский','с/с',4),(6485,1800,'453293','Покровский','с/с',4),(6486,1800,'453285','Теняевский','с/с',4),(6487,1800,'453280','Верхнеяушевский','с/с',4),(6488,1800,'453292','Булякаевский','с/с',4),(6489,1800,'453282','Денискинский','с/с',4),(6490,1800,'453295','Разинский','с/с',4),(6491,1800,'453284','Гончаровский','с/с',4),(6492,1800,'453295','Бала-Четырманский','с/с',4),(6493,1800,'453288','Михайловский','с/с',4),(6494,1800,'453296','Балыклинский','с/с',4),(6495,1800,'453291','Каралачикский','с/с',4),(6496,1800,'453280','Федоровский','с/с',4),(6497,1800,'453289','Пугачевский','с/с',4),(6498,2,'453316','Маячинский','с/с',4),(6499,2,'453315','Подгорный','с/с',4),(6500,2,NULL,'Салават','г.',4),(6501,1801,'452331','Камеевский','с/с',4),(6502,1801,'452344','Ирсаевский','с/с',4),(6503,1801,'452332','Урьядинский','с/с',4),(6504,1801,'452347','Мавлютовский','с/с',4),(6505,1802,'452841','Кудашевский','с/с',4),(6506,1801,'452353','Баймурзинский','с/с',4),(6507,1801,'452352','Тынбаевский','с/с',4),(6508,1802,'452838','Новотатышлинский','с/с',4),(6509,1802,'452832','Аксаитовский','с/с',4),(6510,1802,'452830','Верхнетатышлинский','с/с',4),(6511,1802,'452843','Шулгановский','с/с',4),(6512,1801,'452345','Большешадинский','с/с',4),(6513,1801,'452349','Новотроицкий','с/с',4),(6514,1801,'452343','Акбулатовский','с/с',4),(6515,1802,'452833','Бадряшевский','с/с',4),(6516,1802,'452835','Нижнебалтачевский','с/с',4),(6517,1802,'452842','Курдымский','с/с',4),(6518,1802,'452844','Акбулатовский','с/с',4),(6519,1802,'452834','Кальтяевский','с/с',4),(6520,1801,'452358','Кайраковский','с/с',4),(6521,1802,'452837','Кальмияровский','с/с',4),(6522,1802,'452845','Ялгыз-Наратский','с/с',4),(6523,1802,'452848','Буль-Кайпановский','с/с',4),(6524,1801,'452351','Большесухоязовский','с/с',4),(6525,1801,'452350','Чураевский','с/с',4),(6526,1801,'452340','Мишкинский','с/с',4),(6527,1801,'452346','Староарзаматовский','с/с',4),(6528,1803,NULL,'Янаул','г.',4),(6529,1803,'452825','Иткинеевский','с/с',4),(6530,1803,'452826','Новоартаульский','с/с',4),(6531,1803,'452813','Асавдыбашский','с/с',4),(6532,1803,'452810','Кармановский','с/с',4),(6533,1803,'452807','Орловский','с/с',4),(6534,1803,'452816','Старокудашевский','с/с',4),(6535,1803,'452825','Первомайский','с/с',4),(6536,1803,'452814','Ямадинский','с/с',4),(6537,1803,'452806','Истякский','с/с',4),(6538,1803,'452808','Шудекский','с/с',4),(6539,1803,'452812','Сандугачевский','с/с',4),(6540,1803,'452824','Байгузинский','с/с',4),(6541,1803,'452827','Воядинский','с/с',4),(6542,1803,'452818','Староваряшский','с/с',4),(6543,1803,'452815','Месягутовский','с/с',4),(6544,1803,'452822','Ижболдинский','с/с',4),(6545,1803,'452820','Кисак-Каинский','с/с',4),(6546,1803,'452817','Максимовский','с/с',4),(6547,1139,'452378','Верхнесуянский','с/с',4),(6548,1804,'452974','Вострецовский','с/с',4),(6549,1804,'452972','Тангатаровский','с/с',4),(6550,1804,'452970','Кушманаковский','с/с',4),(6551,1804,'452960','Бураевский','с/с',4),(6552,1804,'452965','Тазларовский','с/с',4),(6553,1804,'452963','Тепляковский','с/с',4),(6554,1804,'452968','Азяковский','с/с',4),(6555,1804,'452956','Ванышевский','с/с',4),(6556,1804,'452955','Кузбаевский','с/с',4),(6557,1804,'452971','Каинлыковский','с/с',4),(6558,1804,'452967','Кашкалевский','с/с',4),(6559,1804,'452973','Челкаковский','с/с',4),(6560,1804,'452975','Бадраковский','с/с',4),(6561,1139,'452374','Караярский','с/с',4),(6562,1139,'452394','Новобердяшский','с/с',4),(6563,1139,'452365','Урюш-Битуллинский','с/с',4),(6564,1139,'452377','Кирзинский','с/с',4),(6565,1139,'452393','Куртлыкульский','с/с',4),(6566,1139,'452373','Магинский','с/с',4),(6567,1139,'452378','Новомуллакаевский','с/с',4),(6568,1139,'452369','Староакбуляковский','с/с',4),(6569,1139,'452368','Артакульский','с/с',4),(6570,1139,'452371','Озеркинский','с/с',4),(6571,1139,'452366','Ургушевский','с/с',4),(6572,1139,'452360','Караидельский','с/с',4),(6573,1139,'452364','Подлубовский','с/с',4),(6574,1139,'452381','Байкинский','с/с',4),(6575,1139,'452382','Байкибашевский','с/с',4),(6576,1139,'452363','Явгильдинский','с/с',4),(6577,1805,'452991','Староянбаевский','с/с',4),(6578,1805,'452988','Верхнеянактаевский','с/с',4),(6579,1805,'452983','Норкинский','с/с',4),(6580,1805,'452990','Кунтугушевский','с/с',4),(6581,1805,'452985','Тучубаевский','с/с',4),(6582,1805,'452992','Ялангачевский','с/с',4),(6583,1805,'452980','Старобалтачевский','с/с',4),(6584,1805,'452996','Кундашлинский','с/с',4),(6585,1805,'452984','Сейтяковский','с/с',4),(6586,1805,'452994','Нижнекарышевский','с/с',4),(6587,1805,'452987','Шавьядинский','с/с',4),(6588,1805,'452982','Нижнесикиязовский','с/с',4),(6589,1805,'452989','Штандинский','с/с',4),(6590,1805,'452993','Богдановский','с/с',4),(6591,1805,'452986','Тошкуровский','с/с',4),(6592,2,NULL,'Октябрьский','г.',4),(6593,477,'452880','Аскинский','с/с',4),(6594,477,'452885','Кшлау-Елгинский','с/с',4),(6595,477,'452890','Кубиязовский','с/с',4),(6596,477,'452895','Султанбековский','с/с',4),(6597,477,'452887','Казанчинский','с/с',4),(6598,477,'452886','Мутабашевский','с/с',4),(6599,477,'452899','Карткисяковский','с/с',4),(6600,477,'452893','Кунгаковский','с/с',4),(6601,477,'452891','Урмиязовский','с/с',4),(6602,477,'452880','Петропавловский','с/с',4),(6603,477,'452896','Евбулякский','с/с',4),(6604,477,'452882','Ключевский','с/с',4),(6605,477,'452892','Кашкинский','с/с',4),(6606,477,'452889','Арбашевский','с/с',4),(6607,1806,'242600','Дятьково','г.',4),(6608,1806,'242613','Верховское сельское поселение','тер.',4),(6609,1806,'242621','Слободищенское сельское поселение','тер.',4),(6610,1806,NULL,'Фокино','г.',4),(6611,1806,'242600','Дятьковское городское поселение','тер.',4),(6612,1808,'242524','Мылинское сельское поселение','тер.',4),(6613,1808,'242507','Вельяминовское сельское поселение','тер.',4),(6614,1808,'242515','Ревенское сельское поселение','тер.',4),(6615,1808,'242500','Карачевское городское поселение','тер.',4),(6616,1808,'242500','Карачев','г.',4),(6617,1808,'242523','Дроновское сельское поселение','тер.',4),(6618,1808,'242500','Песоченское сельское поселение','тер.',4),(6619,1807,'452130','Аксеновский','с/с',4),(6620,1808,'242510','Бошинское сельское поселение','тер.',4),(6621,1808,'242522','Верхопольское сельское поселение','тер.',4),(6622,1807,'452103','Мендяновский','с/с',4),(6623,1807,'452120','Зеленоклиновский','с/с',4),(6624,1807,'452112','Ташлинский','с/с',4),(6625,1807,'452132','Гайниямакский','с/с',4),(6626,1807,'452115','Кармышевский','с/с',4),(6627,1807,'452119','Абдрашитовский','с/с',4),(6628,1807,'452100','Шафрановский','с/с',4),(6629,1807,'452114','Кипчак-Аскаровский','с/с',4),(6630,1807,'452136','Ибраевский','с/с',4),(6631,1807,'452134','Воздвиженский','с/с',4),(6632,1807,'452111','Казанский','с/с',4),(6633,1807,'452117','Нигматуллинский','с/с',4),(6634,1807,'452102','Нижнеаврюзовский','с/с',4),(6635,1807,'452116','Кызыльский','с/с',4),(6636,1807,'452131','Никифаровский','с/с',4),(6637,1807,'452104','Слаковский','с/с',4),(6638,1807,'452106','Чебенлинский','с/с',4),(6639,1807,'452120','Раевский','с/с',4),(6640,1807,'452113','Трунтаишевский','с/с',4),(6641,1809,'413211','Степновское муниципальное образование','тер.',4),(6642,1809,'413205','Советское муниципальное образование','тер.',4),(6643,1809,'413220','Пушкинское муниципальное образование','тер.',4),(6644,1809,'413200','Золотостепское муниципальное образование','тер.',4),(6645,1809,'413221','Культурское муниципальное образование','тер.',4),(6646,1809,'413206','Любимовское муниципальное образование','тер.',4),(6647,1809,'413223','Мечетненское муниципальное образование','тер.',4),(6648,1809,'413213','Наливнянское муниципальное образование','тер.',4),(6649,1809,'413201','Розовское муниципальное обрпзование','тер.',4),(6650,1811,'242750','Дубровское городское поселение','тер.',4),(6651,1811,'242755','Рековичское сельское поселение','тер.',4),(6652,1811,'242760','Сещинское сельское поселение','тер.',4),(6653,1811,'242745','Алешинское сельское поселение','тер.',4),(6654,1811,'242746','Пеклинское сельское поселение','тер.',4),(6655,1811,'242750','Сергеевское сельское поселение','тер.',4),(6656,1811,'242744','Рябчинское сельское поселение','тер.',4),(6657,1812,NULL,'Жуковка','г.',4),(6658,1810,'452278','Итеевский','с/с',4),(6659,1810,'452282','Игметовский','с/с',4),(6660,1810,'452273','Кужбахтинский','с/с',4),(6661,1810,'452270','Черекулевский','с/с',4),(6662,1810,'452276','Исанбаевский','с/с',4),(6663,1810,'452279','Аккузевский','с/с',4),(6664,1810,'452264','Дюмеевский','с/с',4),(6665,1810,'452263','Рсаевский','с/с',4),(6666,1810,'452285','Старокуктовский','с/с',4),(6667,1810,'452265','Урметовский','с/с',4),(6668,1810,'452281','Ишкаровский','с/с',4),(6669,1810,'452275','Юнновский','с/с',4),(6670,1810,'452274','Новомедведевский','с/с',4),(6671,1810,'452277','Исаметовский','с/с',4),(6672,1810,'452275','Ябалаковский','с/с',4),(6673,1810,'452269','Сюльтинский','с/с',4),(6674,1810,'452271','Андреевский','с/с',4),(6675,1810,'452266','Карабашевский','с/с',4),(6676,1810,'452267','Кадыровский','с/с',4),(6677,1810,'452268','Бишкураевский','с/с',4),(6678,1810,'452272','Базитамакский','с/с',4),(6679,1810,'452260','Яркеевский','с/с',4),(6680,1812,'242734','Шамординское сельское поселение','тер.',4),(6681,1812,'242732','Летошницкое сельское поселение','тер.',4),(6682,1812,'242727','Гришинослободское сельское поселение','тер.',4),(6683,1812,'242706','Заборско-Никольское сельское поселение','тер.',4),(6684,1812,'242710','Троснянское сельское поселение','тер.',4),(6685,1812,'242734','Крыжинское сельское поселение','тер.',4),(6686,1812,'242700','Жуковское городское поселение','тер.',4),(6687,1812,'242722','Ходиловичское сельское поселение','тер.',4),(6688,1812,'242725','Ржаницкое сельское поселение','тер.',4),(6689,1812,'242726','Овстугское сельское поселение','тер.',4),(6690,1814,'242841','Лутенское сельское поселение','тер.',4),(6691,1814,'242831','Мужиновское сельское поселение','тер.',4),(6692,1814,'242845','Мирнинское сельское поселение','тер.',4),(6693,1814,'242833','Акуличское сельское поселение','тер.',4),(6694,1814,'242826','Надвинское сельское поселение','тер.',4),(6695,1814,'242820','Клетнянское городское поселение','тер.',4),(6696,1806,'242632','Большежуковское сельское поселение','тер.',4),(6697,1806,'242622','Березинское сельское поселение','тер.',4),(6698,1806,'242673','Немеричское сельское поселение','тер.',4),(6699,1813,'452317','Черлаковский','с/с',4),(6700,1813,'452301','Исмаиловский','с/с',4),(6701,1813,'452312','Куккуяновский','с/с',4),(6702,1813,'452319','Таймурзинский','с/с',4),(6703,1813,'452310','Суккуловский','с/с',4),(6704,1813,'452303','Ангасяковский','с/с',4),(6705,1813,'452314','Семилетовский','с/с',4),(6706,1813,'452311','Московский','с/с',4),(6707,1813,'452304','Маядыковский','с/с',4),(6708,1813,'452309','Учпилинский','с/с',4),(6709,1813,'452315','Асяновский','с/с',4),(6710,1813,'452306','Староянтузовский','с/с',4),(6711,1813,'452320','Дюртюли','г.',4),(6712,1813,'452307','Старобаишевский','с/с',4),(6713,1813,'452308','Такарликовский','с/с',4),(6714,1819,'452203','Имянликулевский','с/с',4),(6715,1819,'452227','Юмашевский','с/с',4),(6716,1819,'452218','Урнякский','с/с',4),(6717,1819,'452200','Чекмагушевский','с/с',4),(6718,1819,'452205','Тузлукушевский','с/с',4),(6719,1819,'452222','Резяповский','с/с',4),(6720,1819,'452225','Тайняшевский','с/с',4),(6721,1819,'452211','Новобалтачевский','с/с',4),(6722,1819,'452212','Новокутовский','с/с',4),(6723,1819,'452219','Рапатовский','с/с',4),(6724,1819,'452206','Старокалмашевский','с/с',4),(6725,1819,'452209','Калмашбашевский','с/с',4),(6726,1819,'452207','Башировский','с/с',4),(6727,1821,NULL,'Суздаль','г.',4),(6728,1821,'601293','МО город Суздаль','тер.',4),(6729,1821,'601270','МО сельское поселение Боголюбовское','тер.',4),(6730,1821,'601261','МО сельское поселение Селецкое','тер.',4),(6731,1821,'601282','МО СП Новоалександровское','тер.',4),(6732,1821,'601273','МО сельское поселение Павловское','тер.',4),(6733,1823,'601332','МО сельское поселение Сергеихинское','тер.',4),(6734,1823,NULL,'Камешково','г.',4),(6735,1823,'601301','МО городское поселение Камешково','тер.',4),(6736,1823,'601340','МО сельское поселение Брызгаловское','тер.',4),(6737,1823,'601335','МО сельское поселение Вахромеевское','тер.',4),(6738,1823,'601310','МО сельское поселение Второвское','тер.',4),(6739,1823,'601322','МО сельское поселение Пенкинское','тер.',4),(6740,1822,'452246','Горьковский','с/с',4),(6741,1822,'452242','Старогумеровский','с/с',4),(6742,1822,'452245','Карача-Елгинский','с/с',4),(6743,1822,'452253','Старокамышлинский','с/с',4),(6744,1822,'452243','Расмекеевский','с/с',4),(6745,1822,'452247','Ахметовский','с/с',4),(6746,1822,'452244','Бакаевский','с/с',4),(6747,1822,'452236','Матвеевский','с/с',4),(6748,1822,'452231','Кушнаренковский','с/с',4),(6749,1822,'452240','Старотукмаклинский','с/с',4),(6750,1822,'452238','Старокурмашевский','с/с',4),(6751,1822,'452251','Шариповский','с/с',4),(6752,1824,'601408','Мстёра','п.',4),(6753,2,NULL,'Кумертау','г.',4),(6754,1824,'601422','Никологоры','п.',4),(6755,1824,NULL,'Вязники','г.',4),(6756,1824,'601408','МО поселок Мстера','тер.',4),(6757,1824,'601422','МО поселок Никологоры','тер.',4),(6758,1824,'601441','МО город Вязники','тер.',4),(6759,1824,'601420','МО сельское поселение Октябрьское','тер.',4),(6760,1824,'601411','МО сельское поселение Сарыевское','тер.',4),(6761,1824,'601432','МО сельское поселение Паустовское','тер.',4),(6762,1824,'601427','МО селское поселение Степанцевское','тер.',4),(6763,1825,'601483','МО город Гороховец','тер.',4),(6764,1825,NULL,'Гороховец','г.',4),(6765,1825,'601465','МО Денисовское сельское поселение','тер.',4),(6766,1825,'601471','МО Фоминское сельское поселение','тер.',4),(6767,1825,'601481','МО Куприяновское сельское поселение','тер.',4),(6768,1826,'453367','Шабагишский','с/с',4),(6769,1826,'453361','Ермолаевский','с/с',4),(6770,1827,'306828','Нижнеборковский','с/с',4),(6771,1827,'306843','Знаменский','с/с',4),(6772,1827,'306844','Среднеапоченский','с/с',4),(6773,1827,'306820','Сосновский','с/с',4),(6774,1827,'306842','Никольский','с/с',4),(6775,1827,'306803','Ясеновский','с/с',4),(6776,1827,'306814','Быковский','с/с',4),(6777,1827,'306810','Старороговский','с/с',4),(6778,1827,'306825','Новомеловский','с/с',4),(6779,1827,'306815','Богатыревский','с/с',4),(6780,1827,'306841','Куньевский','с/с',4),(6781,1827,'306813','Ключевский','с/с',4),(6782,1827,'306816','Удобенский','с/с',4),(6783,1827,'306811','Солдатский','с/с',4),(6784,1828,'306741','Ореховский','с/с',4),(6785,1828,'306725','Верхнеграйворонский','с/с',4),(6786,1828,'306705','Андреевский','с/с',4),(6787,1828,'306731','Краснодолинский','с/с',4),(6788,1828,'306713','Котовский','с/с',4),(6789,1828,'306733','Краснознаменский','с/с',4),(6790,1828,'306720','Лачиновский','с/с',4),(6791,1828,'306700','Ленинский','с/с',4),(6792,1828,'306712','Успенский','с/с',4),(6793,1828,'306726','Алексеевский','с/с',4),(6794,1828,'306724','Жерновецкий','с/с',4),(6795,1828,'306710','Семеновский','с/с',4),(6796,1828,'306742','Егорьевский','с/с',4),(6797,7,'628281','Урай','г.',4),(6798,7,'628672','Лангепас','г.',4),(6799,7,NULL,'Радужный','г.',4),(6800,7,NULL,'Мегион','г.',4),(6801,1830,'678200','Вилюйск','г.',4),(6802,1832,NULL,'Валдай','г.',4),(6803,1743,'346720','Аксай','г.',4),(6804,7,'628000','Ханты-Мансийск','г.',4),(6805,1854,'678790','Среднеколымск','г.',4),(6806,27,NULL,'Барыш','г.',4),(6807,1838,NULL,'Ядрин','г.',4),(6808,2009,'662951','Артемовск','г.',4),(6809,1841,NULL,'Окуловка','г.',4),(6810,1843,'242306','Дубровское сельское поселение','тер.',4),(6811,1843,'242313','Добриковское сельское поселение','тер.',4),(6812,1843,'242323','Веребское сельское поселение','тер.',4),(6813,1843,'242311','Сныткинское сельское поселение','тер.',4),(6814,1843,'242320','Глодневское сельское поселение','тер.',4),(6815,1843,'242331','Вороновологское сельское поселение','тер.',4),(6816,1843,'242305','Погребское сельское поселение','тер.',4),(6817,1843,'242322','Крупецкое сельское поселение','тер.',4),(6818,1843,'242300','Локотское городское поселение','тер.',4),(6819,1843,'242310','Брасовское сельское поселение','тер.',4),(6820,1843,'242326','Столбовское сельское поселение','тер.',4),(6821,1844,'242400','Комаричское городское поселение','тер.',4),(6822,1844,'242407','Аркинское сельское поселение','тер.',4),(6823,1844,'242412','Игрицкое сельское поселение','тер.',4),(6824,1844,'242420','Усожское сельское поселение','тер.',4),(6825,1844,'242401','Марьинское сельское поселение','тер.',4),(6826,1844,'242404','Литижское сельское поселение','тер.',4),(6827,1844,'242410','Быховское сельское поселение','тер.',4),(6828,1844,'242425','Лопандинское сельское поселение','тер.',4),(6829,1845,'242440','Севск','г.',4),(6830,1845,'242441','Севское городское поселение','тер.',4),(6831,1845,'242444','Чемлыжское сельское поселение','тер.',4),(6832,1845,'242430','Новоямское сельское поселение','тер.',4),(6833,1845,'242452','Косицское сельское поселение','тер.',4),(6834,1845,'242466','Пушкинское сельское поселение','тер.',4),(6835,1845,'242455','Троебортновское сельское поселение','тер.',4),(6836,1845,'242447','Доброводское сельское поселение','тер.',4),(6837,1845,'242463','Подлесно-Новосельское сельское поселение','тер.',4),(6838,1846,'242138','Алешенское сельское поселение','тер.',4),(6839,1846,'242113','Чичковское сельское поселение','тер.',4),(6840,1846,'242120','Клюковенское сельское поселение','тер.',4),(6841,1846,'242121','Бяковское сельское поселение','тер.',4),(6842,1846,'242132','Соколовское сельское поселение','тер.',4),(6843,1846,'242142','Вздруженское сельское поселение','тер.',4),(6844,1846,'242111','Ревенское сельское поселение','тер.',4),(6845,1846,'242135','Щегловское сельское поселение','тер.',4),(6846,1846,'242140','Салтановское сельское поселение','тер.',4),(6847,1846,'242110','Синезерское сельское поселение','тер.',4),(6848,1846,'242143','Пролысовское сельское поселение','тер.',4),(6849,1846,'242150','Алтуховское сельское поселение','тер.',4),(6850,1846,'242130','Навлинское городское поселение','тер.',4),(6851,1980,'663200','Игарка','г.',4),(6852,1817,'694490','Оха','г.',4),(6853,37,NULL,'Сельцо','г.',4),(6854,1847,NULL,'Изобильный','г.',4),(6855,471,'188910','Приморск','г.',4),(6856,1850,'662511','Маганский','с/с',4),(6857,1850,'662523','Вознесенский','с/с',4),(6858,1852,NULL,'Микунь','г.',4),(6859,1850,'662518','Есаульский','с/с',4),(6860,747,'613915','Лунданское','с/п',4),(6861,747,'613916','Зареченское','с/п',4),(6862,747,'613921','Октябрьское','с/п',4),(6863,747,'613912','Шолгское','с/п',4),(6864,747,'613922','Щеткинское','с/п',4),(6865,1850,'662524','Бархатовский','с/с',4),(6866,818,'613145','Сухоборское','с/п',4),(6867,1169,'613373','Мушинское','с/п',4),(6868,1027,'612203','Караванское','с/п',4),(6869,482,'613561','Андреевское','с/п',4),(6870,482,'613542','Лебедевское','с/п',4),(6871,482,'613530','Петряевское','с/п',4),(6872,1850,'662510','Зыковский','с/с',4),(6873,482,'613538','Рождественское','с/п',4),(6874,482,'613550','Русско-Тимкинское','с/п',4),(6875,482,'613535','Цепочкинское','с/п',4),(6876,482,'613551','Шевнинское','с/п',4),(6877,997,'612270','Орловское','с/п',4),(6878,1089,'613637','Высоковское','с/п',4),(6879,1089,'613620','Монастырское','с/п',4),(6880,1850,'662520','Березовка','с/с',4),(6881,1848,NULL,'Острогожск','г.',4),(6882,62,NULL,'Сосновоборск','г.',4),(6883,2009,'662922','Рощинский','с/с',4),(6884,2009,'662940','Курский','с/с',4),(6885,2009,'662921','Кочергинский','с/с',4),(6886,2009,'662931','Шалоболинский','с/с',4),(6887,2009,'662936','Березовский','с/с',4),(6888,2009,'662933','Марининский','с/с',4),(6889,2009,'662925','Черемшанский','с/с',4),(6890,2009,'662924','Можарский','с/с',4),(6891,2009,'662930','Пойловский','с/с',4),(6892,2009,'662934','Детловский','с/с',4),(6893,2009,'662932','Алексеевский','с/с',4),(6894,2009,'662926','Муринский','с/с',4),(6895,2009,'662935','Брагинский','с/с',4),(6896,2009,'662953','Щетинкинский','с/с',4),(6897,2009,'662923','Имисский','с/с',4),(6898,2009,'662941','Кордовский','с/с',4),(6899,1857,'662692','Большекнышенский','с/с',4),(6900,1857,'662685','Добромысловский','с/с',4),(6901,1857,'662686','Большехабыкский','с/с',4),(6902,1857,'662685','Майский','с/с',4),(6903,1857,'662689','Романовский','с/с',4),(6904,1857,'662687','Малохабыкский','с/с',4),(6905,1857,'662696','Курежский','с/с',4),(6906,1857,'662695','Большесалбинский','с/с',4),(6907,1857,'662682','Новоберезовский','с/с',4),(6908,1857,'662689','Новотроицкий','с/с',4),(6909,1857,'662680','Идринский','с/с',4),(6910,1857,'662681','Никольский','с/с',4),(6911,1857,'662693','Отрокский','с/с',4),(6912,1857,'662690','Центральный','с/с',4),(6913,1857,'662696','Большетелекский','с/с',4),(6914,1857,'662673','Екатерининский','с/с',4),(6915,1780,'601370','МО сельское поселение Андреевское','тер.',4),(6916,1780,NULL,'Судогда','г.',4),(6917,1780,'601351','МО городское поселение Судогда','тер.',4),(6918,2010,'663518','Выезжилогский','с/с',4),(6919,2010,'663500','Камарчагский','с/с',4),(6920,2010,'663505','Кияйский','с/с',4),(6921,2010,'663501','Орешенский','с/с',4),(6922,2010,'663502','Первоманский','с/с',4),(6923,2010,'663503','Каменский','с/с',4),(6924,2010,'663510','Шалинский','с/с',4),(6925,2010,'663515','Колбинский','с/с',4),(6926,2010,'663512','Степно-Баджейский','с/с',4),(6927,1816,NULL,'Еманжелинск','г.',4),(6928,2010,'663517','Нарвинский','с/с',4),(6929,2010,'663506','Унгутский','с/с',4),(6930,1865,'456550','Коркино','г.',4),(6931,87,NULL,'Нововоронеж','г.',4),(6932,2008,'662864','Нижнекурятский','с/с',4),(6933,2008,'662852','Уджейский','с/с',4),(6934,2008,'662849','Старокопский','с/с',4),(6935,2008,'662865','Нижнекужебарский','с/с',4),(6936,2008,'662862','Верхнекужебарский','с/с',4),(6937,2008,'662853','Качульский','с/с',4),(6938,2008,'662855','Таскинский','с/с',4),(6939,2008,'662852','Сагайский','с/с',4),(6940,2008,'662848','Лебедевский','с/с',4),(6941,2008,'662861','Амыльский','с/с',4),(6942,2008,'662864','Таятский','с/с',4),(6943,2008,'662850','Каратузский','с/с',4),(6944,2008,'662854','Черемушенский','с/с',4),(6945,2008,'662860','Моторский','с/с',4),(6946,1919,NULL,'Буй','г.',4),(6947,84,NULL,'Озерск','г.',4),(6948,1866,'662664','Беллыкский','с/с',4),(6949,1866,'662653','Лебяженский','с/с',4),(6950,1866,'662654','Саянский','с/с',4),(6951,1866,'662660','Краснотуранский','с/с',4),(6952,1866,'662663','Салбинский','с/с',4),(6953,1866,'662662','Кортузский','с/с',4),(6954,1866,'662665','Новосыдинский','с/с',4),(6955,1866,'662651','Восточный','с/с',4),(6956,1866,'662655','Турбинский','с/с',4),(6957,84,'457100','Троицк','г.',4),(6958,1872,NULL,'Курчатов','г.',4),(6959,1872,'307226','Макаровский','с/с',4),(6960,1872,'307227','Чаплинский','с/с',4),(6961,1872,'307236','Дичнянский','с/с',4),(6962,1872,'307231','Колпаковский','с/с',4),(6963,1872,'307224','Костельцевский','с/с',4),(6964,1872,'307220','Дружненский','с/с',4),(6965,84,NULL,'Чебаркуль','г.',4),(6966,62,NULL,'Бородино','г.',4),(6967,1877,'452716','Сабаевский','с/с',4),(6968,1877,'452726','Кузеевский','с/с',4),(6969,1877,'452722','Арслановский','с/с',4),(6970,1877,'452721','Каранский','с/с',4),(6971,1877,'452725','Килимовский','с/с',4),(6972,1877,'452703','Копей-Кубовский','с/с',4),(6973,1877,'452724','Тавларовский','с/с',4),(6974,1877,'452701','Гафурийский','с/с',4),(6975,1877,'452727','Тюрюшевский','с/с',4),(6976,1877,'452715','Канлы-Туркеевский','с/с',4),(6977,1877,'452710','Буздякский','с/с',4),(6978,1877,'452717','Уртакульский','с/с',4),(6979,7,'628180','Нягань','г.',4),(6980,7,'628400','Сургут','г.',4),(6981,11,NULL,'Лосино-Петровский','г.',4),(6982,1222,NULL,'Ахтубинск','г.',4),(6983,46,'184682','Снежногорск','г.',4),(6984,226,NULL,'Первомайск','г.',4),(6985,1022,'243657','Мирнинское городское поселение','тер.',4),(6986,610,'427550','Балезинское','с/п',4),(6987,1422,'427580','Кезское','с/мо',4),(6988,553,'427500','Ярское','с/п',4),(6989,942,NULL,'Шахунья','г.',4),(6990,1196,'612486','Рождественское','с/п',4),(6991,1196,'612477','Спасское','с/п',4),(6992,1196,'612472','Ухтымское','с/п',4),(6993,1196,'612487','Хорошевское','с/п',4),(6994,1196,'612475','Чирковское','с/п',4),(6995,484,'612407','Лемское','с/п',4),(6996,484,'612441','Пасынское','с/п',4),(6997,200,'613407','Рябиновское','с/п',4),(6998,1284,'613512','Вотское','с/п',4),(6999,1284,'613528','Изиморское','с/п',4),(7000,1284,'613524','Индыгойское','с/п',4),(7001,1284,'613516','Кокоревское','с/п',4),(7002,1284,'613504','Красноярское','с/п',4),(7003,1284,'613526','Кузнецовское','с/п',4),(7004,1284,'613520','Окуневское','с/п',4),(7005,1185,'613975','Грибошинское','с/п',4),(7006,1185,'613968','Учецкое','с/п',4),(7007,1185,'613990','Христофоровское','с/п',4),(7008,798,'613674','Боровицкое','с/п',4),(7009,798,'613720','Верхораменское','с/п',4),(7010,798,'613721','Даниловское','с/п',4),(7011,798,'613700','Староверческое','с/п',4),(7012,798,'613722','Паломохинское','с/п',4),(7013,798,'613730','Октябрьское','с/п',4),(7014,666,'612080','Оричевское','с/п',4),(7015,1820,'694920','Углегорск','г.',4),(7016,1991,'403840','Петров Вал','г.',4),(7017,1820,NULL,'Шахтерск','г.',4),(7018,1888,NULL,'Белев','г.',4),(7019,1887,NULL,'Котельниково','г.',4),(7020,1892,'301414','Чекалин','г.',4),(7021,1892,'301430','Суворов','г.',4),(7022,1891,NULL,'Котово','г.',4),(7023,1899,'647235','Воронцовский','с/с',4),(7024,1893,NULL,'Ленинск','г.',4),(7025,1332,NULL,'Ступино','г.',4),(7026,1672,NULL,'Черноголовка','г.',4),(7027,11,'142432','Городской округ Черноголовка.','г.',4),(7028,11,NULL,'Электрогорск','г.',4),(7029,1904,NULL,'Новоаннинский','г.',4),(7030,1900,NULL,'Палласовка','г.',4),(7031,1901,NULL,'Николаевск','г.',4),(7032,1906,'403441','Серафимович','г.',4),(7033,1907,NULL,'Краснослободск','г.',4),(7034,1908,NULL,'Суровикино','г.',4),(7035,1675,'427145','Сундурское','с/мо',4),(7036,1675,'427133','Мужберское','с/мо',4),(7037,1675,'427145','Игринское','с/мо',4),(7038,1675,'427153','Новозятцинское','с/мо',4),(7039,1675,'427144','Комсомольское','с/мо',4),(7040,1815,'242770','Рогнединское городское поселение','тер.',4),(7041,1815,'242778','Селиловичское сельское поселение','тер.',4),(7042,1815,'242782','Шаровичское сельское поселение','тер.',4),(7043,1815,'242779','Вороновское сельское поселение','тер.',4),(7044,1815,'242780','Федоровское сельское поселение','тер.',4),(7045,1815,'242773','Тюнинское сельское поселение','тер.',4),(7046,1915,'452546','Заимкинский','с/с',4),(7047,1915,'452532','Сикиязский','с/с',4),(7048,1915,'452530','Месягутовский','с/с',4),(7049,1915,'452533','Улькундинский','с/с',4),(7050,1915,'452541','Вознесенский','с/с',4),(7051,1915,'452544','Метелинский','с/с',4),(7052,1915,'452538','Лемазинский','с/с',4),(7053,1915,'452535','Михайловский','с/с',4),(7054,1915,'452534','Дуванский','с/с',4),(7055,1915,'452522','Рухтинский','с/с',4),(7056,1915,'452542','Ярославский','с/с',4),(7057,1915,'452539','Ариевский','с/с',4),(7058,1915,'452543','Сальевский','с/с',4),(7059,1916,'452566','Новомещеровский','с/с',4),(7060,1916,'452563','Юнусовский','с/с',4),(7061,1916,'452564','Лемез-Тамакский','с/с',4),(7062,1916,'452555','Абдуллинский','с/с',4),(7063,1916,'452565','Дуван-Мечетлинский','с/с',4),(7064,1916,'452556','Малоустьикинский','с/с',4),(7065,1916,'452558','Алегазовский','с/с',4),(7066,1916,'452567','Новояушевский','с/с',4),(7067,1916,'452561','Ростовский','с/с',4),(7068,1916,'452562','Кургатовский','с/с',4),(7069,1916,'452550','Большеустьикинский','с/с',4),(7070,1916,'452554','Большеокинский','с/с',4),(7071,1917,'452592','Карлыхановский','с/с',4),(7072,1917,'452594','Яныбаевский','с/с',4),(7073,1917,'452587','Утяшевский','с/с',4),(7074,1917,'452591','Ногушинский','с/с',4),(7075,1913,'413074','Зоркинское муниципальное образование','тер.',4),(7076,1917,'452593','Нижнеискушинский','с/с',4),(7077,1917,'452570','Ургалинский','с/с',4),(7078,1917,'452590','Емашинский','с/с',4),(7079,1917,'452583','Майгазинский','с/с',4),(7080,1913,'413084','Кировское муниципальное образование','тер.',4),(7081,1913,'413087','Липовское муниципальное образование','тер.',4),(7082,1913,'413076','Осиновское муниципальное образование','тер.',4),(7083,1913,'413072','Подлесновское муниципальное образование','тер.',4),(7084,1913,'413064','Приволжское муниципальное образование','тер.',4),(7085,1917,'452572','Атаршинский','с/с',4),(7086,1917,'452595','Тардавский','с/с',4),(7087,1917,'452580','Новобелокатайский','с/с',4),(7088,1917,'452584','Старобелокатайский','с/с',4),(7089,1917,'452586','Белянковский','с/с',4),(7090,1918,'452481','Алькинский','с/с',4),(7091,1918,'452480','Первомайский','с/с',4),(7092,1918,'452482','Мечетлинский','с/с',4),(7093,1918,'452498','Лаклинский','с/с',4),(7094,1918,'452493','Аркауловский','с/с',4),(7095,1918,'452497','Лагеревский','с/с',4),(7096,1918,'452487','Терменевский','с/с',4),(7097,1918,'452484','Таймеевский','с/с',4),(7098,1918,'452495','Мещегаровский','с/с',4),(7099,1918,'452496','Насибашевский','с/с',4),(7100,1918,'452485','Мурсалимкинский','с/с',4),(7101,1918,'452492','Янгантауский','с/с',4),(7102,1918,'452490','Салаватский','с/с',4),(7103,1918,'452499','Ишимбаевский','с/с',4),(7104,1918,'452486','Турналинский','с/с',4),(7105,1918,'452490','Малоязовский','с/с',4),(7106,1920,'452500','Верхнекигинский','с/с',4),(7107,1920,'452507','Арслановский','с/с',4),(7108,1920,'452505','Абзаевский','с/с',4),(7109,1920,'452509','Душанбековский','с/с',4),(7110,1920,'452502','Еланлинский','с/с',4),(7111,1920,'452510','Нижнекигинский','с/с',4),(7112,1920,'452503','Ибраевский','с/с',4),(7113,1920,'452508','Кандаковский','с/с',4),(7114,1920,'452506','Леузинский','с/с',4),(7115,1921,'453147','Октябрьский','с/с',4),(7116,1921,'453148','Максимовский','с/с',4),(7117,1921,'453149','Куганакский','с/с',4),(7118,1921,'453167','Наумовский','с/с',4),(7119,1921,'453145','Николаевский','с/с',4),(7120,1921,'453165','Константиноградовский','с/с',4),(7121,1921,'453151','Казадаевский','с/с',4),(7122,1921,'453161','Буриказгановский','с/с',4),(7123,1921,'453142','Ашкадарский','с/с',4),(7124,1921,'453144','Тюрюшлинский','с/с',4),(7125,1921,'453141','Айгулевский','с/с',4),(7126,1921,'453152','Подлесненский','с/с',4),(7127,1921,'453154','Алатанинский','с/с',4),(7128,1921,'453142','Аючевский','с/с',4),(7129,1921,'453137','Рощинский','с/с',4),(7130,1921,'453164','Первомайский','с/с',4),(7131,1921,'453162','Рязановский','с/с',4),(7132,1921,'453140','Отрадовский','с/с',4),(7133,1921,'453163','Услинский','с/с',4),(7134,1921,'453153','Красноярский','с/с',4),(7135,1923,'453485','Бишкаинский','с/с',4),(7136,1923,'453475','Михайловский','с/с',4),(7137,1923,'453495','Таштамакский','с/с',4),(7138,1923,'453477','Уршакский','с/с',4),(7139,1923,'453488','Исмагиловский','с/с',4),(7140,1923,'453498','Султанмуратовский','с/с',4),(7141,1923,'453497','Турумбетовский','с/с',4),(7142,1923,'453485','Чуваш-Карамалинский','с/с',4),(7143,1923,'453492','Семенкинский','с/с',4),(7144,1923,'453486','Кебячевский','с/с',4),(7145,1923,'453489','Тукаевский','с/с',4),(7146,1923,'453473','Балыклыкульский','с/с',4),(7147,1923,'453480','Толбазинский','с/с',4),(7148,1923,'453496','Степановский','с/с',4),(7149,1923,'453472','Ибраевский','с/с',4),(7150,1923,'453471','Ишлинский','с/с',4),(7151,1923,'453474','Новокальчировский','с/с',4),(7152,1923,'453484','Тряпинский','с/с',4),(7153,1923,'453491','Меселинский','с/с',4),(7154,1923,'453483','Батыровский','с/с',4),(7155,1923,'453499','Нагадакский','с/с',4),(7156,1924,'453062','Ковардинский','с/с',4),(7157,1924,'453070','Белоозерский','с/с',4),(7158,1924,'453057','Бельский','с/с',4),(7159,1924,'453053','Утяковский','с/с',4),(7160,1924,'453074','Мраковский','с/с',4),(7161,1924,'453061','Зилим-Карановский','с/с',4),(7162,1924,'453076','Буруновский','с/с',4),(7163,1924,'453071','Табынский','с/с',4),(7164,1924,'453078','Ташлинский','с/с',4),(7165,1924,'453073','Янгискаинский','с/с',4),(7166,1924,'453063','Имендяшевский','с/с',4),(7167,1924,'453065','Толпаровский','с/с',4),(7168,1924,'453060','Бурлинский','с/с',4),(7169,1924,'453054','Ташбукановский','с/с',4),(7170,1924,'453064','Саитбабинский','с/с',4),(7171,1924,'453051','Красноусольский','с/с',4),(7172,1926,'453171','Старокалкашевский','с/с',4),(7173,1926,'453184','Кундрякский','с/с',4),(7174,1926,'453188','Аллагуватский','с/с',4),(7175,1926,'453172','Куганакбашевский','с/с',4),(7176,1926,'453180','Стерлибашевский','с/с',4),(7177,1926,'453193','Бузатовский','с/с',4),(7178,1926,'453183','Бакеевский','с/с',4),(7179,1926,'453195','Янгурчинский','с/с',4),(7180,1926,'453185','Сарайсинский','с/с',4),(7181,1926,'453189','Кабакушский','с/с',4),(7182,1926,'453187','Халикеевский','с/с',4),(7183,1926,'453191','Тятер-Араслановский','с/с',4),(7184,1926,'453186','Карагушский','с/с',4),(7185,1926,'453190','Айдаралинский','с/с',4),(7186,1926,'453192','Яшергановский','с/с',4),(7187,1928,'452140','Шингак-Кульский','с/с',4),(7188,1928,'452171','Еремеевский','с/с',4),(7189,1928,'452157','Дмитриевский','с/с',4),(7190,1928,'452156','Енгалышевский','с/с',4),(7191,1928,'452163','Новотроицкий','с/с',4),(7192,1928,'452155','Лесной','с/с',4),(7193,1928,'452166','Чувалкиповский','с/с',4),(7194,1928,'452153','Арслановский','с/с',4),(7195,1928,'452160','Кара-Якуповский','с/с',4),(7196,1928,'452175','Чишминский','с/с',4),(7197,1928,'452151','Сафаровский','с/с',4),(7198,1928,'452141','Дурасовский','с/с',4),(7199,1928,'452161','Аровский','с/с',4),(7200,1928,'452164','Ибрагимовский','с/с',4),(7201,1928,'452154','Алкинский','с/с',4),(7202,1937,NULL,'Инза','г.',4),(7203,1676,'187351','ст Назия','массив',4),(7204,1614,'659010','Новые-Зори','тер.',4),(7205,1614,'659004','Комсомольский','тер.',4),(7206,1614,'659000','Павловск','тер.',4),(7207,1614,'659016','Шахи','тер.',4),(7208,14,NULL,'Горячий Ключ','г.',4),(7209,1414,'188455','Тикопись','массив',4),(7210,7,'628481','Когалым','г.',4),(7211,21,NULL,'Шелехов','г.',4),(7212,1952,NULL,'Слюдянка','г.',4),(7213,1952,NULL,'Байкальск','г.',4),(7214,1952,NULL,'Култук','рп',4),(7215,85,'659900','Белокуриха','г.',4),(7216,1086,NULL,'Змеиногорск','г.',4),(7217,1524,NULL,'Лакинск','г.',4),(7218,1524,NULL,'Собинка','г.',4),(7219,1973,NULL,'Красная Горбатка','пгт',4),(7220,1973,'602331','МО ГП поселок Красная Горбатка','тер.',4),(7221,1524,NULL,'Ставрово','п.',4),(7222,1675,'427161','Зуринское','с/мо',4),(7223,1675,'427166','Лозо-Люкское','с/мо',4),(7224,1675,'427132','Чутырское','с/мо',4),(7225,1675,'427135','Кушьинское','с/мо',4),(7226,1974,'427241','Сюрногуртское','с/мо',4),(7227,1974,'427060','Дебесское','с/мо',4),(7228,1974,'427060','Заречномедлинское','с/мо',4),(7229,1974,'427053','Уйвайское','с/мо',4),(7230,1974,'427060','Тольенское','с/мо',4),(7231,1974,'427052','Тыловайское','с/мо',4),(7232,1974,'427067','Нижнепыхтинское','с/мо',4),(7233,1974,'427250','Большезетымское','с/мо',4),(7234,1974,'427063','Котегуртское','с/мо',4),(7235,1974,'427052','Старокычское','с/мо',4),(7236,762,NULL,'Пикалево','г.',4),(7237,634,'601755','МО Бавленское сельское поселение','тер.',4),(7238,634,'601761','МО Есиплевское сельское поселение','тер.',4),(7239,634,'601756','МО Ильинское сельское поселение','тер.',4),(7240,634,'601772','МО Раздольевское сельское поселение','тер.',4),(7241,634,'601758','МО Флорищенское сельское поселение','тер.',4),(7242,79,NULL,'Камышин','г.',4),(7243,79,NULL,'Михайловка','г.',4),(7244,1980,'663246','Борский','с/с',4),(7245,1980,'663248','Вороговский','с/с',4),(7246,1980,'663249','Зотинский','с/с',4),(7247,1980,'663230','Туруханский','с/с',4),(7248,79,NULL,'Урюпинск','г.',4),(7249,79,NULL,'Фролово','г.',4),(7250,1982,NULL,'Вихоревка','г.',4),(7251,1981,'404002','Дубовка','г.',4),(7252,1899,NULL,'Дудинка','г.',4),(7253,1984,NULL,'Жирновск','г.',4),(7254,757,NULL,'Калач-на-Дону','г.',4),(7255,154,'612510','Талицкое','с/п',4),(7256,547,'427395','Орловское','с/п',4),(7257,1081,'442321','Архангельский сельсовет','с/с',4),(7258,1563,'188695','Васкелово','массив',4),(7259,1117,'613588','Вихаревское','с/п',4),(7260,382,'453038','Орловский','с/с',4),(7261,160,NULL,'Гаврилов-Ям','г.',4),(7262,553,'427506','Ворцинское','с/п',4),(7263,280,'243232','Краснокосаровское сельское поселение','тер.',4),(7264,881,'243178','Макаричское сельское поселение','тер.',4),(7265,1676,'187323','Горы-1','массив',4),(7266,722,'612314','Цекеевское','с/п',4),(7267,1109,'453020','Кармаскалинский','с/с',4),(7268,1224,'442527','Сюзюмский сельсовет Кузнецкого района Пензенской области','с/с',4),(7269,1007,'307360','Крупецкий','с/с',4),(7270,834,NULL,'Кинешма','г.',4),(7271,1430,'429900','Цивильск','г.',4),(7272,294,'662122','Орловский','с/с',4),(7273,542,'613825','Речное','с/п',4),(7274,88,NULL,'Новочеркасск','г.',4),(7275,1993,NULL,'Ленск','г.',4),(7276,394,'663743','Самойловский','с/с',4),(7277,1376,'676870','Завитинск','г.',4),(7278,2001,NULL,'Олекминск','г.',4),(7279,2005,'678000','Покровск','г.',4),(7280,70,NULL,'Елец','г.',4),(7281,1777,'347740','Зерноград','г.',4),(7282,1012,'427891','Удмурт-Тоймобашское','с/п',4),(7283,383,'452672','Новоиликовский','с/с',4),(7284,1260,'442400','Администрация Малосаловского сельсовета Пензенского района Пензенской области','с/с',4),(7285,1405,'442865','Администрация Куракинского сельсовета Сердобского района Пензенской области','с/с',4),(7286,896,'427801','Пугачевское','с/п',4),(7287,517,'427984','Уральское','с/п',4),(7288,1007,'307367','Нехаевский','с/с',4),(7289,2007,'663655','Ивановский','с/с',4),(7290,896,'427828','Баграш-Бигринское','с/п',4),(7291,526,'155555','Плес','г.',4),(7292,1,NULL,'Курск','г.',4),(7293,630,NULL,'Павлово','г.',4),(7294,11,NULL,'Жуковский','г.',4),(7295,779,'652930','Каз','пгт',4),(7296,1296,NULL,'Салаир','г.',4),(7297,1096,'442380','Богородский сельсовет Мокшанского района Пензенской области','с/с',4),(7298,38,'238590','Пионерский','г.',4),(7299,1299,'155630','Южа','г.',4),(7300,312,NULL,'Сольцы','г.',4),(7301,723,'453606','Халиловский','с/с',4),(7302,442,'453748','Мансуровский','с/с',4),(7303,1407,NULL,'Клин','г.',4),(7304,351,'612975','Среднетойменское','с/п',4),(7305,368,'186615','Кемь','г.',4),(7306,1390,'162900','Вытегра','г.',4),(7307,62,NULL,'Ачинск','г.',4),(7308,42,NULL,'Гремячинск','г.',4),(7309,1073,'453680','Зилаирский','с/с',4),(7310,529,'453422','Бик-Кармалинский','с/с',4),(7311,1354,'242194','Новологощенское сельское поселение','тер.',4),(7312,1121,'307465','Сухиновский','с/с',4),(7313,83,NULL,'Нальчик','г.',4),(7314,225,'452436','Новокулевский','с/с',4),(7315,1150,'453655','Ишмурзинский','с/с',4),(7316,1124,'306600','Краснодолинский','с/с',4),(7317,68,NULL,'Знаменск','г.',4),(7318,1631,'181410','Пыталово','г.',4),(7319,156,NULL,'Яшкино','пгт',4),(7320,1035,NULL,'Котлас','г.',4),(7321,671,'427241','Кулябинское','с/п',4),(7322,1325,'243419','Бельковское сельское поселение','тер.',4),(7323,1238,'238730','Краснознаменск','г.',4),(7324,722,'612321','Русскокраинское','с/п',4),(7325,33,NULL,'Шимановск','г.',4),(7326,27,NULL,'Димитровград','г.',4),(7327,321,'243061','Митьковское сельское поселение','тер.',4),(10366,3326,'655017','Орбита','р-н',5),(10367,5103,'655111','Сорский подхоз','тер.',5),(10368,4344,'655150','река Биджа','тер.',5),(10369,2527,'152300','Молявинское поле','тер.',5),(10370,4892,'414004','Кировский','р-н',5),(10371,4892,'414000','Советский','р-н',5),(10372,4892,'414000','Трусовский','р-н',5),(10373,5220,'171250','Зеленый Бор м-н','р-н',5),(10374,4892,'414000','Ленинский','р-н',5),(10375,3379,'167000','Эжвинский район города Сыктывкара','р-н',5),(10376,6125,'450000','Демский','р-н',5),(10377,6125,'450000','Калининский','р-н',5),(10378,6125,'450000','Кировский','р-н',5),(10379,6125,NULL,'Ленинский','р-н',5),(10380,6125,'450000','Октябрьский','р-н',5),(10381,6125,'450000','Орджоникидзевский','р-н',5),(10382,6125,'450000','Советский','р-н',5),(10383,2642,'681005','микрорайон Амурсталь','р-н',5),(10384,2642,'681034','квартал Чкалова','р-н',5),(10385,4892,'414000','Ленинский','р-н',5),(10386,2844,'367912','Кировский район г.Махачкалы','р-н',5),(10387,2844,'367000','Советский район г.Махачкалы','р-н',5),(10388,2844,'367000','Ленинский район г.Махачкалы','р-н',5),(10389,3326,'655017','Аскизский тракт','р-н',5),(10390,3326,'655017','Койбалы','р-н',5),(10391,3326,'655017','Колягинские холмы','р-н',5),(10392,3326,'655017','Нижняя Согра','р-н',5),(10393,3326,'655017','Облепиховый сад','р-н',5),(10394,3326,'655017','Подсинее','р-н',5),(10395,3326,'655017','Река Ташеба','р-н',5),(10396,3326,'655017','Самохвал','р-н',5),(10397,4344,'655150','деревня Мохово','р-н',5),(10398,4344,'655150','Мохово','р-н',5),(10399,4344,'655150','Опытное поле','р-н',5),(10400,4344,'655150','Промзона ПКСО','р-н',5),(10401,4344,'655150','Шахтные поля','р-н',5),(10402,3045,'663302','Центральный','р-н',5),(10403,3045,'663300','Талнах','р-н',5),(10404,3045,'663340','Кайеркан','р-н',5);
/*!40000 ALTER TABLE `fias` ENABLE KEYS */;
UNLOCK TABLES;

--
-- Table structure for table `filter`
--

DROP TABLE IF EXISTS `filter`;
/*!40101 SET @saved_cs_client     = @@character_set_client */;
/*!40101 SET character_set_client = utf8 */;
CREATE TABLE `filter` (
  `filter_id` int(11) NOT NULL AUTO_INCREMENT,
  `filter_group_id` int(11) NOT NULL,
  `sort_order` int(3) NOT NULL,
  PRIMARY KEY (`filter_id`)
) ENGINE=MyISAM DEFAULT CHARSET=utf8;
/*!40101 SET character_set_client = @saved_cs_client */;

--
-- Dumping data for table `filter`
--

LOCK TABLES `filter` WRITE;
/*!40000 ALTER TABLE `filter` DISABLE KEYS */;
/*!40000 ALTER TABLE `filter` ENABLE KEYS */;
UNLOCK TABLES;

--
-- Table structure for table `filter_description`
--

DROP TABLE IF EXISTS `filter_description`;
/*!40101 SET @saved_cs_client     = @@character_set_client */;
/*!40101 SET character_set_client = utf8 */;
CREATE TABLE `filter_description` (
  `filter_id` int(11) NOT NULL,
  `language_id` int(11) NOT NULL,
  `filter_group_id` int(11) NOT NULL,
  `name` varchar(64) NOT NULL,
  PRIMARY KEY (`filter_id`,`language_id`)
) ENGINE=MyISAM DEFAULT CHARSET=utf8;
/*!40101 SET character_set_client = @saved_cs_client */;

--
-- Dumping data for table `filter_description`
--

LOCK TABLES `filter_description` WRITE;
/*!40000 ALTER TABLE `filter_description` DISABLE KEYS */;
/*!40000 ALTER TABLE `filter_description` ENABLE KEYS */;
UNLOCK TABLES;

--
-- Table structure for table `filter_group`
--

DROP TABLE IF EXISTS `filter_group`;
/*!40101 SET @saved_cs_client     = @@character_set_client */;
/*!40101 SET character_set_client = utf8 */;
CREATE TABLE `filter_group` (
  `filter_group_id` int(11) NOT NULL AUTO_INCREMENT,
  `sort_order` int(3) NOT NULL,
  PRIMARY KEY (`filter_group_id`)
) ENGINE=MyISAM DEFAULT CHARSET=utf8;
/*!40101 SET character_set_client = @saved_cs_client */;

--
-- Dumping data for table `filter_group`
--

LOCK TABLES `filter_group` WRITE;
/*!40000 ALTER TABLE `filter_group` DISABLE KEYS */;
/*!40000 ALTER TABLE `filter_group` ENABLE KEYS */;
UNLOCK TABLES;

--
-- Table structure for table `filter_group_description`
--

DROP TABLE IF EXISTS `filter_group_description`;
/*!40101 SET @saved_cs_client     = @@character_set_client */;
/*!40101 SET character_set_client = utf8 */;
CREATE TABLE `filter_group_description` (
  `filter_group_id` int(11) NOT NULL,
  `language_id` int(11) NOT NULL,
  `name` varchar(64) NOT NULL,
  PRIMARY KEY (`filter_group_id`,`language_id`)
) ENGINE=MyISAM DEFAULT CHARSET=utf8;
/*!40101 SET character_set_client = @saved_cs_client */;

--
-- Dumping data for table `filter_group_description`
--

LOCK TABLES `filter_group_description` WRITE;
/*!40000 ALTER TABLE `filter_group_description` DISABLE KEYS */;
/*!40000 ALTER TABLE `filter_group_description` ENABLE KEYS */;
UNLOCK TABLES;

--
-- Table structure for table `geo_zone`
--

DROP TABLE IF EXISTS `geo_zone`;
/*!40101 SET @saved_cs_client     = @@character_set_client */;
/*!40101 SET character_set_client = utf8 */;
CREATE TABLE `geo_zone` (
  `geo_zone_id` int(11) NOT NULL AUTO_INCREMENT,
  `name` varchar(32) NOT NULL,
  `description` varchar(255) NOT NULL,
  `date_modified` datetime NOT NULL DEFAULT '0000-00-00 00:00:00',
  `date_added` datetime NOT NULL DEFAULT '0000-00-00 00:00:00',
  PRIMARY KEY (`geo_zone_id`)
) ENGINE=MyISAM AUTO_INCREMENT=4 DEFAULT CHARSET=utf8;
/*!40101 SET character_set_client = @saved_cs_client */;

--
-- Dumping data for table `geo_zone`
--

LOCK TABLES `geo_zone` WRITE;
/*!40000 ALTER TABLE `geo_zone` DISABLE KEYS */;
INSERT INTO `geo_zone` VALUES (3,'НДС','Облагаемые НДС','2010-02-26 22:33:24','2009-01-06 23:26:25');
/*!40000 ALTER TABLE `geo_zone` ENABLE KEYS */;
UNLOCK TABLES;

--
-- Table structure for table `geoip_city`
--

DROP TABLE IF EXISTS `geoip_city`;
/*!40101 SET @saved_cs_client     = @@character_set_client */;
/*!40101 SET character_set_client = utf8 */;
CREATE TABLE `geoip_city` (
  `geoip_city_id` int(11) NOT NULL AUTO_INCREMENT,
  `fias_id` int(11) NOT NULL,
  `name` varchar(255) NOT NULL,
  PRIMARY KEY (`geoip_city_id`),
  UNIQUE KEY `fias_id` (`fias_id`)
) ENGINE=MyISAM AUTO_INCREMENT=4 DEFAULT CHARSET=utf8;
/*!40101 SET character_set_client = @saved_cs_client */;

--
-- Dumping data for table `geoip_city`
--

LOCK TABLES `geoip_city` WRITE;
/*!40000 ALTER TABLE `geoip_city` DISABLE KEYS */;
INSERT INTO `geoip_city` VALUES (1,41,'Москва'),(2,4006,'Казань'),(3,4521,'г. Ульяновск');
/*!40000 ALTER TABLE `geoip_city` ENABLE KEYS */;
UNLOCK TABLES;

--
-- Table structure for table `geoip_currency`
--

DROP TABLE IF EXISTS `geoip_currency`;
/*!40101 SET @saved_cs_client     = @@character_set_client */;
/*!40101 SET character_set_client = utf8 */;
CREATE TABLE `geoip_currency` (
  `geoip_currency_id` int(11) NOT NULL AUTO_INCREMENT,
  `country_id` int(11) NOT NULL,
  `code` varchar(3) NOT NULL,
  PRIMARY KEY (`geoip_currency_id`)
) ENGINE=MyISAM DEFAULT CHARSET=utf8;
/*!40101 SET character_set_client = @saved_cs_client */;

--
-- Dumping data for table `geoip_currency`
--

LOCK TABLES `geoip_currency` WRITE;
/*!40000 ALTER TABLE `geoip_currency` DISABLE KEYS */;
/*!40000 ALTER TABLE `geoip_currency` ENABLE KEYS */;
UNLOCK TABLES;

--
-- Table structure for table `geoip_redirect`
--

DROP TABLE IF EXISTS `geoip_redirect`;
/*!40101 SET @saved_cs_client     = @@character_set_client */;
/*!40101 SET character_set_client = utf8 */;
CREATE TABLE `geoip_redirect` (
  `geoip_redirect_id` int(11) NOT NULL AUTO_INCREMENT,
  `fias_id` int(11) NOT NULL,
  `url` varchar(255) NOT NULL,
  PRIMARY KEY (`geoip_redirect_id`),
  KEY `fias_id` (`fias_id`)
) ENGINE=MyISAM DEFAULT CHARSET=utf8;
/*!40101 SET character_set_client = @saved_cs_client */;

--
-- Dumping data for table `geoip_redirect`
--

LOCK TABLES `geoip_redirect` WRITE;
/*!40000 ALTER TABLE `geoip_redirect` DISABLE KEYS */;
/*!40000 ALTER TABLE `geoip_redirect` ENABLE KEYS */;
UNLOCK TABLES;

--
-- Table structure for table `geoip_rule`
--

DROP TABLE IF EXISTS `geoip_rule`;
/*!40101 SET @saved_cs_client     = @@character_set_client */;
/*!40101 SET character_set_client = utf8 */;
CREATE TABLE `geoip_rule` (
  `geoip_rule_id` int(11) NOT NULL AUTO_INCREMENT,
  `fias_id` int(11) NOT NULL,
  `key` varchar(255) NOT NULL,
  `value` text NOT NULL,
  PRIMARY KEY (`geoip_rule_id`),
  KEY `fias_id` (`fias_id`)
) ENGINE=MyISAM DEFAULT CHARSET=utf8;
/*!40101 SET character_set_client = @saved_cs_client */;

--
-- Dumping data for table `geoip_rule`
--

LOCK TABLES `geoip_rule` WRITE;
/*!40000 ALTER TABLE `geoip_rule` DISABLE KEYS */;
/*!40000 ALTER TABLE `geoip_rule` ENABLE KEYS */;
UNLOCK TABLES;

--
-- Table structure for table `information`
--

DROP TABLE IF EXISTS `information`;
/*!40101 SET @saved_cs_client     = @@character_set_client */;
/*!40101 SET character_set_client = utf8 */;
CREATE TABLE `information` (
  `information_id` int(11) NOT NULL AUTO_INCREMENT,
  `bottom` int(1) NOT NULL DEFAULT '0',
  `sort_order` int(3) NOT NULL DEFAULT '0',
  `status` tinyint(1) NOT NULL DEFAULT '1',
  PRIMARY KEY (`information_id`)
) ENGINE=MyISAM AUTO_INCREMENT=13 DEFAULT CHARSET=utf8;
/*!40101 SET character_set_client = @saved_cs_client */;

--
-- Dumping data for table `information`
--

LOCK TABLES `information` WRITE;
/*!40000 ALTER TABLE `information` DISABLE KEYS */;
INSERT INTO `information` VALUES (3,1,3,1),(4,1,1,1),(5,1,4,1),(6,1,2,1),(7,0,0,1),(8,0,0,1),(9,0,0,1),(10,0,0,1),(11,0,0,1),(12,0,0,1);
/*!40000 ALTER TABLE `information` ENABLE KEYS */;
UNLOCK TABLES;

--
-- Table structure for table `information_description`
--

DROP TABLE IF EXISTS `information_description`;
/*!40101 SET @saved_cs_client     = @@character_set_client */;
/*!40101 SET character_set_client = utf8 */;
CREATE TABLE `information_description` (
  `information_id` int(11) NOT NULL,
  `language_id` int(11) NOT NULL,
  `store_id` int(11) NOT NULL,
  `title` varchar(64) NOT NULL,
  `description` text NOT NULL,
  `left_description` text CHARACTER SET utf8 COLLATE utf8_bin NOT NULL,
  `need_left_description` int(1) NOT NULL DEFAULT '0',
  `meta_description` varchar(255) NOT NULL,
  `meta_keyword` varchar(255) NOT NULL,
  `seo_title` varchar(255) NOT NULL,
  `seo_h1` varchar(255) NOT NULL,
  PRIMARY KEY (`information_id`,`language_id`,`store_id`)
) ENGINE=MyISAM DEFAULT CHARSET=utf8;
/*!40101 SET character_set_client = @saved_cs_client */;

--
-- Dumping data for table `information_description`
--

LOCK TABLES `information_description` WRITE;
/*!40000 ALTER TABLE `information_description` DISABLE KEYS */;
INSERT INTO `information_description` VALUES (4,1,0,'О нас','&lt;p&gt;\r\n	О нас&lt;/p&gt;\r\n','',0,'','','',''),(3,1,0,'Политика Безопасности','&lt;p&gt;\r\n	Политика Безопасности&lt;/p&gt;\r\n','',0,'','','',''),(6,1,2,'Доставка цветов - казань','&lt;p&gt;\r\n	&amp;nbsp;&lt;/p&gt;\r\n&lt;p&gt;\r\n	&lt;strong&gt;Обратите внимание на правила доставки:&lt;/strong&gt;&lt;/p&gt;\r\n&lt;div class=&quot;image_border&quot; style=&quot;position: relative; display: inline-block;&quot;&gt;\r\n	&lt;img alt=&quot;&quot; src=&quot;http://kofc.ru/florentinproject/image/data/flowers/border.png&quot; style=&quot;width: 562px; height: 250px; margin-bottom: 20px;&quot; /&gt;\r\n	&lt;div class=&quot;border_text&quot; style=&quot;position: absolute; right: 50px; top: 50px; width: 290px;&quot;&gt;\r\n		При оформлении заказа до 17.00,&lt;br /&gt;\r\n		мы осуществим доставку на следующий день.&lt;br /&gt;\r\n		Все заказы, оформленные позже указанного&lt;br /&gt;\r\n		времени, доставляются через день.&lt;br /&gt;\r\n		&lt;br /&gt;\r\n		В пределах МКАД - БЕСПЛАТНО.&lt;br /&gt;\r\n		За пределами МКАД - уточните&lt;br /&gt;\r\n		стоимость при формировании заказа.&lt;/div&gt;\r\n&lt;/div&gt;\r\n&lt;p&gt;\r\n	Хотим сообщить, что мы всегда рады сделать исключение! Позвоните нам и\\или пришлите письмо с темой “Срочная доставка!” на почту support@florentinproject.com, мы обязательно с Вами свяжемся и попробуем осуществить Ваш заказ раньше указанного срока, если это возможно!&lt;/p&gt;\r\n&lt;div&gt;\r\n	&amp;nbsp;&lt;/div&gt;\r\n&lt;div&gt;\r\n	&lt;em&gt;Если Вы предпочитаете более позднюю доставку, то всего лишь выберете необходимый день при оформлении заказа. Предоставьте нам всю необходимую информацию при оформлении заказа, и мы гарантируем надежность нашей услуги.&lt;/em&gt;&lt;/div&gt;\r\n','&lt;p&gt;\r\n	&amp;nbsp;&lt;/p&gt;\r\n&lt;div&gt;\r\n	Свежие цветы от Florentin упакованы&lt;/div&gt;\r\n&lt;div&gt;\r\n	в водяной шар, и доставляются&amp;nbsp;&lt;/div&gt;\r\n&lt;div&gt;\r\n	в шляпных коробках.&lt;/div&gt;\r\n&lt;div&gt;\r\n	&amp;nbsp;&lt;/div&gt;\r\n&lt;div&gt;\r\n	Это позволяет не распаковывать&amp;nbsp;&lt;/div&gt;\r\n&lt;div&gt;\r\n	букет в течение 2-3 дней и хранить&amp;nbsp;&lt;/div&gt;\r\n&lt;div&gt;\r\n	его временно в коробке, если у вас&amp;nbsp;&lt;/div&gt;\r\n&lt;div&gt;\r\n	под рукой нет вазы.&lt;/div&gt;\r\n',1,'','','',''),(8,1,0,'Персональный заказ','&lt;div&gt;\r\n	&lt;em&gt;Мы ценим уникальность каждого клиента и имеем возможность предложить вам персональное создание букета под вашу задачу. Свяжитесь с нашим менеджером&amp;nbsp;&lt;/em&gt;&lt;em&gt;или отправьте письмо с вашими пожеланиями и мы воплотим в жизнь любые цветочные идеи. &amp;nbsp;&lt;/em&gt;&lt;/div&gt;\r\n&lt;div&gt;\r\n	&amp;nbsp;&lt;/div&gt;\r\n&lt;div&gt;\r\n	Являясь бесконечными ценителями прекрасного, мы решили создать флористический проект нового формата. Соединив специально отобранные сорта великолепных роз, элегантные французские шляпные коробки и практичность конструкции, мы&amp;nbsp;&lt;/div&gt;\r\n&lt;div&gt;\r\n	представляем вам то, что призвано доставить истинное цветочное удовольствие!&lt;/div&gt;\r\n&lt;div&gt;\r\n	Каждый букет будет собран с любовью наших флористов, с особой аккуратностью доставлен нашей службой курьеров, и в дальнейшем будет дарить только прекрасные эмоции. Подари немного больше, чем просто цветы! Каждый букет будет собран с любовью наших флористов, с особой аккуратностью доставлен нашей службой курьеров, и в дальнейшем будет дарить только прекрасные эмоции. Подари немного больше, чем просто цветы!&lt;/div&gt;\r\n&lt;p&gt;\r\n	&lt;a class=&quot;button big_b blue_b&quot; href=&quot;#quick_order_box&quot; id=&quot;quick_order&quot; style=&quot;margin-top:10px;&quot;&gt;Отправить заявку&lt;/a&gt;&lt;/p&gt;\r\n','',1,'','','',''),(10,1,0,'Уход','&lt;div class=&quot;yhod&quot;&gt;\r\n	&lt;div class=&quot;yhod_block&quot;&gt;\r\n		&lt;div class=&quot;number&quot;&gt;\r\n			&lt;table&gt;\r\n				&lt;tbody&gt;\r\n					&lt;tr&gt;\r\n						&lt;td&gt;\r\n							1.&lt;/td&gt;\r\n					&lt;/tr&gt;\r\n				&lt;/tbody&gt;\r\n			&lt;/table&gt;\r\n		&lt;/div&gt;\r\n		&lt;div class=&quot;yhod_image&quot;&gt;\r\n			&lt;img src=&quot;catalog/view/theme/florentin/image/yhod_1.png&quot; /&gt;&lt;/div&gt;\r\n		&lt;div class=&quot;clear&quot;&gt;\r\n			&amp;nbsp;&lt;/div&gt;\r\n		&lt;div class=&quot;text&quot;&gt;\r\n			Свежие цветы от Florentin упакованы в водяной шар и доставляются в шляпной коробке. Такая упаковка может служить временной вазой, но не более 2-3 дней. Соответственно, у вас нет необходимости сразу распаковывать букет.&lt;/div&gt;\r\n	&lt;/div&gt;\r\n	&lt;div class=&quot;yhod_block&quot;&gt;\r\n		&lt;div class=&quot;number&quot;&gt;\r\n			&lt;table&gt;\r\n				&lt;tbody&gt;\r\n					&lt;tr&gt;\r\n						&lt;td&gt;\r\n							2.&lt;/td&gt;\r\n					&lt;/tr&gt;\r\n				&lt;/tbody&gt;\r\n			&lt;/table&gt;\r\n		&lt;/div&gt;\r\n		&lt;div class=&quot;yhod_image&quot;&gt;\r\n			&lt;img src=&quot;catalog/view/theme/florentin/image/yhod_2.png&quot; /&gt;&lt;/div&gt;\r\n		&lt;div class=&quot;clear&quot;&gt;\r\n			&amp;nbsp;&lt;/div&gt;\r\n		&lt;div class=&quot;text&quot;&gt;\r\n			Чтобы продлить жизнь цветам, вытащите букет из коробки, освободите от водяного шара и поставьте в вазу.&lt;/div&gt;\r\n	&lt;/div&gt;\r\n	&lt;div class=&quot;yhod_block&quot;&gt;\r\n		&lt;div class=&quot;number&quot;&gt;\r\n			&lt;table&gt;\r\n				&lt;tbody&gt;\r\n					&lt;tr&gt;\r\n						&lt;td&gt;\r\n							3.&lt;/td&gt;\r\n					&lt;/tr&gt;\r\n				&lt;/tbody&gt;\r\n			&lt;/table&gt;\r\n		&lt;/div&gt;\r\n		&lt;div class=&quot;yhod_image&quot;&gt;\r\n			&lt;img src=&quot;catalog/view/theme/florentin/image/yhod_3.png&quot; /&gt;&lt;/div&gt;\r\n		&lt;div class=&quot;clear&quot;&gt;\r\n			&amp;nbsp;&lt;/div&gt;\r\n		&lt;div class=&quot;text&quot;&gt;\r\n			Подрежьте стебли на 1-2 см под острым углом, очистите их от нижних листьев и шипов.&lt;/div&gt;\r\n	&lt;/div&gt;\r\n	&lt;div class=&quot;yhod_block&quot;&gt;\r\n		&lt;div class=&quot;number&quot;&gt;\r\n			&lt;table&gt;\r\n				&lt;tbody&gt;\r\n					&lt;tr&gt;\r\n						&lt;td&gt;\r\n							4.&lt;/td&gt;\r\n					&lt;/tr&gt;\r\n				&lt;/tbody&gt;\r\n			&lt;/table&gt;\r\n		&lt;/div&gt;\r\n		&lt;div class=&quot;yhod_image&quot;&gt;\r\n			&lt;img src=&quot;catalog/view/theme/florentin/image/yhod_4.png&quot; /&gt;&lt;/div&gt;\r\n		&lt;div class=&quot;clear&quot;&gt;\r\n			&amp;nbsp;&lt;/div&gt;\r\n		&lt;div class=&quot;text&quot;&gt;\r\n			Налейте в вазу холодную, чистую воду и добавьте удобрение из пластикового пакета в вазу с водой. Не используйте удобрение для других целей!&lt;/div&gt;\r\n	&lt;/div&gt;\r\n	&lt;div class=&quot;yhod_block&quot;&gt;\r\n		&lt;div class=&quot;number&quot;&gt;\r\n			&lt;table&gt;\r\n				&lt;tbody&gt;\r\n					&lt;tr&gt;\r\n						&lt;td&gt;\r\n							5.&lt;/td&gt;\r\n					&lt;/tr&gt;\r\n				&lt;/tbody&gt;\r\n			&lt;/table&gt;\r\n		&lt;/div&gt;\r\n		&lt;div class=&quot;yhod_image&quot;&gt;\r\n			&lt;img src=&quot;catalog/view/theme/florentin/image/yhod_5.png&quot; /&gt;&lt;/div&gt;\r\n		&lt;div class=&quot;clear&quot;&gt;\r\n			&amp;nbsp;&lt;/div&gt;\r\n		&lt;div class=&quot;text&quot;&gt;\r\n			Рекомендуем не срезать ленту, связывающую букет, для сохранения формы букета.&lt;/div&gt;\r\n	&lt;/div&gt;\r\n	&lt;div class=&quot;yhod_block&quot;&gt;\r\n		&lt;div class=&quot;number&quot;&gt;\r\n			&lt;table&gt;\r\n				&lt;tbody&gt;\r\n					&lt;tr&gt;\r\n						&lt;td&gt;\r\n							6.&lt;/td&gt;\r\n					&lt;/tr&gt;\r\n				&lt;/tbody&gt;\r\n			&lt;/table&gt;\r\n		&lt;/div&gt;\r\n		&lt;div class=&quot;yhod_image&quot;&gt;\r\n			&lt;img src=&quot;catalog/view/theme/florentin/image/yhod_6.png&quot; /&gt;&lt;/div&gt;\r\n		&lt;div class=&quot;clear&quot;&gt;\r\n			&amp;nbsp;&lt;/div&gt;\r\n		&lt;div class=&quot;text&quot;&gt;\r\n			Для продления жизни цветам рекомендуем поставить букет в прохладном месте, вдали от солнечных лучей.&lt;/div&gt;\r\n	&lt;/div&gt;\r\n&lt;/div&gt;\r\n&lt;style type=&quot;text/css&quot;&gt;\r\n.yhod {\r\n	margin-top:20px;\r\n}\r\n.yhod_block {\r\n	float:left;\r\n	width:280px;\r\n	min-height:240px;\r\n	padding: 0 20px;\r\n}\r\n.yhod_block .number {\r\n	font-family: \'carolinaregular\';\r\n	font-size: 32px;\r\n	letter-spacing: 0px;\r\n	color: #241F20;\r\n	float:left;\r\n        margin-top:12px;\r\n}\r\n.yhod_block .number td {\r\n	height:116px;\r\n	vertical-align:bottom;\r\n	font-size: 32px;\r\n	line-height: 30px;\r\n}\r\n.yhod_block .yhod_image {\r\n	float:left;\r\n	padding-left:10px;\r\n	text-align:left;\r\n}\r\n.yhod_block .text {\r\n	margin-top:5px;\r\n}&lt;/style&gt;\r\n','',0,'','','',''),(5,1,0,'Условия соглашения','&lt;p&gt;\r\n	Условия соглашения&lt;/p&gt;\r\n','',0,'','','',''),(9,1,0,'Корпоративный сервис ','&lt;p&gt;\r\n	Мы предлагаем новую услугу в сфере флористики для корпоративных клиентов. Наш подход позволяет подобрать цветы, размер и цвет коробки, отражающие фирменный стиль вашей компании. Мы готовы создать индивидуальный дизайн букета в шляпной коробке, исходя из поставленных задач и целей. Подобрать необходимый цвет, изменить размеры, изготовить коробки с вашим логотипом или в необходимом дизайне – все возможно!&lt;/p&gt;\r\n&lt;p dir=&quot;ltr&quot; style=&quot;line-height:1;margin-top:0pt;margin-bottom:0pt;&quot;&gt;\r\n	&lt;b id=&quot;docs-internal-guid-f9ea41a7-b44f-c9de-9e30-86a8102c42d6&quot; style=&quot;font-weight:normal;&quot;&gt;&lt;span style=&quot;font-size: 9px; font-family: \'Times New Roman\'; color: rgb(0, 0, 0); background-color: transparent; vertical-align: baseline; white-space: pre-wrap;&quot;&gt;&amp;nbsp;&lt;/span&gt;&lt;/b&gt;&lt;/p&gt;\r\n&lt;table border=&quot;0&quot; cellpadding=&quot;1&quot; cellspacing=&quot;1&quot; style=&quot;width: 570px;&quot;&gt;\r\n	&lt;tbody&gt;\r\n		&lt;tr&gt;\r\n			&lt;td style=&quot;padding-right:40px;&quot;&gt;\r\n				&lt;span style=&quot;font-size:13px;&quot;&gt;&lt;b id=&quot;docs-internal-guid-f9ea41a7-b44f-c9de-9e30-86a8102c42d6&quot; style=&quot;line-height: 12px; font-weight: normal;&quot;&gt;&lt;span style=&quot;font-family: Arial; color: rgb(0, 0, 0); background-color: transparent; font-style: italic; vertical-align: baseline; white-space: pre-wrap;&quot;&gt;Яркий, свежий и необычный подарок для ваших незаменимых сотрудников, дорогих клиентов и партнеров.&lt;/span&gt;&lt;/b&gt;&lt;/span&gt;&lt;/td&gt;\r\n			&lt;td&gt;\r\n				&lt;b id=&quot;docs-internal-guid-f9ea41a7-b44f-c9de-9e30-86a8102c42d6&quot; style=&quot;line-height: 12px; font-weight: normal;&quot;&gt;&lt;span style=&quot;font-size:13px;font-family: Arial; color: rgb(0, 0, 0); background-color: transparent; font-style: italic; vertical-align: baseline; white-space: pre-wrap;&quot;&gt;Необычная рекламная продукция или корпоративный продукт для различных мероприятий.&lt;/span&gt;&lt;/b&gt;&lt;/td&gt;\r\n		&lt;/tr&gt;\r\n	&lt;/tbody&gt;\r\n&lt;/table&gt;\r\n&lt;p&gt;\r\n	&amp;nbsp;&lt;/p&gt;\r\n&lt;p&gt;\r\n	Все букеты от Florentin упакованы в водяной шар и доставляются в шляпных коробках, это позволяет не распаковывать букет в течение 2-3 дней и хранить его временно в коробке, если у вас нет вазы под рукой.&amp;nbsp;&lt;/p&gt;\r\n&lt;p&gt;\r\n	В силу практичности нашей упаковки, вам всегда будет удобно преподнести такой букет и оставить прекрасное впечатление.&lt;/p&gt;\r\n&lt;p&gt;\r\n	Отправьте заявку и наш менеджер свяжется с вами в ближайшее время.&lt;/p&gt;\r\n&lt;p&gt;\r\n	&lt;a class=&quot;button big_b blue_b&quot; href=&quot;#quick_order_box&quot; id=&quot;quick_order&quot; style=&quot;margin-top:10px;&quot;&gt;Отправить заявку&lt;/a&gt;&lt;/p&gt;\r\n','',1,'','','',''),(11,1,1,'Спец.предложение - ульяновск','&lt;p&gt;\r\n	&amp;nbsp;&lt;/p&gt;\r\n&lt;div&gt;\r\n	&lt;em&gt;&lt;span style=&quot;background-color:#ffff00;&quot;&gt;Мы ценим уникальность каждого клиента и имеем возможность предложить вам персональное создание букета под вашу задачу. Свяжитесь с нашим менеджером&amp;nbsp;&lt;/span&gt;&lt;/em&gt;&lt;em&gt;&lt;span style=&quot;background-color:#ffff00;&quot;&gt;или отправьте письмо с вашими пожеланиями и мы воплотим в жизнь любые цветочные идеи. &amp;nbsp;&lt;/span&gt;&lt;/em&gt;&lt;/div&gt;\r\n&lt;div&gt;\r\n	&amp;nbsp;&lt;/div&gt;\r\n&lt;div&gt;\r\n	&lt;span style=&quot;background-color:#ffff00;&quot;&gt;Являясь бесконечными ценителями прекрасного, мы решили создать флористический проект нового формата. Соединив специально отобранные сорта великолепных роз, элегантные французские шляпные коробки и практичность конструкции, мы&amp;nbsp;&lt;/span&gt;&lt;/div&gt;\r\n&lt;div&gt;\r\n	&lt;span style=&quot;background-color:#ffff00;&quot;&gt;представляем вам то, что призвано доставить истинное цветочное удовольствие!&lt;/span&gt;&lt;/div&gt;\r\n&lt;div&gt;\r\n	&lt;span style=&quot;background-color:#ffff00;&quot;&gt;Каждый букет будет собран с любовью наших флористов, с особой аккуратностью доставлен нашей службой курьеров, и в дальнейшем будет дарить только прекрасные эмоции. Подари немного больше, чем просто цветы! Каждый букет будет собран с любовью наших флористов, с особой аккуратностью доставлен нашей службой курьеров, и в дальнейшем будет дарить только прекрасные эмоции. Подари немного больше, чем просто цветы!&lt;/span&gt;&lt;/div&gt;\r\n&lt;p&gt;\r\n	&lt;a class=&quot;button big_b blue_b&quot; href=&quot;#quick_order_box&quot; id=&quot;quick_order&quot; style=&quot;margin-top: 10px;&quot;&gt;&lt;span style=&quot;background-color:#ffff00;&quot;&gt;Отправить заявку&lt;/span&gt;&lt;/a&gt;&lt;/p&gt;\r\n','&lt;p&gt;\r\n	Спец.предложение&lt;/p&gt;\r\n',1,'','','',''),(12,1,1,'Сотрудничество - ульяновск','&lt;p&gt;\r\n	&amp;nbsp;&lt;/p&gt;\r\n&lt;p&gt;\r\n	&lt;span style=&quot;background-color:#ffff00;&quot;&gt;Мы предлагаем новую услугу в сфере флористики для корпоративных клиентов. Наш подход позволяет подобрать цветы, размер и цвет коробки, отражающие фирменный стиль вашей компании. Мы готовы создать индивидуальный дизайн букета в шляпной коробке, исходя из поставленных задач и целей. Подобрать необходимый цвет, изменить размеры, изготовить коробки с вашим логотипом или в необходимом дизайне – все возможно!&lt;/span&gt;&lt;/p&gt;\r\n&lt;p dir=&quot;ltr&quot; style=&quot;line-height: 1; margin-top: 0pt; margin-bottom: 0pt;&quot;&gt;\r\n	&lt;b id=&quot;docs-internal-guid-f9ea41a7-b44f-c9de-9e30-86a8102c42d6&quot; style=&quot;font-weight: normal;&quot;&gt;&lt;span style=&quot;font-size: 9px; font-family: \'Times New Roman\'; color: rgb(0, 0, 0); vertical-align: baseline; white-space: pre-wrap;&quot;&gt;&lt;span style=&quot;background-color:#ffff00;&quot;&gt;&amp;nbsp;&lt;/span&gt;&lt;/span&gt;&lt;/b&gt;&lt;/p&gt;\r\n&lt;table border=&quot;0&quot; cellpadding=&quot;1&quot; cellspacing=&quot;1&quot; style=&quot;width: 570px;&quot;&gt;\r\n	&lt;tbody&gt;\r\n		&lt;tr&gt;\r\n			&lt;td style=&quot;padding-right: 40px;&quot;&gt;\r\n				&lt;span style=&quot;font-size: 13px;&quot;&gt;&lt;b id=&quot;docs-internal-guid-f9ea41a7-b44f-c9de-9e30-86a8102c42d6&quot; style=&quot;line-height: 12px; font-weight: normal;&quot;&gt;&lt;span style=&quot;font-family: Arial; color: rgb(0, 0, 0); font-style: italic; vertical-align: baseline; white-space: pre-wrap;&quot;&gt;&lt;span style=&quot;background-color:#ffff00;&quot;&gt;Яркий, свежий и необычный подарок для ваших незаменимых сотрудников, дорогих клиентов и партнеров.&lt;/span&gt;&lt;/span&gt;&lt;/b&gt;&lt;/span&gt;&lt;/td&gt;\r\n			&lt;td&gt;\r\n				&lt;b id=&quot;docs-internal-guid-f9ea41a7-b44f-c9de-9e30-86a8102c42d6&quot; style=&quot;line-height: 12px; font-weight: normal;&quot;&gt;&lt;span style=&quot;font-size: 13px; font-family: Arial; color: rgb(0, 0, 0); font-style: italic; vertical-align: baseline; white-space: pre-wrap;&quot;&gt;&lt;span style=&quot;background-color:#ffff00;&quot;&gt;Необычная рекламная продукция или корпоративный продукт для различных мероприятий.&lt;/span&gt;&lt;/span&gt;&lt;/b&gt;&lt;/td&gt;\r\n		&lt;/tr&gt;\r\n	&lt;/tbody&gt;\r\n&lt;/table&gt;\r\n&lt;p&gt;\r\n	&amp;nbsp;&lt;/p&gt;\r\n&lt;p&gt;\r\n	&lt;span style=&quot;background-color:#ffff00;&quot;&gt;Все букеты от Florentin упакованы в водяной шар и доставляются в шляпных коробках, это позволяет не распаковывать букет в течение 2-3 дней и хранить его временно в коробке, если у вас нет вазы под рукой.&amp;nbsp;&lt;/span&gt;&lt;/p&gt;\r\n&lt;p&gt;\r\n	&lt;span style=&quot;background-color:#ffff00;&quot;&gt;В силу практичности нашей упаковки, вам всегда будет удобно преподнести такой букет и оставить прекрасное впечатление.&lt;/span&gt;&lt;/p&gt;\r\n&lt;p&gt;\r\n	&lt;span style=&quot;background-color:#ffff00;&quot;&gt;Отправьте заявку и наш менеджер свяжется с вами в ближайшее время.&lt;/span&gt;&lt;/p&gt;\r\n&lt;p&gt;\r\n	&lt;a class=&quot;button big_b blue_b&quot; href=&quot;#quick_order_box&quot; id=&quot;quick_order&quot; style=&quot;margin-top: 10px;&quot;&gt;&lt;span style=&quot;background-color:#ffff00;&quot;&gt;Отправить заявку&lt;/span&gt;&lt;/a&gt;&lt;/p&gt;\r\n','&lt;p&gt;\r\n	Сотрудничество&lt;/p&gt;\r\n',0,'','','',''),(7,1,1,'IDÉE-ульяновск','&lt;div&gt;\r\n	&lt;em&gt;&lt;span style=&quot;background-color:#ffff00;&quot;&gt;Являясь бесконечными ценителями прекрасного, мы решили создать флористический проект нового формата. Соединив специально отобранные сорта великолепных роз, элегантные французские шляпные коробки и практичность конструкции, мы&amp;nbsp;&lt;/span&gt;&lt;/em&gt;&lt;/div&gt;\r\n&lt;div&gt;\r\n	&lt;em&gt;&lt;span style=&quot;background-color:#ffff00;&quot;&gt;представляем вам то, что призвано доставить истинное цветочное удовольствие!&lt;/span&gt;&lt;/em&gt;&lt;/div&gt;\r\n&lt;div&gt;\r\n	&amp;nbsp;&lt;/div&gt;\r\n&lt;div&gt;\r\n	&lt;span style=&quot;background-color:#ffff00;&quot;&gt;Являясь бесконечными ценителями прекрасного, мы решили создать флористический проект нового формата. Соединив специально отобранные сорта великолепных роз, элегантные французские шляпные коробки и практичность конструкции, мы&amp;nbsp;&lt;/span&gt;&lt;/div&gt;\r\n&lt;div&gt;\r\n	&lt;span style=&quot;background-color:#ffff00;&quot;&gt;представляем вам то, что призвано доставить истинное цветочное удовольствие!&lt;/span&gt;&lt;/div&gt;\r\n&lt;div&gt;\r\n	&lt;span style=&quot;background-color:#ffff00;&quot;&gt;Каждый букет будет собран с любовью наших флористов, с особой аккуратностью доставлен нашей службой курьеров, и в дальнейшем будет дарить только прекрасные эмоции. Подари немного больше, чем просто цветы! Каждый букет будет собран с любовью наших флористов, с особой аккуратностью доставлен нашей службой курьеров, и в дальнейшем будет дарить только прекрасные эмоции. Подари немного больше, чем просто цветы!&lt;/span&gt;&lt;/div&gt;\r\n','&lt;p&gt;\r\n	test&lt;/p&gt;\r\n',1,'asdas','qwe','qwe asd','qwe'),(7,1,0,'IDÉE','&lt;div&gt;\r\n	&lt;em&gt;Являясь бесконечными ценителями прекрасного, мы решили создать флористический проект нового формата. Соединив специально отобранные сорта великолепных роз, элегантные французские шляпные коробки и практичность конструкции, мы&amp;nbsp;&lt;/em&gt;&lt;/div&gt;\r\n&lt;div&gt;\r\n	&lt;em&gt;представляем вам то, что призвано доставить истинное цветочное удовольствие!&lt;/em&gt;&lt;/div&gt;\r\n&lt;div&gt;\r\n	&amp;nbsp;&lt;/div&gt;\r\n&lt;div&gt;\r\n	Являясь бесконечными ценителями прекрасного, мы решили создать флористический проект нового формата. Соединив специально отобранные сорта великолепных роз, элегантные французские шляпные коробки и практичность конструкции, мы&amp;nbsp;&lt;/div&gt;\r\n&lt;div&gt;\r\n	представляем вам то, что призвано доставить истинное цветочное удовольствие!&lt;/div&gt;\r\n&lt;div&gt;\r\n	Каждый букет будет собран с любовью наших флористов, с особой аккуратностью доставлен нашей службой курьеров, и в дальнейшем будет дарить только прекрасные эмоции. Подари немного больше, чем просто цветы! Каждый букет будет собран с любовью наших флористов, с особой аккуратностью доставлен нашей службой курьеров, и в дальнейшем будет дарить только прекрасные эмоции. Подари немного больше, чем просто цветы!&lt;/div&gt;\r\n','',1,'','','',''),(5,1,1,'Условия соглашения','&lt;p&gt;\r\n	Условия соглашения&lt;/p&gt;\r\n','&lt;p&gt;\r\n	Условия соглашения&lt;/p&gt;\r\n',0,'','','',''),(11,1,0,'Спец.предложение','&lt;div&gt;\r\n	&lt;em&gt;Мы ценим уникальность каждого клиента и имеем возможность предложить вам персональное создание букета под вашу задачу. Свяжитесь с нашим менеджером&amp;nbsp;&lt;/em&gt;&lt;em&gt;или отправьте письмо с вашими пожеланиями и мы воплотим в жизнь любые цветочные идеи. &amp;nbsp;&lt;/em&gt;&lt;/div&gt;\r\n&lt;div&gt;\r\n	&amp;nbsp;&lt;/div&gt;\r\n&lt;div&gt;\r\n	Являясь бесконечными ценителями прекрасного, мы решили создать флористический проект нового формата. Соединив специально отобранные сорта великолепных роз, элегантные французские шляпные коробки и практичность конструкции, мы&amp;nbsp;&lt;/div&gt;\r\n&lt;div&gt;\r\n	представляем вам то, что призвано доставить истинное цветочное удовольствие!&lt;/div&gt;\r\n&lt;div&gt;\r\n	Каждый букет будет собран с любовью наших флористов, с особой аккуратностью доставлен нашей службой курьеров, и в дальнейшем будет дарить только прекрасные эмоции. Подари немного больше, чем просто цветы! Каждый букет будет собран с любовью наших флористов, с особой аккуратностью доставлен нашей службой курьеров, и в дальнейшем будет дарить только прекрасные эмоции. Подари немного больше, чем просто цветы!&lt;/div&gt;\r\n&lt;p&gt;\r\n	&lt;a class=&quot;button big_b blue_b&quot; href=&quot;#quick_order_box&quot; id=&quot;quick_order&quot; style=&quot;margin-top:10px;&quot;&gt;Отправить заявку&lt;/a&gt;&lt;/p&gt;\r\n','',1,'','','',''),(12,1,0,'Сотрудничество','&lt;p&gt;\r\n	Мы предлагаем новую услугу в сфере флористики для корпоративных клиентов. Наш подход позволяет подобрать цветы, размер и цвет коробки, отражающие фирменный стиль вашей компании. Мы готовы создать индивидуальный дизайн букета в шляпной коробке, исходя из поставленных задач и целей. Подобрать необходимый цвет, изменить размеры, изготовить коробки с вашим логотипом или в необходимом дизайне – все возможно!&lt;/p&gt;\r\n&lt;p dir=&quot;ltr&quot; style=&quot;line-height:1;margin-top:0pt;margin-bottom:0pt;&quot;&gt;\r\n	&lt;b id=&quot;docs-internal-guid-f9ea41a7-b44f-c9de-9e30-86a8102c42d6&quot; style=&quot;font-weight:normal;&quot;&gt;&lt;span style=&quot;font-size: 9px; font-family: \'Times New Roman\'; color: rgb(0, 0, 0); background-color: transparent; vertical-align: baseline; white-space: pre-wrap;&quot;&gt;&amp;nbsp;&lt;/span&gt;&lt;/b&gt;&lt;/p&gt;\r\n&lt;table border=&quot;0&quot; cellpadding=&quot;1&quot; cellspacing=&quot;1&quot; style=&quot;width: 570px;&quot;&gt;\r\n	&lt;tbody&gt;\r\n		&lt;tr&gt;\r\n			&lt;td style=&quot;padding-right:40px;&quot;&gt;\r\n				&lt;span style=&quot;font-size:13px;&quot;&gt;&lt;b id=&quot;docs-internal-guid-f9ea41a7-b44f-c9de-9e30-86a8102c42d6&quot; style=&quot;line-height: 12px; font-weight: normal;&quot;&gt;&lt;span style=&quot;font-family: Arial; color: rgb(0, 0, 0); background-color: transparent; font-style: italic; vertical-align: baseline; white-space: pre-wrap;&quot;&gt;Яркий, свежий и необычный подарок для ваших незаменимых сотрудников, дорогих клиентов и партнеров.&lt;/span&gt;&lt;/b&gt;&lt;/span&gt;&lt;/td&gt;\r\n			&lt;td&gt;\r\n				&lt;b id=&quot;docs-internal-guid-f9ea41a7-b44f-c9de-9e30-86a8102c42d6&quot; style=&quot;line-height: 12px; font-weight: normal;&quot;&gt;&lt;span style=&quot;font-size:13px;font-family: Arial; color: rgb(0, 0, 0); background-color: transparent; font-style: italic; vertical-align: baseline; white-space: pre-wrap;&quot;&gt;Необычная рекламная продукция или корпоративный продукт для различных мероприятий.&lt;/span&gt;&lt;/b&gt;&lt;/td&gt;\r\n		&lt;/tr&gt;\r\n	&lt;/tbody&gt;\r\n&lt;/table&gt;\r\n&lt;p&gt;\r\n	&amp;nbsp;&lt;/p&gt;\r\n&lt;p&gt;\r\n	Все букеты от Florentin упакованы в водяной шар и доставляются в шляпных коробках, это позволяет не распаковывать букет в течение 2-3 дней и хранить его временно в коробке, если у вас нет вазы под рукой.&amp;nbsp;&lt;/p&gt;\r\n&lt;p&gt;\r\n	В силу практичности нашей упаковки, вам всегда будет удобно преподнести такой букет и оставить прекрасное впечатление.&lt;/p&gt;\r\n&lt;p&gt;\r\n	Отправьте заявку и наш менеджер свяжется с вами в ближайшее время.&lt;/p&gt;\r\n&lt;p&gt;\r\n	&lt;a class=&quot;button big_b blue_b&quot; href=&quot;#quick_order_box&quot; id=&quot;quick_order&quot; style=&quot;margin-top:10px;&quot;&gt;Отправить заявку&lt;/a&gt;&lt;/p&gt;\r\n','',1,'','','',''),(3,1,1,'Политика Безопасности','&lt;p&gt;\r\n	Политика Безопасности&lt;/p&gt;\r\n','&lt;p&gt;\r\n	Политика Безопасности&lt;/p&gt;\r\n',0,'','','',''),(8,1,1,'Персональный заказ','&lt;p&gt;\r\n	Персональный заказ&lt;/p&gt;\r\n','&lt;p&gt;\r\n	Персональный заказ&lt;/p&gt;\r\n',0,'','','',''),(4,1,1,'О нас','&lt;p&gt;\r\n	О нас&lt;/p&gt;\r\n','&lt;p&gt;\r\n	О нас&lt;/p&gt;\r\n',0,'','','',''),(9,1,1,'Корпоративный сервис ','&lt;p&gt;\r\n	Корпоративный сервис&amp;nbsp;&lt;/p&gt;\r\n','&lt;p&gt;\r\n	Корпоративный сервис&amp;nbsp;&lt;/p&gt;\r\n',0,'','','',''),(7,1,2,'IDÉE-казань','&lt;p&gt;\r\n	&amp;nbsp;&lt;/p&gt;\r\n&lt;div&gt;\r\n	&lt;em&gt;&lt;span style=&quot;background-color:#00ffff;&quot;&gt;Являясь бесконечными ценителями прекрасного, мы решили создать флористический проект нового формата. Соединив специально отобранные сорта великолепных роз, элегантные французские шляпные коробки и практичность конструкции, мы&amp;nbsp;&lt;/span&gt;&lt;/em&gt;&lt;/div&gt;\r\n&lt;div&gt;\r\n	&lt;em&gt;&lt;span style=&quot;background-color:#00ffff;&quot;&gt;представляем вам то, что призвано доставить истинное цветочное удовольствие!&lt;/span&gt;&lt;/em&gt;&lt;/div&gt;\r\n&lt;div&gt;\r\n	&amp;nbsp;&lt;/div&gt;\r\n&lt;div&gt;\r\n	&lt;span style=&quot;background-color:#00ffff;&quot;&gt;Являясь бесконечными ценителями прекрасного, мы решили создать флористический проект нового формата. Соединив специально отобранные сорта великолепных роз, элегантные французские шляпные коробки и практичность конструкции, мы&amp;nbsp;&lt;/span&gt;&lt;/div&gt;\r\n&lt;div&gt;\r\n	&lt;span style=&quot;background-color:#00ffff;&quot;&gt;представляем вам то, что призвано доставить истинное цветочное удовольствие!&lt;/span&gt;&lt;/div&gt;\r\n&lt;div&gt;\r\n	&lt;span style=&quot;background-color:#00ffff;&quot;&gt;Каждый букет будет собран с любовью наших флористов, с особой аккуратностью доставлен нашей службой курьеров, и в дальнейшем будет дарить только прекрасные эмоции. Подари немного больше, чем просто цветы! Каждый букет будет собран с любовью наших флористов, с особой аккуратностью доставлен нашей службой курьеров, и в дальнейшем будет дарить только прекрасные эмоции. Подари немного больше, чем просто цветы!&lt;/span&gt;&lt;/div&gt;\r\n','',0,'','','',''),(6,1,1,'Доставка цветов - ульяновск','&lt;p&gt;\r\n	&amp;nbsp;&lt;/p&gt;\r\n&lt;p&gt;\r\n	&lt;strong&gt;Обратите внимание на правила доставки:&lt;/strong&gt;&lt;/p&gt;\r\n&lt;div class=&quot;image_border&quot; style=&quot;position: relative; display: inline-block;&quot;&gt;\r\n	&lt;img alt=&quot;&quot; src=&quot;http://kofc.ru/florentinproject/image/data/flowers/border.png&quot; style=&quot;width: 562px; height: 250px; margin-bottom: 20px;&quot; /&gt;\r\n	&lt;div class=&quot;border_text&quot; style=&quot;position: absolute; right: 50px; top: 50px; width: 290px;&quot;&gt;\r\n		При оформлении заказа до 17.00,&lt;br /&gt;\r\n		мы осуществим доставку на следующий день.&lt;br /&gt;\r\n		Все заказы, оформленные позже указанного&lt;br /&gt;\r\n		времени, доставляются через день.&lt;br /&gt;\r\n		&lt;br /&gt;\r\n		В пределах МКАД - БЕСПЛАТНО.&lt;br /&gt;\r\n		За пределами МКАД - уточните&lt;br /&gt;\r\n		стоимость при формировании заказа.&lt;/div&gt;\r\n&lt;/div&gt;\r\n&lt;p&gt;\r\n	Хотим сообщить, что мы всегда рады сделать исключение! Позвоните нам и\\или пришлите письмо с темой “Срочная доставка!” на почту support@florentinproject.com, мы обязательно с Вами свяжемся и попробуем осуществить Ваш заказ раньше указанного срока, если это возможно!&lt;/p&gt;\r\n&lt;div&gt;\r\n	&amp;nbsp;&lt;/div&gt;\r\n&lt;div&gt;\r\n	&lt;em&gt;Если Вы предпочитаете более позднюю доставку, то всего лишь выберете необходимый день при оформлении заказа. Предоставьте нам всю необходимую информацию при оформлении заказа, и мы гарантируем надежность нашей услуги.&lt;/em&gt;&lt;/div&gt;\r\n','&lt;p&gt;\r\n	&amp;nbsp;&lt;/p&gt;\r\n&lt;div&gt;\r\n	Свежие цветы от Florentin упакованы&lt;/div&gt;\r\n&lt;div&gt;\r\n	в водяной шар, и доставляются&amp;nbsp;&lt;/div&gt;\r\n&lt;div&gt;\r\n	в шляпных коробках.&lt;/div&gt;\r\n&lt;div&gt;\r\n	&amp;nbsp;&lt;/div&gt;\r\n&lt;div&gt;\r\n	Это позволяет не распаковывать&amp;nbsp;&lt;/div&gt;\r\n&lt;div&gt;\r\n	букет в течение 2-3 дней и хранить&amp;nbsp;&lt;/div&gt;\r\n&lt;div&gt;\r\n	его временно в коробке, если у вас&amp;nbsp;&lt;/div&gt;\r\n&lt;div&gt;\r\n	под рукой нет вазы.&lt;/div&gt;\r\n',1,'','','',''),(6,1,0,'Доставка цветов','&lt;p&gt;\r\n	&lt;strong&gt;Обратите внимание на правила доставки:&lt;/strong&gt;&lt;/p&gt;\r\n&lt;div class=&quot;image_border&quot;&gt;\r\n	&lt;img alt=&quot;&quot; src=&quot;http://kofc.ru/florentinproject/image/data/flowers/border.png&quot; style=&quot;width: 562px; height: 250px; margin-bottom: 20px;&quot; /&gt;\r\n	&lt;div class=&quot;border_text&quot;&gt;\r\n		&lt;span style=&quot;font-size:12px;&quot;&gt;При оформлении заказа до 17.00,&lt;br /&gt;\r\n		мы осуществим доставку на следующий день.&lt;br /&gt;\r\n		Все заказы, оформленные позже указанного&lt;br /&gt;\r\n		времени, доставляются через день.&lt;br /&gt;\r\n		&lt;br /&gt;\r\n		В пределах МКАД - БЕСПЛАТНО.&lt;br /&gt;\r\n		За пределами МКАД - уточните&lt;br /&gt;\r\n		стоимость при формировании заказа.&lt;/span&gt;&lt;/div&gt;\r\n&lt;/div&gt;\r\n&lt;p&gt;\r\n	Хотим сообщить, что мы всегда рады сделать исключение! Позвоните нам и\\или пришлите письмо с темой “Срочная доставка!” на почту support@florentinproject.com, мы обязательно с Вами свяжемся и попробуем осуществить Ваш заказ раньше указанного срока, если это возможно!&lt;/p&gt;\r\n&lt;div&gt;\r\n	&amp;nbsp;&lt;/div&gt;\r\n&lt;div&gt;\r\n	&lt;em&gt;Если Вы предпочитаете более позднюю доставку, то всего лишь выберете необходимый день при оформлении заказа. Предоставьте нам всю необходимую информацию при оформлении заказа, и мы гарантируем надежность нашей услуги.&lt;/em&gt;&lt;/div&gt;\r\n&lt;style type=&quot;text/css&quot;&gt;\r\n.image_border {\r\nposition:relative;\r\ndisplay: inline-block;\r\n}\r\n.border_text {\r\nposition: absolute;\r\nright: 50px;\r\ntop: 50px;\r\nwidth: 290px;\r\n}&lt;/style&gt;\r\n','&lt;div&gt;\r\n	Свежие цветы от Florentin упакованы&lt;/div&gt;\r\n&lt;div&gt;\r\n	в водяной шар, и доставляются&amp;nbsp;&lt;/div&gt;\r\n&lt;div&gt;\r\n	в шляпных коробках.&lt;/div&gt;\r\n&lt;div&gt;\r\n	&amp;nbsp;&lt;/div&gt;\r\n&lt;div&gt;\r\n	Это позволяет не распаковывать&amp;nbsp;&lt;/div&gt;\r\n&lt;div&gt;\r\n	букет в течение 2-3 дней и хранить&amp;nbsp;&lt;/div&gt;\r\n&lt;div&gt;\r\n	его временно в коробке, если у вас&amp;nbsp;&lt;/div&gt;\r\n&lt;div&gt;\r\n	под рукой нет вазы.&lt;/div&gt;\r\n',1,'','','',''),(11,1,2,'Спец.предложение - казань','&lt;p&gt;\r\n	&amp;nbsp;&lt;/p&gt;\r\n&lt;div&gt;\r\n	&lt;em&gt;&lt;span style=&quot;background-color:#00ffff;&quot;&gt;Мы ценим уникальность каждого клиента и имеем возможность предложить вам персональное создание букета под вашу задачу. Свяжитесь с нашим менеджером&amp;nbsp;&lt;/span&gt;&lt;/em&gt;&lt;em&gt;&lt;span style=&quot;background-color:#00ffff;&quot;&gt;или отправьте письмо с вашими пожеланиями и мы воплотим в жизнь любые цветочные идеи. &amp;nbsp;&lt;/span&gt;&lt;/em&gt;&lt;/div&gt;\r\n&lt;div&gt;\r\n	&amp;nbsp;&lt;/div&gt;\r\n&lt;div&gt;\r\n	&lt;span style=&quot;background-color:#00ffff;&quot;&gt;Являясь бесконечными ценителями прекрасного, мы решили создать флористический проект нового формата. Соединив специально отобранные сорта великолепных роз, элегантные французские шляпные коробки и практичность конструкции, мы&amp;nbsp;&lt;/span&gt;&lt;/div&gt;\r\n&lt;div&gt;\r\n	&lt;span style=&quot;background-color:#00ffff;&quot;&gt;представляем вам то, что призвано доставить истинное цветочное удовольствие!&lt;/span&gt;&lt;/div&gt;\r\n&lt;div&gt;\r\n	&lt;span style=&quot;background-color:#00ffff;&quot;&gt;Каждый букет будет собран с любовью наших флористов, с особой аккуратностью доставлен нашей службой курьеров, и в дальнейшем будет дарить только прекрасные эмоции. Подари немного больше, чем просто цветы! Каждый букет будет собран с любовью наших флористов, с особой аккуратностью доставлен нашей службой курьеров, и в дальнейшем будет дарить только прекрасные эмоции. Подари немного больше, чем просто цветы!&lt;/span&gt;&lt;/div&gt;\r\n&lt;p&gt;\r\n	&lt;a class=&quot;button big_b blue_b&quot; href=&quot;#quick_order_box&quot; id=&quot;quick_order&quot; style=&quot;margin-top: 10px;&quot;&gt;&lt;span style=&quot;background-color:#00ffff;&quot;&gt;Отправить заявку&lt;/span&gt;&lt;/a&gt;&lt;/p&gt;\r\n','',0,'','','',''),(12,1,2,'Сотрудничество - казань','&lt;p&gt;\r\n	&amp;nbsp;&lt;/p&gt;\r\n&lt;p&gt;\r\n	&lt;span style=&quot;background-color:#00ffff;&quot;&gt;Мы предлагаем новую услугу в сфере флористики для корпоративных клиентов. Наш подход позволяет подобрать цветы, размер и цвет коробки, отражающие фирменный стиль вашей компании. Мы готовы создать индивидуальный дизайн букета в шляпной коробке, исходя из поставленных задач и целей. Подобрать необходимый цвет, изменить размеры, изготовить коробки с вашим логотипом или в необходимом дизайне – все возможно!&lt;/span&gt;&lt;/p&gt;\r\n&lt;p dir=&quot;ltr&quot; style=&quot;line-height: 1; margin-top: 0pt; margin-bottom: 0pt;&quot;&gt;\r\n	&lt;b id=&quot;docs-internal-guid-f9ea41a7-b44f-c9de-9e30-86a8102c42d6&quot; style=&quot;font-weight: normal;&quot;&gt;&lt;span style=&quot;font-size: 9px; font-family: \'Times New Roman\'; color: rgb(0, 0, 0); vertical-align: baseline; white-space: pre-wrap;&quot;&gt;&lt;span style=&quot;background-color:#00ffff;&quot;&gt;&amp;nbsp;&lt;/span&gt;&lt;/span&gt;&lt;/b&gt;&lt;/p&gt;\r\n&lt;table border=&quot;0&quot; cellpadding=&quot;1&quot; cellspacing=&quot;1&quot; style=&quot;width: 570px;&quot;&gt;\r\n	&lt;tbody&gt;\r\n		&lt;tr&gt;\r\n			&lt;td style=&quot;padding-right: 40px;&quot;&gt;\r\n				&lt;span style=&quot;font-size: 13px;&quot;&gt;&lt;b id=&quot;docs-internal-guid-f9ea41a7-b44f-c9de-9e30-86a8102c42d6&quot; style=&quot;line-height: 12px; font-weight: normal;&quot;&gt;&lt;span style=&quot;font-family: Arial; color: rgb(0, 0, 0); font-style: italic; vertical-align: baseline; white-space: pre-wrap;&quot;&gt;&lt;span style=&quot;background-color:#00ffff;&quot;&gt;Яркий, свежий и необычный подарок для ваших незаменимых сотрудников, дорогих клиентов и партнеров.&lt;/span&gt;&lt;/span&gt;&lt;/b&gt;&lt;/span&gt;&lt;/td&gt;\r\n			&lt;td&gt;\r\n				&lt;b id=&quot;docs-internal-guid-f9ea41a7-b44f-c9de-9e30-86a8102c42d6&quot; style=&quot;line-height: 12px; font-weight: normal;&quot;&gt;&lt;span style=&quot;font-size: 13px; font-family: Arial; color: rgb(0, 0, 0); font-style: italic; vertical-align: baseline; white-space: pre-wrap;&quot;&gt;&lt;span style=&quot;background-color:#00ffff;&quot;&gt;Необычная рекламная продукция или корпоративный продукт для различных мероприятий.&lt;/span&gt;&lt;/span&gt;&lt;/b&gt;&lt;/td&gt;\r\n		&lt;/tr&gt;\r\n	&lt;/tbody&gt;\r\n&lt;/table&gt;\r\n&lt;p&gt;\r\n	&amp;nbsp;&lt;/p&gt;\r\n&lt;p&gt;\r\n	&lt;span style=&quot;background-color:#00ffff;&quot;&gt;Все букеты от Florentin упакованы в водяной шар и доставляются в шляпных коробках, это позволяет не распаковывать букет в течение 2-3 дней и хранить его временно в коробке, если у вас нет вазы под рукой.&amp;nbsp;&lt;/span&gt;&lt;/p&gt;\r\n&lt;p&gt;\r\n	&lt;span style=&quot;background-color:#00ffff;&quot;&gt;В силу практичности нашей упаковки, вам всегда будет удобно преподнести такой букет и оставить прекрасное впечатление.&lt;/span&gt;&lt;/p&gt;\r\n&lt;p&gt;\r\n	&lt;span style=&quot;background-color:#00ffff;&quot;&gt;Отправьте заявку и наш менеджер свяжется с вами в ближайшее время.&lt;/span&gt;&lt;/p&gt;\r\n&lt;p&gt;\r\n	&lt;a class=&quot;button big_b blue_b&quot; href=&quot;#quick_order_box&quot; id=&quot;quick_order&quot; style=&quot;margin-top: 10px;&quot;&gt;&lt;span style=&quot;background-color:#00ffff;&quot;&gt;Отправить заявку&lt;/span&gt;&lt;/a&gt;&lt;/p&gt;\r\n','',0,'','','','');
/*!40000 ALTER TABLE `information_description` ENABLE KEYS */;
UNLOCK TABLES;

--
-- Table structure for table `information_to_layout`
--

DROP TABLE IF EXISTS `information_to_layout`;
/*!40101 SET @saved_cs_client     = @@character_set_client */;
/*!40101 SET character_set_client = utf8 */;
CREATE TABLE `information_to_layout` (
  `information_id` int(11) NOT NULL,
  `store_id` int(11) NOT NULL,
  `layout_id` int(11) NOT NULL,
  PRIMARY KEY (`information_id`,`store_id`)
) ENGINE=MyISAM DEFAULT CHARSET=utf8;
/*!40101 SET character_set_client = @saved_cs_client */;

--
-- Dumping data for table `information_to_layout`
--

LOCK TABLES `information_to_layout` WRITE;
/*!40000 ALTER TABLE `information_to_layout` DISABLE KEYS */;
INSERT INTO `information_to_layout` VALUES (8,0,15),(7,0,13),(6,0,14),(9,0,16),(7,1,13);
/*!40000 ALTER TABLE `information_to_layout` ENABLE KEYS */;
UNLOCK TABLES;

--
-- Table structure for table `information_to_store`
--

DROP TABLE IF EXISTS `information_to_store`;
/*!40101 SET @saved_cs_client     = @@character_set_client */;
/*!40101 SET character_set_client = utf8 */;
CREATE TABLE `information_to_store` (
  `information_id` int(11) NOT NULL,
  `store_id` int(11) NOT NULL,
  PRIMARY KEY (`information_id`,`store_id`)
) ENGINE=MyISAM DEFAULT CHARSET=utf8;
/*!40101 SET character_set_client = @saved_cs_client */;

--
-- Dumping data for table `information_to_store`
--

LOCK TABLES `information_to_store` WRITE;
/*!40000 ALTER TABLE `information_to_store` DISABLE KEYS */;
INSERT INTO `information_to_store` VALUES (3,0),(3,1),(4,0),(4,1),(5,0),(5,1),(6,0),(6,1),(6,2),(7,0),(7,1),(7,2),(8,0),(8,1),(9,0),(9,1),(10,0),(11,0),(11,1),(11,2),(12,0),(12,1),(12,2);
/*!40000 ALTER TABLE `information_to_store` ENABLE KEYS */;
UNLOCK TABLES;

--
-- Table structure for table `language`
--

DROP TABLE IF EXISTS `language`;
/*!40101 SET @saved_cs_client     = @@character_set_client */;
/*!40101 SET character_set_client = utf8 */;
CREATE TABLE `language` (
  `language_id` int(11) NOT NULL AUTO_INCREMENT,
  `name` varchar(32) NOT NULL,
  `code` varchar(5) NOT NULL,
  `locale` varchar(255) NOT NULL,
  `image` varchar(64) NOT NULL,
  `directory` varchar(32) NOT NULL,
  `filename` varchar(64) NOT NULL,
  `sort_order` int(3) NOT NULL DEFAULT '0',
  `status` tinyint(1) NOT NULL,
  PRIMARY KEY (`language_id`),
  KEY `name` (`name`)
) ENGINE=MyISAM AUTO_INCREMENT=3 DEFAULT CHARSET=utf8;
/*!40101 SET character_set_client = @saved_cs_client */;

--
-- Dumping data for table `language`
--

LOCK TABLES `language` WRITE;
/*!40000 ALTER TABLE `language` DISABLE KEYS */;
INSERT INTO `language` VALUES (1,'Russian','ru','ru_RU.UTF-8,ru_RU,russian','ru.png','russian','russian',1,1);
/*!40000 ALTER TABLE `language` ENABLE KEYS */;
UNLOCK TABLES;

--
-- Table structure for table `layout`
--

DROP TABLE IF EXISTS `layout`;
/*!40101 SET @saved_cs_client     = @@character_set_client */;
/*!40101 SET character_set_client = utf8 */;
CREATE TABLE `layout` (
  `layout_id` int(11) NOT NULL AUTO_INCREMENT,
  `name` varchar(64) NOT NULL,
  PRIMARY KEY (`layout_id`)
) ENGINE=MyISAM AUTO_INCREMENT=19 DEFAULT CHARSET=utf8;
/*!40101 SET character_set_client = @saved_cs_client */;

--
-- Dumping data for table `layout`
--

LOCK TABLES `layout` WRITE;
/*!40000 ALTER TABLE `layout` DISABLE KEYS */;
INSERT INTO `layout` VALUES (1,'Главная'),(2,'Продукт'),(3,'Категория'),(4,'По-умолчанию'),(5,'Производитель'),(6,'Аккаунт'),(7,'Оформление заказ'),(8,'Контакты'),(9,'Карта сайта'),(10,'Партнерская программа'),(11,'Информация'),(12,'OneCheckOut'),(13,'Информация - IDEE'),(14,'Информация - Доставка цветов'),(15,'Информация - ПЕРСОНАЛЬНЫЙ ЗАКАЗ'),(16,'Информация - КОРПОРАТИВНЫЙ СЕРВИС'),(17,'Информация - СПЕЦ.ПРЕДЛОЖЕНИЕ'),(18,'Информация - СОТРУДНИЧЕСТВО');
/*!40000 ALTER TABLE `layout` ENABLE KEYS */;
UNLOCK TABLES;

--
-- Table structure for table `layout_route`
--

DROP TABLE IF EXISTS `layout_route`;
/*!40101 SET @saved_cs_client     = @@character_set_client */;
/*!40101 SET character_set_client = utf8 */;
CREATE TABLE `layout_route` (
  `layout_route_id` int(11) NOT NULL AUTO_INCREMENT,
  `layout_id` int(11) NOT NULL,
  `store_id` int(11) NOT NULL,
  `route` varchar(255) NOT NULL,
  PRIMARY KEY (`layout_route_id`)
) ENGINE=MyISAM AUTO_INCREMENT=42 DEFAULT CHARSET=utf8;
/*!40101 SET character_set_client = @saved_cs_client */;

--
-- Dumping data for table `layout_route`
--

LOCK TABLES `layout_route` WRITE;
/*!40000 ALTER TABLE `layout_route` DISABLE KEYS */;
INSERT INTO `layout_route` VALUES (30,6,0,'account'),(17,10,0,'affiliate/'),(29,3,0,'product/category'),(26,1,0,'common/home'),(20,2,0,'product/product'),(22,5,0,'product/manufacturer'),(23,7,0,'checkout/'),(31,8,0,'information/contact'),(32,9,0,'information/sitemap'),(33,12,0,'onecheckout/'),(34,13,0,'information/information&amp;information_id=7'),(36,11,0,'information/information'),(37,14,0,'information/information&amp;information_id=7'),(38,15,0,'information/information&amp;information_id=8'),(39,16,0,'information/information&amp;information_id=9'),(40,17,0,'information/information&amp;information_id=11'),(41,18,0,'information/information&amp;information_id=12');
/*!40000 ALTER TABLE `layout_route` ENABLE KEYS */;
UNLOCK TABLES;

--
-- Table structure for table `length_class`
--

DROP TABLE IF EXISTS `length_class`;
/*!40101 SET @saved_cs_client     = @@character_set_client */;
/*!40101 SET character_set_client = utf8 */;
CREATE TABLE `length_class` (
  `length_class_id` int(11) NOT NULL AUTO_INCREMENT,
  `value` decimal(15,8) NOT NULL,
  PRIMARY KEY (`length_class_id`)
) ENGINE=MyISAM AUTO_INCREMENT=4 DEFAULT CHARSET=utf8;
/*!40101 SET character_set_client = @saved_cs_client */;

--
-- Dumping data for table `length_class`
--

LOCK TABLES `length_class` WRITE;
/*!40000 ALTER TABLE `length_class` DISABLE KEYS */;
INSERT INTO `length_class` VALUES (1,'1.00000000'),(2,'10.00000000'),(3,'0.39370000');
/*!40000 ALTER TABLE `length_class` ENABLE KEYS */;
UNLOCK TABLES;

--
-- Table structure for table `length_class_description`
--

DROP TABLE IF EXISTS `length_class_description`;
/*!40101 SET @saved_cs_client     = @@character_set_client */;
/*!40101 SET character_set_client = utf8 */;
CREATE TABLE `length_class_description` (
  `length_class_id` int(11) NOT NULL AUTO_INCREMENT,
  `language_id` int(11) NOT NULL,
  `title` varchar(32) NOT NULL,
  `unit` varchar(4) NOT NULL,
  PRIMARY KEY (`length_class_id`,`language_id`)
) ENGINE=MyISAM AUTO_INCREMENT=3 DEFAULT CHARSET=utf8;
/*!40101 SET character_set_client = @saved_cs_client */;

--
-- Dumping data for table `length_class_description`
--

LOCK TABLES `length_class_description` WRITE;
/*!40000 ALTER TABLE `length_class_description` DISABLE KEYS */;
INSERT INTO `length_class_description` VALUES (1,1,'Сантиметр','см'),(2,1,'Миллиметр','мм');
/*!40000 ALTER TABLE `length_class_description` ENABLE KEYS */;
UNLOCK TABLES;

--
-- Table structure for table `manufacturer`
--

DROP TABLE IF EXISTS `manufacturer`;
/*!40101 SET @saved_cs_client     = @@character_set_client */;
/*!40101 SET character_set_client = utf8 */;
CREATE TABLE `manufacturer` (
  `manufacturer_id` int(11) NOT NULL AUTO_INCREMENT,
  `name` varchar(64) NOT NULL,
  `image` varchar(255) DEFAULT NULL,
  `sort_order` int(3) NOT NULL,
  PRIMARY KEY (`manufacturer_id`)
) ENGINE=MyISAM AUTO_INCREMENT=11 DEFAULT CHARSET=utf8;
/*!40101 SET character_set_client = @saved_cs_client */;

--
-- Dumping data for table `manufacturer`
--

LOCK TABLES `manufacturer` WRITE;
/*!40000 ALTER TABLE `manufacturer` DISABLE KEYS */;
/*!40000 ALTER TABLE `manufacturer` ENABLE KEYS */;
UNLOCK TABLES;

--
-- Table structure for table `manufacturer_description`
--

DROP TABLE IF EXISTS `manufacturer_description`;
/*!40101 SET @saved_cs_client     = @@character_set_client */;
/*!40101 SET character_set_client = utf8 */;
CREATE TABLE `manufacturer_description` (
  `manufacturer_id` int(11) NOT NULL DEFAULT '0',
  `language_id` int(11) NOT NULL DEFAULT '0',
  `description` text NOT NULL,
  `meta_description` varchar(255) NOT NULL,
  `meta_keyword` varchar(255) NOT NULL,
  `seo_title` varchar(255) NOT NULL,
  `seo_h1` varchar(255) NOT NULL,
  PRIMARY KEY (`manufacturer_id`,`language_id`)
) ENGINE=MyISAM DEFAULT CHARSET=utf8;
/*!40101 SET character_set_client = @saved_cs_client */;

--
-- Dumping data for table `manufacturer_description`
--

LOCK TABLES `manufacturer_description` WRITE;
/*!40000 ALTER TABLE `manufacturer_description` DISABLE KEYS */;
/*!40000 ALTER TABLE `manufacturer_description` ENABLE KEYS */;
UNLOCK TABLES;

--
-- Table structure for table `manufacturer_to_store`
--

DROP TABLE IF EXISTS `manufacturer_to_store`;
/*!40101 SET @saved_cs_client     = @@character_set_client */;
/*!40101 SET character_set_client = utf8 */;
CREATE TABLE `manufacturer_to_store` (
  `manufacturer_id` int(11) NOT NULL,
  `store_id` int(11) NOT NULL,
  PRIMARY KEY (`manufacturer_id`,`store_id`)
) ENGINE=MyISAM DEFAULT CHARSET=utf8;
/*!40101 SET character_set_client = @saved_cs_client */;

--
-- Dumping data for table `manufacturer_to_store`
--

LOCK TABLES `manufacturer_to_store` WRITE;
/*!40000 ALTER TABLE `manufacturer_to_store` DISABLE KEYS */;
/*!40000 ALTER TABLE `manufacturer_to_store` ENABLE KEYS */;
UNLOCK TABLES;

--
-- Table structure for table `menu`
--

DROP TABLE IF EXISTS `menu`;
/*!40101 SET @saved_cs_client     = @@character_set_client */;
/*!40101 SET character_set_client = utf8 */;
CREATE TABLE `menu` (
  `menu_id` int(11) NOT NULL AUTO_INCREMENT,
  `name` varchar(64) CHARACTER SET utf8 NOT NULL DEFAULT '',
  `column_limit` int(11) NOT NULL DEFAULT '0',
  `style_id` varchar(255) CHARACTER SET utf8 NOT NULL,
  `color` varchar(21) NOT NULL,
  `column_width` int(11) NOT NULL,
  PRIMARY KEY (`menu_id`)
) ENGINE=InnoDB AUTO_INCREMENT=25 DEFAULT CHARSET=latin1;
/*!40101 SET character_set_client = @saved_cs_client */;

--
-- Dumping data for table `menu`
--

LOCK TABLES `menu` WRITE;
/*!40000 ALTER TABLE `menu` DISABLE KEYS */;
INSERT INTO `menu` VALUES (24,'Главное меню',0,'top_menu','',0);
/*!40000 ALTER TABLE `menu` ENABLE KEYS */;
UNLOCK TABLES;

--
-- Table structure for table `menu_route`
--

DROP TABLE IF EXISTS `menu_route`;
/*!40101 SET @saved_cs_client     = @@character_set_client */;
/*!40101 SET character_set_client = utf8 */;
CREATE TABLE `menu_route` (
  `menu_route_id` int(11) NOT NULL AUTO_INCREMENT,
  `menu_id` int(11) NOT NULL,
  `store_id` int(11) NOT NULL,
  `menu_type` varchar(255) CHARACTER SET utf8 NOT NULL DEFAULT '',
  `menu_type_2` varchar(255) CHARACTER SET utf8 NOT NULL,
  `route` varchar(255) CHARACTER SET utf8 NOT NULL DEFAULT '',
  `information` int(11) NOT NULL,
  `category` int(11) NOT NULL,
  `submenu` int(11) NOT NULL,
  `delimiter` int(11) NOT NULL,
  `image` varchar(1024) CHARACTER SET utf8 NOT NULL DEFAULT '',
  `sort_order` int(3) NOT NULL,
  PRIMARY KEY (`menu_route_id`)
) ENGINE=InnoDB AUTO_INCREMENT=896 DEFAULT CHARSET=latin1;
/*!40101 SET character_set_client = @saved_cs_client */;

--
-- Dumping data for table `menu_route`
--

LOCK TABLES `menu_route` WRITE;
/*!40000 ALTER TABLE `menu_route` DISABLE KEYS */;
INSERT INTO `menu_route` VALUES (891,24,0,'category','empty','',6,59,0,0,'',0),(892,24,0,'information','empty','',6,0,0,0,'',10),(893,24,0,'information','empty','',11,0,0,0,'',20),(894,24,0,'information','empty','',7,0,0,0,'',30),(895,24,0,'information','empty','',12,0,0,0,'',40);
/*!40000 ALTER TABLE `menu_route` ENABLE KEYS */;
UNLOCK TABLES;

--
-- Table structure for table `menu_route_description`
--

DROP TABLE IF EXISTS `menu_route_description`;
/*!40101 SET @saved_cs_client     = @@character_set_client */;
/*!40101 SET character_set_client = utf8 */;
CREATE TABLE `menu_route_description` (
  `menu_id` int(11) NOT NULL,
  `menu_route_id` int(11) NOT NULL,
  `language_id` int(11) NOT NULL,
  `name` text CHARACTER SET utf8 NOT NULL,
  `html` text CHARACTER SET utf8 NOT NULL,
  PRIMARY KEY (`menu_id`,`menu_route_id`,`language_id`)
) ENGINE=InnoDB DEFAULT CHARSET=latin1;
/*!40101 SET character_set_client = @saved_cs_client */;

--
-- Dumping data for table `menu_route_description`
--

LOCK TABLES `menu_route_description` WRITE;
/*!40000 ALTER TABLE `menu_route_description` DISABLE KEYS */;
INSERT INTO `menu_route_description` VALUES (24,891,1,'Цветы',''),(24,892,1,'Доставка',''),(24,893,1,'Спец.предложение',''),(24,894,1,'Idee',''),(24,895,1,'Сотрудничество','');
/*!40000 ALTER TABLE `menu_route_description` ENABLE KEYS */;
UNLOCK TABLES;

--
-- Table structure for table `option`
--

DROP TABLE IF EXISTS `option`;
/*!40101 SET @saved_cs_client     = @@character_set_client */;
/*!40101 SET character_set_client = utf8 */;
CREATE TABLE `option` (
  `option_id` int(11) NOT NULL AUTO_INCREMENT,
  `type` varchar(32) NOT NULL,
  `sort_order` int(3) NOT NULL,
  PRIMARY KEY (`option_id`)
) ENGINE=MyISAM AUTO_INCREMENT=20 DEFAULT CHARSET=utf8;
/*!40101 SET character_set_client = @saved_cs_client */;

--
-- Dumping data for table `option`
--

LOCK TABLES `option` WRITE;
/*!40000 ALTER TABLE `option` DISABLE KEYS */;
INSERT INTO `option` VALUES (17,'text',30),(15,'text',10),(14,'textarea',100),(13,'date',0),(16,'text',20),(18,'text',5),(19,'radio',0);
/*!40000 ALTER TABLE `option` ENABLE KEYS */;
UNLOCK TABLES;

--
-- Table structure for table `option_description`
--

DROP TABLE IF EXISTS `option_description`;
/*!40101 SET @saved_cs_client     = @@character_set_client */;
/*!40101 SET character_set_client = utf8 */;
CREATE TABLE `option_description` (
  `option_id` int(11) NOT NULL,
  `language_id` int(11) NOT NULL,
  `name` varchar(128) NOT NULL,
  PRIMARY KEY (`option_id`,`language_id`)
) ENGINE=MyISAM DEFAULT CHARSET=utf8;
/*!40101 SET character_set_client = @saved_cs_client */;

--
-- Dumping data for table `option_description`
--

LOCK TABLES `option_description` WRITE;
/*!40000 ALTER TABLE `option_description` DISABLE KEYS */;
INSERT INTO `option_description` VALUES (16,1,'Адрес доставки'),(14,1,'Текст послания'),(13,1,'Дата доставки'),(18,1,'Время доставки'),(15,1,'ФИО получателя'),(19,1,'Доставка'),(17,1,'Телефон получателя');
/*!40000 ALTER TABLE `option_description` ENABLE KEYS */;
UNLOCK TABLES;

--
-- Table structure for table `option_value`
--

DROP TABLE IF EXISTS `option_value`;
/*!40101 SET @saved_cs_client     = @@character_set_client */;
/*!40101 SET character_set_client = utf8 */;
CREATE TABLE `option_value` (
  `option_value_id` int(11) NOT NULL AUTO_INCREMENT,
  `option_id` int(11) NOT NULL,
  `image` varchar(255) NOT NULL,
  `sort_order` int(3) NOT NULL,
  PRIMARY KEY (`option_value_id`)
) ENGINE=MyISAM AUTO_INCREMENT=51 DEFAULT CHARSET=utf8;
/*!40101 SET character_set_client = @saved_cs_client */;

--
-- Dumping data for table `option_value`
--

LOCK TABLES `option_value` WRITE;
/*!40000 ALTER TABLE `option_value` DISABLE KEYS */;
INSERT INTO `option_value` VALUES (49,19,'no_image.jpg',0),(50,19,'no_image.jpg',0);
/*!40000 ALTER TABLE `option_value` ENABLE KEYS */;
UNLOCK TABLES;

--
-- Table structure for table `option_value_description`
--

DROP TABLE IF EXISTS `option_value_description`;
/*!40101 SET @saved_cs_client     = @@character_set_client */;
/*!40101 SET character_set_client = utf8 */;
CREATE TABLE `option_value_description` (
  `option_value_id` int(11) NOT NULL,
  `language_id` int(11) NOT NULL,
  `option_id` int(11) NOT NULL,
  `name` varchar(128) NOT NULL,
  PRIMARY KEY (`option_value_id`,`language_id`)
) ENGINE=MyISAM DEFAULT CHARSET=utf8;
/*!40101 SET character_set_client = @saved_cs_client */;

--
-- Dumping data for table `option_value_description`
--

LOCK TABLES `option_value_description` WRITE;
/*!40000 ALTER TABLE `option_value_description` DISABLE KEYS */;
INSERT INTO `option_value_description` VALUES (49,1,19,'В пределах МКАД'),(50,1,19,'За пределами МКАД');
/*!40000 ALTER TABLE `option_value_description` ENABLE KEYS */;
UNLOCK TABLES;

--
-- Table structure for table `order`
--

DROP TABLE IF EXISTS `order`;
/*!40101 SET @saved_cs_client     = @@character_set_client */;
/*!40101 SET character_set_client = utf8 */;
CREATE TABLE `order` (
  `order_id` int(11) NOT NULL AUTO_INCREMENT,
  `invoice_no` int(11) NOT NULL DEFAULT '0',
  `invoice_prefix` varchar(26) NOT NULL,
  `store_id` int(11) NOT NULL DEFAULT '0',
  `store_name` varchar(64) NOT NULL,
  `store_url` varchar(255) NOT NULL,
  `customer_id` int(11) NOT NULL DEFAULT '0',
  `customer_group_id` int(11) NOT NULL DEFAULT '0',
  `firstname` varchar(32) NOT NULL,
  `lastname` varchar(32) NOT NULL,
  `email` varchar(96) NOT NULL,
  `telephone` varchar(32) NOT NULL,
  `fax` varchar(32) NOT NULL,
  `payment_firstname` varchar(32) NOT NULL,
  `payment_lastname` varchar(32) NOT NULL,
  `payment_company` varchar(32) NOT NULL,
  `payment_company_id` varchar(32) NOT NULL,
  `payment_tax_id` varchar(32) NOT NULL,
  `payment_address_1` varchar(128) NOT NULL,
  `payment_address_2` varchar(128) NOT NULL,
  `payment_city` varchar(128) NOT NULL,
  `payment_postcode` varchar(10) NOT NULL,
  `payment_country` varchar(128) NOT NULL,
  `payment_country_id` int(11) NOT NULL,
  `payment_zone` varchar(128) NOT NULL,
  `payment_zone_id` int(11) NOT NULL,
  `payment_address_format` text NOT NULL,
  `payment_method` varchar(128) NOT NULL,
  `payment_code` varchar(128) NOT NULL,
  `payment_delivery_date` varchar(256) NOT NULL,
  `shipping_type` int(1) NOT NULL,
  `shipping_firstname` varchar(32) NOT NULL,
  `shipping_lastname` varchar(32) NOT NULL,
  `shipping_company` varchar(32) NOT NULL,
  `shipping_address_1` varchar(128) NOT NULL,
  `shipping_address_2` varchar(128) NOT NULL,
  `shipping_city` varchar(128) NOT NULL,
  `shipping_postcode` varchar(10) NOT NULL,
  `shipping_country` varchar(128) NOT NULL,
  `shipping_country_id` int(11) NOT NULL,
  `shipping_zone` varchar(128) NOT NULL,
  `shipping_zone_id` int(11) NOT NULL,
  `shipping_address_format` text NOT NULL,
  `shipping_method` varchar(128) NOT NULL,
  `shipping_code` varchar(128) NOT NULL,
  `shipping_delivery_date` varchar(254) NOT NULL,
  `need2call` int(1) NOT NULL,
  `shipping_telephone` varchar(128) NOT NULL,
  `comment` text NOT NULL,
  `send_message` text CHARACTER SET utf8 COLLATE utf8_bin NOT NULL,
  `total` decimal(15,4) NOT NULL DEFAULT '0.0000',
  `order_status_id` int(11) NOT NULL DEFAULT '0',
  `affiliate_id` int(11) NOT NULL,
  `commission` decimal(15,4) NOT NULL,
  `language_id` int(11) NOT NULL,
  `currency_id` int(11) NOT NULL,
  `currency_code` varchar(3) NOT NULL,
  `currency_value` decimal(15,8) NOT NULL DEFAULT '1.00000000',
  `ip` varchar(40) NOT NULL,
  `forwarded_ip` varchar(40) NOT NULL,
  `user_agent` varchar(255) NOT NULL,
  `accept_language` varchar(255) NOT NULL,
  `date_added` datetime NOT NULL,
  `date_modified` datetime NOT NULL,
  PRIMARY KEY (`order_id`)
) ENGINE=MyISAM AUTO_INCREMENT=266 DEFAULT CHARSET=utf8;
/*!40101 SET character_set_client = @saved_cs_client */;

--
-- Dumping data for table `order`
--

LOCK TABLES `order` WRITE;
/*!40000 ALTER TABLE `order` DISABLE KEYS */;
INSERT INTO `order` VALUES (1,0,'INV-2013-00',1,'Мой Магазин','http://localhost/florentinproject/',0,1,'Илья Константинович','Артамонов','ilya.artamonov73@gmail.com','уеы','','Илья Константинович','Артамонов','','','','еуые','','еуые','','Российская Федерация',176,'Москва',2761,'','Оплата при доставке','cod','',0,'иля','вап','','вап','','вап','','Российская Федерация',176,'Москва',2761,'','Фиксированная стоимость доставки','flat.flat','',0,'','','','9605.0000',0,0,'0.0000',1,1,'RUB','1.00000000','::1','','Mozilla/5.0 (Windows NT 6.1; WOW64) AppleWebKit/535.11 (KHTML, like Gecko) Chrome/17.0.963.33 Safari/535.11','ru-RU,ru;q=0.8,en-US;q=0.6,en;q=0.4','2014-06-10 17:33:02','2014-06-10 17:33:02'),(2,0,'INV-2013-00',0,'Мой Магазин','http://localhost/florentinproject/',0,1,'Илья Константинович','Артамонов','ilya.artamonov73@gmail.com','уеы','','Илья Константинович','Артамонов','','','','еуые','','еуые','','Российская Федерация',176,'Москва',2761,'','Оплата при доставке','cod','',0,'иля','вап','','вап','','вап','','Российская Федерация',176,'Москва',2761,'','Фиксированная стоимость доставки','flat.flat','',0,'','','','9605.0000',0,0,'0.0000',1,1,'RUB','1.00000000','::1','','Mozilla/5.0 (Windows NT 6.1; WOW64) AppleWebKit/535.11 (KHTML, like Gecko) Chrome/17.0.963.33 Safari/535.11','ru-RU,ru;q=0.8,en-US;q=0.6,en;q=0.4','2014-06-10 17:35:27','2014-06-10 17:35:27'),(3,0,'INV-2013-00',0,'Мой Магазин','http://localhost/florentinproject/',0,1,'Илья Константинович','Артамонов','ilya.artamonov73@gmail.com','уеы','','Илья Константинович','Артамонов','','','','еуые','','еуые','','Российская Федерация',176,'Москва',2761,'','Оплата при доставке','cod','',0,'иля','вап','','вап','','вап','','Российская Федерация',176,'Москва',2761,'','Фиксированная стоимость доставки','flat.flat','',0,'','','','9605.0000',0,0,'0.0000',1,1,'RUB','1.00000000','::1','','Mozilla/5.0 (Windows NT 6.1; WOW64) AppleWebKit/535.11 (KHTML, like Gecko) Chrome/17.0.963.33 Safari/535.11','ru-RU,ru;q=0.8,en-US;q=0.6,en;q=0.4','2014-06-10 17:39:48','2014-06-10 17:39:48'),(4,0,'INV-2013-00',0,'Мой Магазин','http://localhost/florentinproject/',0,1,'Илья Константинович','Артамонов','ilya.artamonov73@gmail.com','уеы','','Илья Константинович','Артамонов','','','','еуые','','еуые','','Российская Федерация',176,'Москва',2761,'','Оплата при доставке','cod','',0,'иля','вап','','вап','','вап','','Российская Федерация',176,'Москва',2761,'','Фиксированная стоимость доставки','flat.flat','',0,'','','','9605.0000',0,0,'0.0000',1,1,'RUB','1.00000000','::1','','Mozilla/5.0 (Windows NT 6.1; WOW64) AppleWebKit/535.11 (KHTML, like Gecko) Chrome/17.0.963.33 Safari/535.11','ru-RU,ru;q=0.8,en-US;q=0.6,en;q=0.4','2014-06-10 17:41:55','2014-06-10 17:41:55'),(5,0,'INV-2013-00',0,'Мой Магазин','http://localhost/florentinproject/',0,1,'Илья Константинович','Артамонов','ilya.artamonov73@gmail.com','уеы','','Илья Константинович','Артамонов','','','','еуые','','еуые','','Российская Федерация',176,'Москва',2761,'','Оплата при доставке','cod','',0,'иля','вап','','вап','','вап','','Российская Федерация',176,'Москва',2761,'','Фиксированная стоимость доставки','flat.flat','',0,'','','','9605.0000',0,0,'0.0000',1,1,'RUB','1.00000000','::1','','Mozilla/5.0 (Windows NT 6.1; WOW64) AppleWebKit/535.11 (KHTML, like Gecko) Chrome/17.0.963.33 Safari/535.11','ru-RU,ru;q=0.8,en-US;q=0.6,en;q=0.4','2014-06-10 17:42:26','2014-06-10 17:42:26'),(6,0,'INV-2013-00',0,'Мой Магазин','http://localhost/florentinproject/',0,1,'Илья Константинович','Артамонов','ilya.artamonov73@gmail.com','уеы','','Илья Константинович','Артамонов','','','','еуые','','еуые','','Российская Федерация',176,'Москва',2761,'','Оплата при доставке','cod','',0,'иля','вап','','вап','','вап','','Российская Федерация',176,'Москва',2761,'','Фиксированная стоимость доставки','flat.flat','',0,'','ываыва','','9605.0000',0,0,'0.0000',1,1,'RUB','1.00000000','::1','','Mozilla/5.0 (Windows NT 6.1; WOW64) AppleWebKit/535.11 (KHTML, like Gecko) Chrome/17.0.963.33 Safari/535.11','ru-RU,ru;q=0.8,en-US;q=0.6,en;q=0.4','2014-06-10 17:42:31','2014-06-10 17:42:31'),(7,0,'INV-2013-00',0,'Мой Магазин','http://localhost/florentinproject/',0,1,'Илья Константинович','Артамонов','ilya.artamonov73@gmail.com','уеы','','Илья Константинович','Артамонов','','','','еуые','','еуые','','Российская Федерация',176,'Москва',2761,'','Оплата при доставке','cod','',0,'иля','вап','','вап','','вап','','Российская Федерация',176,'Москва',2761,'','Фиксированная стоимость доставки','flat.flat','',0,'','ываыва','','9605.0000',0,0,'0.0000',1,1,'RUB','1.00000000','::1','','Mozilla/5.0 (Windows NT 6.1; WOW64) AppleWebKit/535.11 (KHTML, like Gecko) Chrome/17.0.963.33 Safari/535.11','ru-RU,ru;q=0.8,en-US;q=0.6,en;q=0.4','2014-06-10 17:42:52','2014-06-10 17:42:52'),(8,0,'INV-2013-00',0,'Мой Магазин','http://localhost/florentinproject/',0,1,'Илья Константинович','Артамонов','ilya.artamonov73@gmail.com','уеы','','Илья Константинович','Артамонов','','','','еуые','','еуые','','Российская Федерация',176,'Москва',2761,'','Оплата при доставке','cod','',0,'иля','вап','','вап','','вап','','Российская Федерация',176,'Москва',2761,'','Фиксированная стоимость доставки','flat.flat','',0,'','ываыва','','9605.0000',0,0,'0.0000',1,1,'RUB','1.00000000','::1','','Mozilla/5.0 (Windows NT 6.1; WOW64) AppleWebKit/535.11 (KHTML, like Gecko) Chrome/17.0.963.33 Safari/535.11','ru-RU,ru;q=0.8,en-US;q=0.6,en;q=0.4','2014-06-10 17:43:37','2014-06-10 17:43:37'),(9,0,'INV-2013-00',0,'Мой Магазин','http://localhost/florentinproject/',0,1,'Илья Константинович','Артамонов','ilya.artamonov73@gmail.com','уеы','','Илья Константинович','Артамонов','','','','еуые','','еуые','','Российская Федерация',176,'Москва',2761,'','Оплата при доставке','cod','',0,'иля','вап','','вап','','вап','','Российская Федерация',176,'Москва',2761,'','Фиксированная стоимость доставки','flat.flat','',0,'','ываыва','','9605.0000',0,0,'0.0000',1,1,'RUB','1.00000000','::1','','Mozilla/5.0 (Windows NT 6.1; WOW64) AppleWebKit/535.11 (KHTML, like Gecko) Chrome/17.0.963.33 Safari/535.11','ru-RU,ru;q=0.8,en-US;q=0.6,en;q=0.4','2014-06-10 17:44:04','2014-06-10 17:44:04'),(10,0,'INV-2013-00',0,'Мой Магазин','http://localhost/florentinproject/',0,1,'Илья Константинович','Артамонов','ilya.artamonov73@gmail.com','уеы','','Илья Константинович','Артамонов','','','','еуые','','еуые','','Российская Федерация',176,'Москва',2761,'','Оплата при доставке','cod','',0,'иля','вап','','вап','','вап','','Российская Федерация',176,'Москва',2761,'','Фиксированная стоимость доставки','flat.flat','',0,'','ываыва','','9605.0000',1,0,'0.0000',1,1,'RUB','1.00000000','::1','','Mozilla/5.0 (Windows NT 6.1; WOW64) AppleWebKit/535.11 (KHTML, like Gecko) Chrome/17.0.963.33 Safari/535.11','ru-RU,ru;q=0.8,en-US;q=0.6,en;q=0.4','2014-06-10 17:44:21','2014-06-10 17:44:32'),(11,0,'INV-2013-00',0,'Мой Магазин','http://localhost/florentinproject/',2,1,'алёна олеговна','Логоновская','mu-bro@mail.ru2','123123','','алёна олеговна','Логоновская','','','','addr2','','admin','','Российская Федерация',176,'',22761,'','Оплата при доставке','cod','',0,'алёна олеговна','Логоновская','','addr2','','admin','','Российская Федерация',176,'',22761,'','Фиксированная стоимость доставки','flat.flat','',0,'','','','6506.0000',0,0,'0.0000',1,1,'RUB','1.00000000','::1','','Mozilla/5.0 (Windows NT 6.1; WOW64) AppleWebKit/535.11 (KHTML, like Gecko) Chrome/17.0.963.33 Safari/535.11','ru-RU,ru;q=0.8,en-US;q=0.6,en;q=0.4','2014-06-11 14:35:50','2014-06-11 14:35:50'),(12,0,'INV-2013-00',0,'Мой Магазин','http://localhost/florentinproject/',2,1,'алёна олеговна','Логоновская','mu-bro@mail.ru2','123123','','алёна олеговна','Логоновская','','','','addr2','','admin','','Российская Федерация',176,'',22761,'','Оплата при доставке','cod','',0,'алёна олеговна','Логоновская','','addr2','','admin','','Российская Федерация',176,'',22761,'','Фиксированная стоимость доставки','flat.flat','',0,'','','','6506.0000',0,0,'0.0000',1,1,'RUB','1.00000000','::1','','Mozilla/5.0 (Windows NT 6.1; WOW64) AppleWebKit/535.11 (KHTML, like Gecko) Chrome/17.0.963.33 Safari/535.11','ru-RU,ru;q=0.8,en-US;q=0.6,en;q=0.4','2014-06-11 14:37:30','2014-06-11 14:37:30'),(13,0,'INV-2013-00',0,'Мой Магазин','http://localhost/florentinproject/',2,1,'алёна олеговна','Логоновская','mu-bro@mail.ru2','123123','','алёна олеговна','Логоновская','','','','addr2','','admin','','Российская Федерация',176,'',22761,'','Оплата при доставке','cod','',0,'алёна олеговна','Логоновская','','addr2','','admin','','Российская Федерация',176,'',22761,'','Фиксированная стоимость доставки','flat.flat','',0,'','','','6506.0000',1,0,'0.0000',1,1,'RUB','1.00000000','::1','','Mozilla/5.0 (Windows NT 6.1; WOW64) AppleWebKit/535.11 (KHTML, like Gecko) Chrome/17.0.963.33 Safari/535.11','ru-RU,ru;q=0.8,en-US;q=0.6,en;q=0.4','2014-06-11 14:40:40','2014-06-11 14:40:48'),(14,0,'INV-2013-00',0,'Мой Магазин','http://localhost/florentinproject/',2,1,'алёна олеговна','Логоновская','mu-bro@mail.ru2','123123','','алёна олеговна','Логоновская','','','','addr2','','admin','','Российская Федерация',176,'',22761,'','Оплата при доставке','cod','',0,'алёна олеговна','Логоновская','','addr2','','admin','','Российская Федерация',176,'',22761,'','Фиксированная стоимость доставки','flat.flat','',0,'','','','3205.0000',0,0,'0.0000',1,1,'RUB','1.00000000','::1','','Mozilla/5.0 (Windows NT 6.1; WOW64) AppleWebKit/535.11 (KHTML, like Gecko) Chrome/17.0.963.33 Safari/535.11','ru-RU,ru;q=0.8,en-US;q=0.6,en;q=0.4','2014-06-11 14:41:05','2014-06-11 14:41:05'),(15,0,'INV-2013-00',0,'Мой Магазин','http://localhost/florentinproject/',2,1,'алёна олеговна','Логоновская','mu-bro@mail.ru2','123123','','алёна олеговна','Логоновская','','','','addr2','','admin','','Российская Федерация',176,'',22761,'','Оплата при доставке','cod','',0,'алёна олеговна','Логоновская','','addr2','','admin','','Российская Федерация',176,'',22761,'','Фиксированная стоимость доставки','flat.flat','',0,'','','','3205.0000',0,0,'0.0000',1,1,'RUB','1.00000000','::1','','Mozilla/5.0 (Windows NT 6.1; WOW64) AppleWebKit/535.11 (KHTML, like Gecko) Chrome/17.0.963.33 Safari/535.11','ru-RU,ru;q=0.8,en-US;q=0.6,en;q=0.4','2014-06-11 14:41:33','2014-06-11 14:41:33'),(16,0,'INV-2013-00',0,'Мой Магазин','http://localhost/florentinproject/',2,1,'алёна олеговна','Логоновская','mu-bro@mail.ru2','123123','','алёна олеговна','Логоновская','','','','addr2','','admin','','Российская Федерация',176,'',22761,'','Оплата при доставке','cod','',0,'алёна олеговна','Логоновская','','addr2','','admin','','Российская Федерация',176,'',22761,'','Фиксированная стоимость доставки','flat.flat','',0,'','','','3205.0000',0,0,'0.0000',1,1,'RUB','1.00000000','::1','','Mozilla/5.0 (Windows NT 6.1; WOW64) AppleWebKit/535.11 (KHTML, like Gecko) Chrome/17.0.963.33 Safari/535.11','ru-RU,ru;q=0.8,en-US;q=0.6,en;q=0.4','2014-06-11 14:42:02','2014-06-11 14:42:02'),(17,0,'INV-2013-00',0,'Мой Магазин','http://localhost/florentinproject/',2,1,'алёна олеговна','Логоновская','mu-bro@mail.ru2','123123','','алёна олеговна','Логоновская','','','','addr2','','admin','','Российская Федерация',176,'',22761,'','Оплата при доставке','cod','',0,'алёна олеговна','Логоновская','','addr2','','admin','','Российская Федерация',176,'',22761,'','Фиксированная стоимость доставки','flat.flat','',0,'','','','3205.0000',0,0,'0.0000',1,1,'RUB','1.00000000','::1','','Mozilla/5.0 (Windows NT 6.1; WOW64) AppleWebKit/535.11 (KHTML, like Gecko) Chrome/17.0.963.33 Safari/535.11','ru-RU,ru;q=0.8,en-US;q=0.6,en;q=0.4','2014-06-11 14:42:32','2014-06-11 14:42:32'),(18,0,'INV-2013-00',0,'Мой Магазин','http://localhost/florentinproject/',0,1,'test','test','ilya.artamonov@b-leader.ru','tset','','test','test','','','','tset','','test','','Российская Федерация',176,'Москва',2761,'','Оплата Банковской картой','liqpay','',0,'test','test','','tset','','test','','Российская Федерация',176,'Москва',2761,'','Доставка в пределах МКАД (бесплатно)','free.free','',0,'','','','551.0000',0,0,'0.0000',1,1,'RUB','1.00000000','::1','','Mozilla/5.0 (Windows NT 6.1; WOW64) AppleWebKit/535.11 (KHTML, like Gecko) Chrome/17.0.963.33 Safari/535.11','ru-RU,ru;q=0.8,en-US;q=0.6,en;q=0.4','2014-06-12 15:27:33','2014-06-12 15:27:33'),(19,0,'INV-2013-00',0,'Мой Магазин','http://localhost/florentinproject/',0,1,'test','test','ilya.artamonov@b-leader.ru','tset','','test','test','','','','tset','','test','','Российская Федерация',176,'Москва',2761,'','Наличными курьеру','cod','',0,'test','test','','tset','','test','','Российская Федерация',176,'Москва',2761,'','Доставка в пределах МКАД (бесплатно)','free.free','',0,'','','','551.0000',0,0,'0.0000',1,1,'RUB','1.00000000','::1','','Mozilla/5.0 (Windows NT 6.1; WOW64) AppleWebKit/535.11 (KHTML, like Gecko) Chrome/17.0.963.33 Safari/535.11','ru-RU,ru;q=0.8,en-US;q=0.6,en;q=0.4','2014-06-12 15:27:45','2014-06-12 15:27:45'),(20,0,'INV-2013-00',0,'Мой Магазин','http://localhost/florentinproject/',0,1,'test','test','ilya.artamonov@b-leader.ru','tset','','test','test','','','','tset','','test','','Российская Федерация',176,'Москва',2761,'','Наличными курьеру','cod','',0,'test','test','','tset','','test','','Российская Федерация',176,'Москва',2761,'','Доставка в пределах МКАД (бесплатно)','free.free','',0,'','','','551.0000',0,0,'0.0000',1,1,'RUB','1.00000000','::1','','Mozilla/5.0 (Windows NT 6.1; WOW64) AppleWebKit/535.11 (KHTML, like Gecko) Chrome/17.0.963.33 Safari/535.11','ru-RU,ru;q=0.8,en-US;q=0.6,en;q=0.4','2014-06-12 15:28:13','2014-06-12 15:28:13'),(21,0,'INV-2013-00',0,'Мой Магазин','http://localhost/florentinproject/',0,1,'test','test','ilya.artamonov@b-leader.ru','tset','','test','test','','','','tset','','test','','Российская Федерация',176,'Москва',2761,'','Наличными курьеру','cod','',0,'test','test','','tset','','test','','Российская Федерация',176,'Москва',2761,'','Доставка в пределах МКАД (бесплатно)','free.free','',0,'','','','551.0000',1,0,'0.0000',1,1,'RUB','1.00000000','::1','','Mozilla/5.0 (Windows NT 6.1; WOW64) AppleWebKit/535.11 (KHTML, like Gecko) Chrome/17.0.963.33 Safari/535.11','ru-RU,ru;q=0.8,en-US;q=0.6,en;q=0.4','2014-06-12 15:32:31','2014-06-12 15:32:35'),(22,0,'INV-2013-00',0,'Мой Магазин','http://localhost/florentinproject/',0,1,'rwe','wer','ilya.artamonov@b-leader.ru','ewr','','rwe','wer','','','','','','','','Российская Федерация',176,'Москва',2761,'','Наличными курьеру','cod','',0,'rwe','wer','','','','','','Российская Федерация',176,'Москва',2761,'','Доставка в пределах МКАД (бесплатно)','free.free','',0,'','','','3200.0000',0,0,'0.0000',1,1,'RUB','1.00000000','::1','','Mozilla/5.0 (Windows NT 6.1; WOW64) AppleWebKit/535.11 (KHTML, like Gecko) Chrome/17.0.963.33 Safari/535.11','ru-RU,ru;q=0.8,en-US;q=0.6,en;q=0.4','2014-06-12 15:39:47','2014-06-12 15:39:47'),(23,0,'INV-2013-00',0,'Мой Магазин','http://localhost/florentinproject/',0,1,'rwe','wer','ilya.artamonov@b-leader.ru','ewr','','rwe','wer','','','','','','','','Российская Федерация',176,'Москва',2761,'','Наличными курьеру','cod','',0,'rwe','wer','','','','','','Российская Федерация',176,'Москва',2761,'','Доставка в пределах МКАД (бесплатно)','free.free','',0,'','','','3200.0000',1,0,'0.0000',1,1,'RUB','1.00000000','::1','','Mozilla/5.0 (Windows NT 6.1; WOW64) AppleWebKit/535.11 (KHTML, like Gecko) Chrome/17.0.963.33 Safari/535.11','ru-RU,ru;q=0.8,en-US;q=0.6,en;q=0.4','2014-06-12 15:40:21','2014-06-12 15:40:26'),(24,0,'INV-2013-00',0,'Мой Магазин','http://192.168.0.102/florentinproject/',0,1,'123','123','123@we.we','123','','123','123','','','','','','','','Российская Федерация',176,'Москва',2761,'','Оплата Банковской картой','liqpay','',0,'123','123','','','','','','Российская Федерация',176,'Москва',2761,'','Доставка в пределах МКАД (бесплатно)','free.free','',0,'','','','3200.0000',0,0,'0.0000',1,1,'RUB','1.00000000','192.168.0.102','','Mozilla/5.0 (Windows NT 6.1; WOW64) AppleWebKit/535.11 (KHTML, like Gecko) Chrome/17.0.963.33 Safari/535.11','ru-RU,ru;q=0.8,en-US;q=0.6,en;q=0.4','2014-06-12 16:45:30','2014-06-12 16:45:30'),(25,0,'INV-2013-00',0,'Мой Магазин','http://192.168.0.102/florentinproject/',3,1,'123','123','123@we.we','123','','123','123','','','','','','','','Российская Федерация',176,'Москва',2761,'','Оплата Банковской картой','liqpay','',0,'123','123','','','','','','Российская Федерация',176,'Москва',2761,'','Доставка в пределах МКАД (бесплатно)','free.free','',0,'','','','3200.0000',0,0,'0.0000',1,1,'RUB','1.00000000','192.168.0.102','','Mozilla/5.0 (Windows NT 6.1; WOW64) AppleWebKit/535.11 (KHTML, like Gecko) Chrome/17.0.963.33 Safari/535.11','ru-RU,ru;q=0.8,en-US;q=0.6,en;q=0.4','2014-06-12 17:01:31','2014-06-12 17:01:31'),(26,0,'INV-2013-00',0,'florentinproject.com','http://localhost/florentinproject/',2,1,'алёна олеговна','Логоновская','mu-bro@mail.ru2','123123','','алёна олеговна','Логоновская','','','','addr2','','admin','','Российская Федерация',176,'',22761,'','Оплата Банковской картой','liqpay','',0,'алёна олеговна','Логоновская','','addr2','','admin','','Российская Федерация',176,'',22761,'','Доставка в пределах МКАД (бесплатно)','free.free','',0,'','','','6501.0000',0,0,'0.0000',1,1,'RUB','1.00000000','::1','','Mozilla/5.0 (Windows NT 6.1; WOW64) AppleWebKit/535.11 (KHTML, like Gecko) Chrome/17.0.963.33 Safari/535.11','ru-RU,ru;q=0.8,en-US;q=0.6,en;q=0.4','2014-06-16 17:22:40','2014-06-16 17:22:40'),(27,0,'INV-2013-00',0,'florentinproject.com','http://localhost/florentinproject/',2,1,'алёна олеговна','Логоновская','mu-bro@mail.ru2','123123','','алёна олеговна','Логоновская','','','','addr2','','admin','','Российская Федерация',176,'',22761,'','Наличными курьеру','cod','',0,'алёна олеговна','Логоновская','','addr2','','admin','','Российская Федерация',176,'',22761,'','Доставка в пределах МКАД (бесплатно)','free.free','',0,'','','','6501.0000',1,0,'0.0000',1,1,'RUB','1.00000000','::1','','Mozilla/5.0 (Windows NT 6.1; WOW64) AppleWebKit/535.11 (KHTML, like Gecko) Chrome/17.0.963.33 Safari/535.11','ru-RU,ru;q=0.8,en-US;q=0.6,en;q=0.4','2014-06-16 17:22:51','2014-06-16 17:22:52'),(28,0,'INV-2013-00',0,'florentinproject.com','http://localhost/florentinproject/',2,1,'алёна олеговна','Логоновская','mu-bro@mail.ru2','123123','','алёна олеговна','Логоновская','','','','addr2','','admin','','Российская Федерация',176,'',22761,'','Наличными курьеру','cod','',0,'алёна олеговна','Логоновская','','addr2','','admin','','Российская Федерация',176,'',22761,'','Доставка в пределах МКАД (бесплатно)','free.free','',0,'','','','101.0000',0,0,'0.0000',1,1,'RUB','1.00000000','::1','','Mozilla/5.0 (Windows NT 6.1; WOW64) AppleWebKit/535.11 (KHTML, like Gecko) Chrome/17.0.963.33 Safari/535.11','ru-RU,ru;q=0.8,en-US;q=0.6,en;q=0.4','2014-06-16 17:34:04','2014-06-16 17:34:04'),(29,0,'INV-2013-00',0,'florentinproject.com','http://localhost/florentinproject/',2,1,'алёна олеговна','Логоновская','mu-bro@mail.ru2','123123','','алёна олеговна','Логоновская','','','','addr2','','admin','','Российская Федерация',176,'',22761,'','Наличными курьеру','cod','',0,'алёна олеговна','Логоновская','','addr2','','admin','','Российская Федерация',176,'',22761,'','Доставка в пределах МКАД (бесплатно)','free.free','',0,'','','','101.0000',0,0,'0.0000',1,1,'RUB','1.00000000','::1','','Mozilla/5.0 (Windows NT 6.1; WOW64) AppleWebKit/535.11 (KHTML, like Gecko) Chrome/17.0.963.33 Safari/535.11','ru-RU,ru;q=0.8,en-US;q=0.6,en;q=0.4','2014-06-16 18:02:56','2014-06-16 18:02:56'),(30,0,'INV-2013-00',0,'florentinproject.com','http://localhost/florentinproject/',2,1,'алёна олеговна','Логоновская','mu-bro@mail.ru2','123123','','алёна олеговна','Логоновская','','','','addr2','','admin','','Российская Федерация',176,'',22761,'','Наличными курьеру','cod','',0,'алёна олеговна','Логоновская','','addr2','','admin','','Российская Федерация',176,'',22761,'','Доставка в пределах МКАД (бесплатно)','free.free','',0,'','','','101.0000',0,0,'0.0000',1,1,'RUB','1.00000000','::1','','Mozilla/5.0 (Windows NT 6.1; WOW64) AppleWebKit/535.11 (KHTML, like Gecko) Chrome/17.0.963.33 Safari/535.11','ru-RU,ru;q=0.8,en-US;q=0.6,en;q=0.4','2014-06-16 18:03:16','2014-06-16 18:03:16'),(31,0,'INV-2013-00',0,'florentinproject.com','http://localhost/florentinproject/',2,1,'алёна олеговна','Логоновская','mu-bro@mail.ru2','123123','','алёна олеговна','Логоновская','','','','addr2','','admin','','Российская Федерация',176,'',22761,'','Наличными курьеру','cod','',0,'алёна олеговна','Логоновская','','addr2','','admin','','Российская Федерация',176,'',22761,'','Доставка в пределах МКАД (бесплатно)','free.free','',0,'','','','101.0000',0,0,'0.0000',1,1,'RUB','1.00000000','::1','','Mozilla/5.0 (Windows NT 6.1; WOW64) AppleWebKit/535.11 (KHTML, like Gecko) Chrome/17.0.963.33 Safari/535.11','ru-RU,ru;q=0.8,en-US;q=0.6,en;q=0.4','2014-06-16 18:03:29','2014-06-16 18:03:29'),(32,0,'INV-2013-00',0,'florentinproject.com','http://localhost/florentinproject/',2,1,'алёна олеговна','Логоновская','mu-bro@mail.ru2','123123','','алёна олеговна','Логоновская','','','','addr2','','admin','','Российская Федерация',176,'',22761,'','Наличными курьеру','cod','',0,'алёна олеговна','Логоновская','','addr2','','admin','','Российская Федерация',176,'',22761,'','Доставка в пределах МКАД (бесплатно)','free.free','',0,'','','','101.0000',0,0,'0.0000',1,1,'RUB','1.00000000','::1','','Mozilla/5.0 (Windows NT 6.1; WOW64) AppleWebKit/535.11 (KHTML, like Gecko) Chrome/17.0.963.33 Safari/535.11','ru-RU,ru;q=0.8,en-US;q=0.6,en;q=0.4','2014-06-16 18:06:11','2014-06-16 18:06:11'),(33,0,'INV-2013-00',0,'florentinproject.com','http://localhost/florentinproject/',2,1,'алёна олеговна','Логоновская','mu-bro@mail.ru2','123123','','алёна олеговна','Логоновская','','','','addr2','','admin','','Российская Федерация',176,'',22761,'','Наличными курьеру','cod','',0,'алёна олеговна','Логоновская','','addr2','','admin','','Российская Федерация',176,'',22761,'','Доставка в пределах МКАД (бесплатно)','free.free','',0,'','','','101.0000',0,0,'0.0000',1,1,'RUB','1.00000000','::1','','Mozilla/5.0 (Windows NT 6.1; WOW64) AppleWebKit/535.11 (KHTML, like Gecko) Chrome/17.0.963.33 Safari/535.11','ru-RU,ru;q=0.8,en-US;q=0.6,en;q=0.4','2014-06-16 18:06:30','2014-06-16 18:06:30'),(34,0,'INV-2013-00',0,'florentinproject.com','http://localhost/florentinproject/',2,1,'алёна олеговна','Логоновская','mu-bro@mail.ru2','123123','','алёна олеговна','Логоновская','','','','addr2','','admin','','Российская Федерация',176,'',22761,'','Наличными курьеру','cod','',0,'алёна олеговна','Логоновская','','addr2','','admin','','Российская Федерация',176,'',22761,'','Доставка в пределах МКАД (бесплатно)','free.free','',0,'','','','101.0000',0,0,'0.0000',1,1,'RUB','1.00000000','::1','','Mozilla/5.0 (Windows NT 6.1; WOW64) AppleWebKit/535.11 (KHTML, like Gecko) Chrome/17.0.963.33 Safari/535.11','ru-RU,ru;q=0.8,en-US;q=0.6,en;q=0.4','2014-06-16 18:10:15','2014-06-16 18:10:15'),(35,0,'INV-2013-00',0,'florentinproject.com','http://localhost/florentinproject/',2,1,'алёна олеговна','Логоновская','mu-bro@mail.ru2','123123','','алёна олеговна','Логоновская','','','','addr2','','admin','','Российская Федерация',176,'',22761,'','Наличными курьеру','cod','',0,'алёна олеговна','Логоновская','','addr2','','admin','','Российская Федерация',176,'',22761,'','Доставка в пределах МКАД (бесплатно)','free.free','',0,'','','','101.0000',0,0,'0.0000',1,1,'RUB','1.00000000','::1','','Mozilla/5.0 (Windows NT 6.1; WOW64) AppleWebKit/535.11 (KHTML, like Gecko) Chrome/17.0.963.33 Safari/535.11','ru-RU,ru;q=0.8,en-US;q=0.6,en;q=0.4','2014-06-16 18:10:23','2014-06-16 18:10:23'),(36,0,'INV-2013-00',0,'florentinproject.com','http://localhost/florentinproject/',2,1,'алёна олеговна','Логоновская','mu-bro@mail.ru2','123123','','алёна олеговна','Логоновская','','','','addr2','','admin','','Российская Федерация',176,'',22761,'','Наличными курьеру','cod','',0,'алёна олеговна','Логоновская','','addr2','','admin','','Российская Федерация',176,'',22761,'','Доставка в пределах МКАД (бесплатно)','free.free','',0,'','','','101.0000',0,0,'0.0000',1,1,'RUB','1.00000000','::1','','Mozilla/5.0 (Windows NT 6.1; WOW64) AppleWebKit/535.11 (KHTML, like Gecko) Chrome/17.0.963.33 Safari/535.11','ru-RU,ru;q=0.8,en-US;q=0.6,en;q=0.4','2014-06-16 18:11:02','2014-06-16 18:11:02'),(37,0,'INV-2013-00',0,'florentinproject.com','http://localhost/florentinproject/',2,1,'алёна олеговна','Логоновская','mu-bro@mail.ru2','123123','','алёна олеговна','Логоновская','','','','addr2','','admin','','Российская Федерация',176,'',22761,'','Наличными курьеру','cod','',0,'алёна олеговна','Логоновская','','addr2','','admin','','Российская Федерация',176,'',22761,'','Доставка в пределах МКАД (бесплатно)','free.free','',0,'','','','101.0000',0,0,'0.0000',1,1,'RUB','1.00000000','::1','','Mozilla/5.0 (Windows NT 6.1; WOW64) AppleWebKit/535.11 (KHTML, like Gecko) Chrome/17.0.963.33 Safari/535.11','ru-RU,ru;q=0.8,en-US;q=0.6,en;q=0.4','2014-06-16 18:12:07','2014-06-16 18:12:07'),(38,0,'INV-2013-00',0,'florentinproject.com','http://localhost/florentinproject/',2,1,'алёна олеговна','Логоновская','mu-bro@mail.ru2','123123','','алёна олеговна','Логоновская','','','','addr2','','admin','','Российская Федерация',176,'',22761,'','Наличными курьеру','cod','',0,'алёна олеговна','Логоновская','','addr2','','admin','','Российская Федерация',176,'',22761,'','Доставка в пределах МКАД (бесплатно)','free.free','',0,'','','','101.0000',0,0,'0.0000',1,1,'RUB','1.00000000','::1','','Mozilla/5.0 (Windows NT 6.1; WOW64) AppleWebKit/535.11 (KHTML, like Gecko) Chrome/17.0.963.33 Safari/535.11','ru-RU,ru;q=0.8,en-US;q=0.6,en;q=0.4','2014-06-16 18:12:13','2014-06-16 18:12:13'),(39,0,'INV-2013-00',0,'florentinproject.com','http://localhost/florentinproject/',2,1,'алёна олеговна','Логоновская','mu-bro@mail.ru2','123123','','алёна олеговна','Логоновская','','','','addr2','','admin','','Российская Федерация',176,'',22761,'','Наличными курьеру','cod','',0,'алёна олеговна','Логоновская','','addr2','','admin','','Российская Федерация',176,'',22761,'','Доставка в пределах МКАД (бесплатно)','free.free','',0,'','','','202.0000',0,0,'0.0000',1,1,'RUB','1.00000000','::1','','Mozilla/5.0 (Windows NT 6.1; WOW64) AppleWebKit/535.11 (KHTML, like Gecko) Chrome/17.0.963.33 Safari/535.11','ru-RU,ru;q=0.8,en-US;q=0.6,en;q=0.4','2014-06-17 12:06:09','2014-06-17 12:06:09'),(40,0,'INV-2013-00',0,'florentinproject.com','http://localhost/florentinproject/',2,1,'алёна олеговна','Логоновская','mu-bro@mail.ru2','123123','','алёна олеговна','Логоновская','','','','addr2','','admin','','Российская Федерация',176,'',22761,'','Наличными курьеру','cod','',0,'алёна олеговна','Логоновская','','addr2','','admin','','Российская Федерация',176,'',22761,'','Доставка в пределах МКАД (бесплатно)','free.free','',0,'','','','202.0000',0,0,'0.0000',1,1,'RUB','1.00000000','::1','','Mozilla/5.0 (Windows NT 6.1; WOW64) AppleWebKit/535.11 (KHTML, like Gecko) Chrome/17.0.963.33 Safari/535.11','ru-RU,ru;q=0.8,en-US;q=0.6,en;q=0.4','2014-06-17 12:17:03','2014-06-17 12:17:03'),(41,0,'INV-2013-00',0,'florentinproject.com','http://localhost/florentinproject/',2,1,'алёна олеговна','Логоновская','mu-bro@mail.ru2','123123','','алёна олеговна','Логоновская','','','','addr2','','admin','','Российская Федерация',176,'',22761,'','Оплата Банковской картой','liqpay','',0,'алёна олеговна','Логоновская','','addr2','','admin','','Российская Федерация',176,'',22761,'','Доставка в пределах МКАД (бесплатно)','free.free','',0,'','','','202.0000',0,0,'0.0000',1,1,'RUB','1.00000000','::1','','Mozilla/5.0 (Windows NT 6.1; WOW64) AppleWebKit/535.11 (KHTML, like Gecko) Chrome/17.0.963.33 Safari/535.11','ru-RU,ru;q=0.8,en-US;q=0.6,en;q=0.4','2014-06-17 12:17:09','2014-06-17 12:17:09'),(42,0,'INV-2013-00',0,'florentinproject.com','http://localhost/florentinproject/',2,1,'алёна олеговна','Логоновская','mu-bro@mail.ru2','+7 (908) 476 8744','','алёна олеговна','Логоновская','','','','addr2','','admin','','Российская Федерация',176,'',22761,'','Наличными курьеру','cod','',0,'алёна олеговна','Логоновская','','addr2','','admin','','Российская Федерация',176,'',22761,'','Доставка в пределах МКАД (бесплатно)','free.free','',0,'','','','100.0000',1,0,'0.0000',1,1,'RUB','1.00000000','::1','','Mozilla/5.0 (Windows NT 6.1; WOW64) AppleWebKit/535.11 (KHTML, like Gecko) Chrome/17.0.963.33 Safari/535.11','ru-RU,ru;q=0.8,en-US;q=0.6,en;q=0.4','2014-06-19 13:34:47','2014-06-19 13:34:50'),(43,0,'INV-2013-00',0,'florentinproject.com','http://localhost/florentinproject/',2,1,'алёна олеговна','Логоновская','mu-bro@mail.ru2','+7 (908) 476 8744','','алёна олеговна','Логоновская','','','','addr2','','admin','','Российская Федерация',176,'',22761,'','Наличными курьеру','cod','',0,'алёна олеговна','Логоновская','','addr2','','admin','','Российская Федерация',176,'',22761,'','Доставка в пределах МКАД (бесплатно)','free.free','',0,'','','','100.0000',5,0,'0.0000',1,1,'RUB','1.00000000','::1','','Mozilla/5.0 (Windows NT 6.1; WOW64) AppleWebKit/535.11 (KHTML, like Gecko) Chrome/17.0.963.33 Safari/535.11','ru-RU,ru;q=0.8,en-US;q=0.6,en;q=0.4','2014-06-19 13:44:17','2014-06-19 14:17:49'),(44,0,'INV-2013-00',0,'florentinproject.com','http://localhost/florentinproject/',0,1,'123123','','ilya.artamonov@b-leader.ru','234234','','123123','','','','','test','','','','Российская Федерация',176,'Москва',2761,'','Оплата Банковской картой','liqpay','',0,'','','','','','','','Российская Федерация',176,'Москва',2761,'','Доставка в пределах МКАД (бесплатно)','free.free','',0,'','','','303.0000',0,0,'0.0000',1,1,'RUB','1.00000000','::1','','Mozilla/5.0 (Windows NT 6.1; WOW64) AppleWebKit/535.11 (KHTML, like Gecko) Chrome/17.0.963.33 Safari/535.11','ru-RU,ru;q=0.8,en-US;q=0.6,en;q=0.4','2014-06-23 17:29:14','2014-06-23 17:29:14'),(45,0,'INV-2013-00',0,'florentinproject.com','http://localhost/florentinproject/',0,1,'123123','','ilya.artamonov@b-leader.ru','234234','','123123','','','','','test','','','','Российская Федерация',176,'Москва',2761,'','Оплата Банковской картой','liqpay','',0,'','','','','','','','Российская Федерация',176,'Москва',2761,'','Доставка в пределах МКАД (бесплатно)','free.free','',0,'','','','303.0000',0,0,'0.0000',1,1,'RUB','1.00000000','::1','','Mozilla/5.0 (Windows NT 6.1; WOW64) AppleWebKit/535.11 (KHTML, like Gecko) Chrome/17.0.963.33 Safari/535.11','ru-RU,ru;q=0.8,en-US;q=0.6,en;q=0.4','2014-06-23 17:44:32','2014-06-23 17:44:32'),(46,0,'INV-2013-00',0,'florentinproject.com','http://localhost/florentinproject/',0,1,'123123','','ilya.artamonov@b-leader.ru','234234','','123123','','','','','test','','','','Российская Федерация',176,'Москва',2761,'','Оплата Банковской картой','liqpay','',0,'','','','','','','','',0,'',0,'','','','',0,'','','','303.0000',0,0,'0.0000',1,1,'RUB','1.00000000','::1','','Mozilla/5.0 (Windows NT 6.1; WOW64) AppleWebKit/535.11 (KHTML, like Gecko) Chrome/17.0.963.33 Safari/535.11','ru-RU,ru;q=0.8,en-US;q=0.6,en;q=0.4','2014-06-23 17:49:20','2014-06-23 17:49:20'),(47,0,'INV-2013-00',0,'florentinproject.com','http://localhost/florentinproject/',0,1,'123123','','ilya.artamonov@b-leader.ru','234234','','123123','','','','','test','','','','Российская Федерация',176,'Москва',2761,'','Наличными курьеру','cod','',0,'','','','','','','','',0,'',0,'','','','',0,'','','','303.0000',2,0,'0.0000',1,1,'RUB','1.00000000','::1','','Mozilla/5.0 (Windows NT 6.1; WOW64) AppleWebKit/535.11 (KHTML, like Gecko) Chrome/17.0.963.33 Safari/535.11','ru-RU,ru;q=0.8,en-US;q=0.6,en;q=0.4','2014-06-23 17:50:13','2014-06-23 17:53:32'),(48,0,'INV-2013-00',0,'florentinproject.com','http://localhost/florentinproject/',0,1,'qwessd','','ilya.artamonov@b-leader.ru','123','','qwessd','','','','','test','','','','Российская Федерация',176,'Москва',2761,'','Оплата Банковской картой','liqpay','',0,'','','','','','','','',0,'',0,'','','','',0,'','','','101.0000',0,0,'0.0000',1,1,'RUB','1.00000000','::1','','Mozilla/5.0 (Windows NT 6.1; WOW64) AppleWebKit/535.11 (KHTML, like Gecko) Chrome/17.0.963.33 Safari/535.11','ru-RU,ru;q=0.8,en-US;q=0.6,en;q=0.4','2014-06-23 18:15:12','2014-06-23 18:15:12'),(49,0,'INV-2013-00',0,'florentinproject.com','http://localhost/florentinproject/',0,1,'qwessd','','ilya.artamonov@b-leader.ru','123','','qwessd','','','','','test','','','','Российская Федерация',176,'Москва',2761,'','Наличными курьеру','cod','',0,'','','','','','','','',0,'',0,'','','','',0,'','','','101.0000',0,0,'0.0000',1,1,'RUB','1.00000000','::1','','Mozilla/5.0 (Windows NT 6.1; WOW64) AppleWebKit/535.11 (KHTML, like Gecko) Chrome/17.0.963.33 Safari/535.11','ru-RU,ru;q=0.8,en-US;q=0.6,en;q=0.4','2014-06-23 18:50:26','2014-06-23 18:50:26'),(50,0,'INV-2013-00',0,'florentinproject.com','http://localhost/florentinproject/',0,1,'qwessd','','ilya.artamonov@b-leader.ru','123','','qwessd','','','','','test','','','','Российская Федерация',176,'Москва',2761,'','Наличными курьеру','cod','',0,'','','','','','','','',0,'',0,'','','','',0,'','','','101.0000',0,0,'0.0000',1,1,'RUB','1.00000000','::1','','Mozilla/5.0 (Windows NT 6.1; WOW64) AppleWebKit/535.11 (KHTML, like Gecko) Chrome/17.0.963.33 Safari/535.11','ru-RU,ru;q=0.8,en-US;q=0.6,en;q=0.4','2014-06-23 18:51:48','2014-06-23 18:51:48'),(51,0,'INV-2013-00',0,'florentinproject.com','http://localhost/florentinproject/',0,1,'qwessd','','ilya.artamonov@b-leader.ru','123','','qwessd','','','','','test','','','','Российская Федерация',176,'Москва',2761,'','Наличными курьеру','cod','',0,'','','','','','','','',0,'',0,'','','','',0,'','','','101.0000',0,0,'0.0000',1,1,'RUB','1.00000000','::1','','Mozilla/5.0 (Windows NT 6.1; WOW64) AppleWebKit/535.11 (KHTML, like Gecko) Chrome/17.0.963.33 Safari/535.11','ru-RU,ru;q=0.8,en-US;q=0.6,en;q=0.4','2014-06-23 18:55:07','2014-06-23 18:55:07'),(52,0,'INV-2013-00',0,'florentinproject.com','http://localhost/florentinproject/',0,1,'qwessd','','ilya.artamonov@b-leader.ru','123','','qwessd','','','','','test','','','','Российская Федерация',176,'Москва',2761,'','Наличными курьеру','cod','',0,'','','','','','','','',0,'',0,'','','','',0,'','','','101.0000',0,0,'0.0000',1,1,'RUB','1.00000000','::1','','Mozilla/5.0 (Windows NT 6.1; WOW64) AppleWebKit/535.11 (KHTML, like Gecko) Chrome/17.0.963.33 Safari/535.11','ru-RU,ru;q=0.8,en-US;q=0.6,en;q=0.4','2014-06-23 19:12:00','2014-06-23 19:12:00'),(53,0,'INV-2013-00',0,'florentinproject.com','http://localhost/florentinproject/',0,1,'qwessd','','ilya.artamonov@b-leader.ru','123','','qwessd','','','','','test','','','','Российская Федерация',176,'Москва',2761,'','Наличными курьеру','cod','',0,'','','','','','','','',0,'',0,'','','','',0,'','','','101.0000',0,0,'0.0000',1,1,'RUB','1.00000000','::1','','Mozilla/5.0 (Windows NT 6.1; WOW64) AppleWebKit/535.11 (KHTML, like Gecko) Chrome/17.0.963.33 Safari/535.11','ru-RU,ru;q=0.8,en-US;q=0.6,en;q=0.4','2014-06-23 19:12:51','2014-06-23 19:12:51'),(54,0,'INV-2013-00',0,'florentinproject.com','http://localhost/florentinproject/',0,1,'qwessd','','ilya.artamonov@b-leader.ru','123','','qwessd','','','','','test','','','','Российская Федерация',176,'Москва',2761,'','Наличными курьеру','cod','',0,'','','','','','','','',0,'',0,'','','','',0,'','','','101.0000',0,0,'0.0000',1,1,'RUB','1.00000000','::1','','Mozilla/5.0 (Windows NT 6.1; WOW64) AppleWebKit/535.11 (KHTML, like Gecko) Chrome/17.0.963.33 Safari/535.11','ru-RU,ru;q=0.8,en-US;q=0.6,en;q=0.4','2014-06-23 19:13:04','2014-06-23 19:13:04'),(55,0,'INV-2013-00',0,'florentinproject.com','http://localhost/florentinproject/',0,1,'qwessd','','ilya.artamonov@b-leader.ru','123','','qwessd','','','','','test','','','','Российская Федерация',176,'Москва',2761,'','Наличными курьеру','cod','',0,'','','','','','','','',0,'',0,'','','','',0,'','','','101.0000',2,0,'0.0000',1,1,'RUB','1.00000000','::1','','Mozilla/5.0 (Windows NT 6.1; WOW64) AppleWebKit/535.11 (KHTML, like Gecko) Chrome/17.0.963.33 Safari/535.11','ru-RU,ru;q=0.8,en-US;q=0.6,en;q=0.4','2014-06-23 19:14:21','2014-06-23 19:14:35'),(56,0,'INV-2013-00',0,'florentinproject.com','http://localhost/florentinproject/',0,1,'tes t2 ','','ilya.artamonov@b-leader.ru','234','','tes t2 ','','','','','test addr','','','','Российская Федерация',176,'Москва',2761,'','Наличными курьеру','cod','',0,'','','','','','','','',0,'',0,'','','','',0,'','','','101.0000',0,0,'0.0000',1,1,'RUB','1.00000000','::1','','Mozilla/5.0 (Windows NT 6.1; WOW64) AppleWebKit/535.11 (KHTML, like Gecko) Chrome/17.0.963.33 Safari/535.11','ru-RU,ru;q=0.8,en-US;q=0.6,en;q=0.4','2014-06-23 19:17:32','2014-06-23 19:17:32'),(57,0,'INV-2013-00',0,'florentinproject.com','http://localhost/florentinproject/',0,1,'tes t2 ','','ilya.artamonov@b-leader.ru','234','','tes t2 ','','','','','test addr','','','','Российская Федерация',176,'Москва',2761,'','Наличными курьеру','cod','',0,'','','','','','','','',0,'',0,'','','','',0,'','','','101.0000',0,0,'0.0000',1,1,'RUB','1.00000000','::1','','Mozilla/5.0 (Windows NT 6.1; WOW64) AppleWebKit/535.11 (KHTML, like Gecko) Chrome/17.0.963.33 Safari/535.11','ru-RU,ru;q=0.8,en-US;q=0.6,en;q=0.4','2014-06-23 19:17:47','2014-06-23 19:17:47'),(58,0,'INV-2013-00',0,'florentinproject.com','http://localhost/florentinproject/',0,1,'tes t2 ','','ilya.artamonov@b-leader.ru','234','','tes t2 ','','','','','test addr','','','','Российская Федерация',176,'Москва',2761,'','Наличными курьеру','cod','28.06.2014 04:00',1,'','','','','','','','',0,'',0,'','','','',0,'','','','101.0000',0,0,'0.0000',1,1,'RUB','1.00000000','::1','','Mozilla/5.0 (Windows NT 6.1; WOW64) AppleWebKit/535.11 (KHTML, like Gecko) Chrome/17.0.963.33 Safari/535.11','ru-RU,ru;q=0.8,en-US;q=0.6,en;q=0.4','2014-06-23 19:20:32','2014-06-23 19:20:32'),(59,0,'INV-2013-00',0,'florentinproject.com','http://localhost/florentinproject/',0,1,'tes t2 ','','ilya.artamonov@b-leader.ru','234','','tes t2 ','','','','','test addr','','','','Российская Федерация',176,'Москва',2761,'','Наличными курьеру','cod','28.06.2014 04:00',1,'','','','','','','','',0,'',0,'','','','',0,'','','','101.0000',2,0,'0.0000',1,1,'RUB','1.00000000','::1','','Mozilla/5.0 (Windows NT 6.1; WOW64) AppleWebKit/535.11 (KHTML, like Gecko) Chrome/17.0.963.33 Safari/535.11','ru-RU,ru;q=0.8,en-US;q=0.6,en;q=0.4','2014-06-23 19:21:22','2014-06-23 19:21:25'),(60,0,'INV-2013-00',0,'florentinproject.com','http://localhost/florentinproject/',0,1,'ilya','','ilya.artamonov@b-leader.ru','qweqeqweqe','','ilya','','','','','','','','','Российская Федерация',176,'Москва',2761,'','Оплата Банковской картой','liqpay','',0,'alena','','','addr2','','','','Российская Федерация',176,'Москва',2761,'','Доставка в пределах МКАД (бесплатно)','free.free','',0,'','','','101.0000',0,0,'0.0000',1,1,'RUB','1.00000000','::1','','Mozilla/5.0 (Windows NT 6.1; WOW64) AppleWebKit/535.11 (KHTML, like Gecko) Chrome/17.0.963.33 Safari/535.11','ru-RU,ru;q=0.8,en-US;q=0.6,en;q=0.4','2014-06-23 20:08:47','2014-06-23 20:08:47'),(61,0,'INV-2013-00',0,'florentinproject.com','http://localhost/florentinproject/',0,1,'ilya','','ilya.artamonov@b-leader.ru','qweqeqweqe','','ilya','','','','','','','','','Российская Федерация',176,'Москва',2761,'','Оплата Банковской картой','liqpay','',0,'alena','','','addr2','','','','Российская Федерация',176,'Москва',2761,'','Доставка в пределах МКАД (бесплатно)','free.free','23.06.2014 05:00',0,'','','','101.0000',0,0,'0.0000',1,1,'RUB','1.00000000','::1','','Mozilla/5.0 (Windows NT 6.1; WOW64) AppleWebKit/535.11 (KHTML, like Gecko) Chrome/17.0.963.33 Safari/535.11','ru-RU,ru;q=0.8,en-US;q=0.6,en;q=0.4','2014-06-23 20:35:14','2014-06-23 20:35:14'),(62,0,'INV-2013-00',0,'florentinproject.com','http://localhost/florentinproject/',0,1,'ilya','','ilya.artamonov@b-leader.ru','qweqeqweqe','','ilya','','','','','','','','','Российская Федерация',176,'Москва',2761,'','Оплата Банковской картой','liqpay','',0,'alena','','','addr2','','','','Российская Федерация',176,'Москва',2761,'','Доставка в пределах МКАД (бесплатно)','free.free','23.06.2014 05:00',0,'','','','101.0000',0,0,'0.0000',1,1,'RUB','1.00000000','::1','','Mozilla/5.0 (Windows NT 6.1; WOW64) AppleWebKit/535.11 (KHTML, like Gecko) Chrome/17.0.963.33 Safari/535.11','ru-RU,ru;q=0.8,en-US;q=0.6,en;q=0.4','2014-06-23 20:35:31','2014-06-23 20:35:31'),(63,0,'INV-2013-00',0,'florentinproject.com','http://localhost/florentinproject/',0,1,'ilya','','ilya.artamonov@b-leader.ru','qweqeqweqe','','ilya','','','','','','','','','Российская Федерация',176,'Москва',2761,'','Оплата Банковской картой','liqpay','',0,'alena','','','addr2','','','','Российская Федерация',176,'Москва',2761,'','Доставка в пределах МКАД (бесплатно)','free.free','23.06.2014 05:00',0,'','','','101.0000',0,0,'0.0000',1,1,'RUB','1.00000000','::1','','Mozilla/5.0 (Windows NT 6.1; WOW64) AppleWebKit/535.11 (KHTML, like Gecko) Chrome/17.0.963.33 Safari/535.11','ru-RU,ru;q=0.8,en-US;q=0.6,en;q=0.4','2014-06-23 20:39:53','2014-06-23 20:39:53'),(64,0,'INV-2013-00',0,'florentinproject.com','http://localhost/florentinproject/',0,1,'ilya','','ilya.artamonov@b-leader.ru','qweqeqweqe','','ilya','','','','','','','','','Российская Федерация',176,'Москва',2761,'','Оплата Банковской картой','liqpay','',0,'alena','','','addr2','','','','Российская Федерация',176,'Москва',2761,'','Доставка в пределах МКАД (бесплатно)','free.free','23.06.2014 05:00',0,'','','','101.0000',0,0,'0.0000',1,1,'RUB','1.00000000','::1','','Mozilla/5.0 (Windows NT 6.1; WOW64) AppleWebKit/535.11 (KHTML, like Gecko) Chrome/17.0.963.33 Safari/535.11','ru-RU,ru;q=0.8,en-US;q=0.6,en;q=0.4','2014-06-23 20:41:11','2014-06-23 20:41:11'),(65,0,'INV-2013-00',0,'florentinproject.com','http://localhost/florentinproject/',0,1,'ilya','','ilya.artamonov@b-leader.ru','qweqeqweqe','','ilya','','','','','','','','','Российская Федерация',176,'Москва',2761,'','Оплата Банковской картой','liqpay','',0,'alena','','','addr2','','','','Российская Федерация',176,'Москва',2761,'','Доставка в пределах МКАД (бесплатно)','free.free','23.06.2014 05:00',0,'','','','101.0000',0,0,'0.0000',1,1,'RUB','1.00000000','::1','','Mozilla/5.0 (Windows NT 6.1; WOW64) AppleWebKit/535.11 (KHTML, like Gecko) Chrome/17.0.963.33 Safari/535.11','ru-RU,ru;q=0.8,en-US;q=0.6,en;q=0.4','2014-06-23 20:42:09','2014-06-23 20:42:09'),(66,0,'INV-2013-00',0,'florentinproject.com','http://localhost/florentinproject/',0,1,'illya','','ilaer.wer@sd.fr','123123','','illya','','','','','','','','','Российская Федерация',176,'Москва',2761,'','Оплата Банковской картой','liqpay','',0,'alea','','','addr2','','','','Российская Федерация',176,'Москва',2761,'','Доставка в пределах МКАД (бесплатно)','free.free','23.06.2014 04:00',0,'','','','101.0000',0,0,'0.0000',1,1,'RUB','1.00000000','::1','','Mozilla/5.0 (Windows NT 6.1; WOW64) AppleWebKit/535.11 (KHTML, like Gecko) Chrome/17.0.963.33 Safari/535.11','ru-RU,ru;q=0.8,en-US;q=0.6,en;q=0.4','2014-06-23 21:13:26','2014-06-23 21:13:26'),(67,0,'INV-2013-00',0,'florentinproject.com','http://localhost/florentinproject/',0,1,'illya','','ilaer.wer@sd.fr','123123','','illya','','','','','','','','','Российская Федерация',176,'Москва',2761,'','Оплата Банковской картой','liqpay','',0,'alea','','','addr2','','','','Российская Федерация',176,'Москва',2761,'','Доставка в пределах МКАД (бесплатно)','free.free','23.06.2014 04:00',0,'','','','101.0000',0,0,'0.0000',1,1,'RUB','1.00000000','::1','','Mozilla/5.0 (Windows NT 6.1; WOW64) AppleWebKit/535.11 (KHTML, like Gecko) Chrome/17.0.963.33 Safari/535.11','ru-RU,ru;q=0.8,en-US;q=0.6,en;q=0.4','2014-06-23 21:13:53','2014-06-23 21:13:53'),(68,0,'INV-2013-00',0,'florentinproject.com','http://localhost/florentinproject/',0,1,'illya','','ilaer.wer@sd.fr','123123','','illya','','','','','','','','','Российская Федерация',176,'Москва',2761,'','Оплата Банковской картой','liqpay','',0,'alea','','','addr2','','','','Российская Федерация',176,'Москва',2761,'','Доставка в пределах МКАД (бесплатно)','free.free','23.06.2014 04:00',0,'','','','101.0000',0,0,'0.0000',1,1,'RUB','1.00000000','::1','','Mozilla/5.0 (Windows NT 6.1; WOW64) AppleWebKit/535.11 (KHTML, like Gecko) Chrome/17.0.963.33 Safari/535.11','ru-RU,ru;q=0.8,en-US;q=0.6,en;q=0.4','2014-06-23 21:14:24','2014-06-23 21:14:24'),(69,0,'INV-2013-00',0,'florentinproject.com','http://localhost/florentinproject/',0,1,'illya','','ilaer.wer@sd.fr','123123','','illya','','','','','','','','','Российская Федерация',176,'Москва',2761,'','Оплата Банковской картой','liqpay','',0,'alea','','','addr2','','','','Российская Федерация',176,'Москва',2761,'','Доставка в пределах МКАД (бесплатно)','free.free','23.06.2014 05:00',0,'','','','101.0000',0,0,'0.0000',1,1,'RUB','1.00000000','::1','','Mozilla/5.0 (Windows NT 6.1; WOW64) AppleWebKit/535.11 (KHTML, like Gecko) Chrome/17.0.963.33 Safari/535.11','ru-RU,ru;q=0.8,en-US;q=0.6,en;q=0.4','2014-06-23 21:24:43','2014-06-23 21:24:43'),(70,0,'INV-2013-00',0,'florentinproject.com','http://localhost/florentinproject/',0,1,'illya','','ilaer.wer@sd.fr','123123','','illya','','','','','','','','','Российская Федерация',176,'Москва',2761,'','Оплата Банковской картой','liqpay','',0,'alea','','','addr2','','','','Российская Федерация',176,'Москва',2761,'','Доставка в пределах МКАД (бесплатно)','free.free','23.06.2014 05:00',0,'','','','101.0000',0,0,'0.0000',1,1,'RUB','1.00000000','::1','','Mozilla/5.0 (Windows NT 6.1; WOW64) AppleWebKit/535.11 (KHTML, like Gecko) Chrome/17.0.963.33 Safari/535.11','ru-RU,ru;q=0.8,en-US;q=0.6,en;q=0.4','2014-06-23 21:26:45','2014-06-23 21:26:45'),(71,0,'INV-2013-00',0,'florentinproject.com','http://localhost/florentinproject/',0,1,'illya','','ilaer.wer@sd.fr','123123','','illya','','','','','','','','','Российская Федерация',176,'Москва',2761,'','Оплата Банковской картой','liqpay','',0,'alea','','','addr2','','','','Российская Федерация',176,'Москва',2761,'','Доставка в пределах МКАД (бесплатно)','free.free','23.06.2014 05:00',0,'','','','101.0000',0,0,'0.0000',1,1,'RUB','1.00000000','::1','','Mozilla/5.0 (Windows NT 6.1; WOW64) AppleWebKit/535.11 (KHTML, like Gecko) Chrome/17.0.963.33 Safari/535.11','ru-RU,ru;q=0.8,en-US;q=0.6,en;q=0.4','2014-06-23 21:27:09','2014-06-23 21:27:09'),(72,0,'INV-2013-00',0,'florentinproject.com','http://localhost/florentinproject/',0,1,'illya','','ilaer.wer@sd.fr','123123','','illya','','','','','','','','','Российская Федерация',176,'Москва',2761,'','Оплата Банковской картой','liqpay','',0,'alea','','','addr2','','','','Российская Федерация',176,'Москва',2761,'','Доставка в пределах МКАД (бесплатно)','free.free','23.06.2014 05:00',0,'','','','101.0000',0,0,'0.0000',1,1,'RUB','1.00000000','::1','','Mozilla/5.0 (Windows NT 6.1; WOW64) AppleWebKit/535.11 (KHTML, like Gecko) Chrome/17.0.963.33 Safari/535.11','ru-RU,ru;q=0.8,en-US;q=0.6,en;q=0.4','2014-06-23 21:27:40','2014-06-23 21:27:40'),(73,0,'INV-2013-00',0,'florentinproject.com','http://localhost/florentinproject/',0,1,'illya','','ilaer.wer@sd.fr','123123','','illya','','','','','','','','','Российская Федерация',176,'Москва',2761,'','Оплата Банковской картой','liqpay','',0,'alea','','','addr2','','','','Российская Федерация',176,'Москва',2761,'','Доставка в пределах МКАД (бесплатно)','free.free','23.06.2014 05:00',0,'','','','101.0000',0,0,'0.0000',1,1,'RUB','1.00000000','::1','','Mozilla/5.0 (Windows NT 6.1; WOW64) AppleWebKit/535.11 (KHTML, like Gecko) Chrome/17.0.963.33 Safari/535.11','ru-RU,ru;q=0.8,en-US;q=0.6,en;q=0.4','2014-06-23 21:28:08','2014-06-23 21:28:08'),(74,0,'INV-2013-00',0,'florentinproject.com','http://localhost/florentinproject/',0,1,'illya','','ilaer.wer@sd.fr','123123','','illya','','','','','','','','','Российская Федерация',176,'Москва',2761,'','Оплата Банковской картой','liqpay','',0,'alea','','','addr2','','','','Российская Федерация',176,'Москва',2761,'','Доставка в пределах МКАД (бесплатно)','free.free','23.06.2014 05:00',0,'','','','101.0000',0,0,'0.0000',1,1,'RUB','1.00000000','::1','','Mozilla/5.0 (Windows NT 6.1; WOW64) AppleWebKit/535.11 (KHTML, like Gecko) Chrome/17.0.963.33 Safari/535.11','ru-RU,ru;q=0.8,en-US;q=0.6,en;q=0.4','2014-06-23 21:29:14','2014-06-23 21:29:14'),(75,0,'INV-2013-00',0,'florentinproject.com','http://localhost/florentinproject/',0,1,'illya','','ilaer.wer@sd.fr','123123','','illya','','','','','','','','','Российская Федерация',176,'Москва',2761,'','Оплата Банковской картой','liqpay','',0,'alea','','','addr2','','','','Российская Федерация',176,'Москва',2761,'','Доставка в пределах МКАД (бесплатно)','free.free','23.06.2014 05:00',0,'','','','101.0000',0,0,'0.0000',1,1,'RUB','1.00000000','::1','','Mozilla/5.0 (Windows NT 6.1; WOW64) AppleWebKit/535.11 (KHTML, like Gecko) Chrome/17.0.963.33 Safari/535.11','ru-RU,ru;q=0.8,en-US;q=0.6,en;q=0.4','2014-06-23 21:30:00','2014-06-23 21:30:00'),(76,0,'INV-2013-00',0,'florentinproject.com','http://localhost/florentinproject/',0,1,'illya','','ilaer.wer@sd.fr','123123','','illya','','','','','','','','','Российская Федерация',176,'Москва',2761,'','Оплата Банковской картой','liqpay','',0,'alea','','','addr2','','','','Российская Федерация',176,'Москва',2761,'','Доставка в пределах МКАД (бесплатно)','free.free','23.06.2014 05:00',0,'','','','101.0000',0,0,'0.0000',1,1,'RUB','1.00000000','::1','','Mozilla/5.0 (Windows NT 6.1; WOW64) AppleWebKit/535.11 (KHTML, like Gecko) Chrome/17.0.963.33 Safari/535.11','ru-RU,ru;q=0.8,en-US;q=0.6,en;q=0.4','2014-06-23 21:30:22','2014-06-23 21:30:22'),(77,0,'INV-2013-00',0,'florentinproject.com','http://localhost/florentinproject/',0,1,'illya','','ilaer.wer@sd.fr','123123','','illya','','','','','','','','','Российская Федерация',176,'Москва',2761,'','Оплата Банковской картой','liqpay','',0,'alea','','','addr2','','','','Российская Федерация',176,'Москва',2761,'','Доставка в пределах МКАД (бесплатно)','free.free','23.06.2014 05:00',0,'','','','101.0000',0,0,'0.0000',1,1,'RUB','1.00000000','::1','','Mozilla/5.0 (Windows NT 6.1; WOW64) AppleWebKit/535.11 (KHTML, like Gecko) Chrome/17.0.963.33 Safari/535.11','ru-RU,ru;q=0.8,en-US;q=0.6,en;q=0.4','2014-06-23 21:30:41','2014-06-23 21:30:41'),(78,0,'INV-2013-00',0,'florentinproject.com','http://localhost/florentinproject/',0,1,'illya','','ilaer.wer@sd.fr','123123','','illya','','','','','','','','','Российская Федерация',176,'Москва',2761,'','Оплата Банковской картой','liqpay','',0,'alea','','','addr2','','','','Российская Федерация',176,'Москва',2761,'','Доставка в пределах МКАД (бесплатно)','free.free','23.06.2014 05:00',0,'','','','101.0000',0,0,'0.0000',1,1,'RUB','1.00000000','::1','','Mozilla/5.0 (Windows NT 6.1; WOW64) AppleWebKit/535.11 (KHTML, like Gecko) Chrome/17.0.963.33 Safari/535.11','ru-RU,ru;q=0.8,en-US;q=0.6,en;q=0.4','2014-06-23 21:31:13','2014-06-23 21:31:13'),(79,0,'INV-2013-00',0,'florentinproject.com','http://localhost/florentinproject/',0,1,'illya','','ilaer.wer@sd.fr','123123','','illya','','','','','','','','','Российская Федерация',176,'Москва',2761,'','Наличными курьеру','cod','',0,'alea','','','addr2','','','','Российская Федерация',176,'Москва',2761,'','Доставка в пределах МКАД (бесплатно)','free.free','23.06.2014 05:00',0,'','','','101.0000',2,0,'0.0000',1,1,'RUB','1.00000000','::1','','Mozilla/5.0 (Windows NT 6.1; WOW64) AppleWebKit/535.11 (KHTML, like Gecko) Chrome/17.0.963.33 Safari/535.11','ru-RU,ru;q=0.8,en-US;q=0.6,en;q=0.4','2014-06-23 21:33:02','2014-06-23 21:33:06'),(80,0,'INV-2013-00',0,'florentinproject.com','http://localhost/florentinproject/',0,1,'иля','','ilya.artamonov@b-leader.ru','123','','иля','','','','','','','','','Российская Федерация',176,'Москва',2761,'','Оплата Банковской картой','liqpay','',0,'alena','','','addre2','','','','Российская Федерация',176,'Москва',2761,'','Доставка в пределах МКАД (бесплатно)','free.free','23.06.2014 04:00',0,'123','','','101.0000',0,0,'0.0000',1,1,'RUB','1.00000000','::1','','Mozilla/5.0 (Windows NT 6.1; WOW64) AppleWebKit/535.11 (KHTML, like Gecko) Chrome/17.0.963.33 Safari/535.11','ru-RU,ru;q=0.8,en-US;q=0.6,en;q=0.4','2014-06-23 21:44:53','2014-06-23 21:44:53'),(81,0,'INV-2013-00',0,'florentinproject.com','http://localhost/florentinproject/',0,1,'иля','','ilya.artamonov@b-leader.ru','123','','иля','','','','','','','','','Российская Федерация',176,'Москва',2761,'','Оплата Банковской картой','liqpay','',0,'alena','','','addre2','','','','Российская Федерация',176,'Москва',2761,'','Доставка в пределах МКАД (бесплатно)','free.free','23.06.2014 04:00',0,'123','','','101.0000',0,0,'0.0000',1,1,'RUB','1.00000000','::1','','Mozilla/5.0 (Windows NT 6.1; WOW64) AppleWebKit/535.11 (KHTML, like Gecko) Chrome/17.0.963.33 Safari/535.11','ru-RU,ru;q=0.8,en-US;q=0.6,en;q=0.4','2014-06-23 21:44:56','2014-06-23 21:44:56'),(82,0,'INV-2013-00',0,'florentinproject.com','http://localhost/florentinproject/',0,1,'иля','','ilya.artamonov@b-leader.ru','123','','иля','','','','','','','','','Российская Федерация',176,'Москва',2761,'','Оплата Банковской картой','liqpay','',0,'alena','','','addre2','','','','Российская Федерация',176,'Москва',2761,'','Доставка в пределах МКАД (бесплатно)','free.free','23.06.2014 04:00',0,'123','','','101.0000',0,0,'0.0000',1,1,'RUB','1.00000000','::1','','Mozilla/5.0 (Windows NT 6.1; WOW64) AppleWebKit/535.11 (KHTML, like Gecko) Chrome/17.0.963.33 Safari/535.11','ru-RU,ru;q=0.8,en-US;q=0.6,en;q=0.4','2014-06-23 21:45:02','2014-06-23 21:45:02'),(83,0,'INV-2013-00',0,'florentinproject.com','http://localhost/florentinproject/',0,1,'иля','','ilya.artamonov@b-leader.ru','123','','иля','','','','','','','','','Российская Федерация',176,'Москва',2761,'','Оплата Банковской картой','liqpay','',0,'alena','','','addre2','','','','Российская Федерация',176,'Москва',2761,'','Доставка в пределах МКАД (бесплатно)','free.free','23.06.2014 04:00',1,'123','','','101.0000',0,0,'0.0000',1,1,'RUB','1.00000000','::1','','Mozilla/5.0 (Windows NT 6.1; WOW64) AppleWebKit/535.11 (KHTML, like Gecko) Chrome/17.0.963.33 Safari/535.11','ru-RU,ru;q=0.8,en-US;q=0.6,en;q=0.4','2014-06-23 21:45:16','2014-06-23 21:45:16'),(84,0,'INV-2013-00',0,'florentinproject.com','http://localhost/florentinproject/',0,1,'иля','','ilya.artamonov@b-leader.ru','123','','иля','','','','','','','','','Российская Федерация',176,'Москва',2761,'','Наличными курьеру','cod','',0,'alena','','','addre2','','','','Российская Федерация',176,'Москва',2761,'','Доставка в пределах МКАД (бесплатно)','free.free','23.06.2014 04:00',1,'123','','','101.0000',2,0,'0.0000',1,1,'RUB','1.00000000','::1','','Mozilla/5.0 (Windows NT 6.1; WOW64) AppleWebKit/535.11 (KHTML, like Gecko) Chrome/17.0.963.33 Safari/535.11','ru-RU,ru;q=0.8,en-US;q=0.6,en;q=0.4','2014-06-23 21:45:27','2014-06-23 21:45:28'),(85,0,'INV-2013-00',0,'florentinproject.com','http://localhost/florentinproject/',5,1,'ewr','','ilya.artamonov@b-leader.ru','sdf','','ewr','','','','','','','','','Российская Федерация',176,'Москва',2761,'','Оплата Банковской картой','liqpay','',0,'','','','','','','','',0,'',0,'','','','',0,'','','','101.0000',0,0,'0.0000',1,1,'RUB','1.00000000','::1','','Mozilla/5.0 (Windows NT 6.1; WOW64) AppleWebKit/535.11 (KHTML, like Gecko) Chrome/17.0.963.33 Safari/535.11','ru-RU,ru;q=0.8,en-US;q=0.6,en;q=0.4','2014-06-23 22:20:04','2014-06-23 22:20:04'),(86,0,'INV-2013-00',0,'florentinproject.com','http://localhost/florentinproject/',8,1,'sdsdf','','ilya.artamonov@b-leader.ru','sdfsdf','','sdsdf','','','','','sdfsf','','','','Российская Федерация',176,'Москва',2761,'','Оплата Банковской картой','liqpay','25.06.2014 22:13',0,'','','','','','','','',0,'',0,'','','','',0,'','','','101.0000',0,0,'0.0000',1,1,'RUB','1.00000000','::1','','Mozilla/5.0 (Windows NT 6.1; WOW64) AppleWebKit/535.11 (KHTML, like Gecko) Chrome/17.0.963.33 Safari/535.11','ru-RU,ru;q=0.8,en-US;q=0.6,en;q=0.4','2014-06-23 22:31:12','2014-06-23 22:31:12'),(87,0,'INV-2013-00',0,'florentinproject.com','http://localhost/florentinproject/',9,1,'awdasd','','ilya.artamonov@b-leader.ru','qweqw','','awdasd','','','','','qweqwe','','','','Российская Федерация',176,'Москва',2761,'','Оплата Банковской картой','liqpay','25.06.2014 22:13',1,'','','','','','','','',0,'',0,'','','','',0,'','','','101.0000',0,0,'0.0000',1,1,'RUB','1.00000000','::1','','Mozilla/5.0 (Windows NT 6.1; WOW64) AppleWebKit/535.11 (KHTML, like Gecko) Chrome/17.0.963.33 Safari/535.11','ru-RU,ru;q=0.8,en-US;q=0.6,en;q=0.4','2014-06-23 22:34:47','2014-06-23 22:34:47'),(88,0,'INV-2013-00',0,'florentinproject.com','http://localhost/florentinproject/',9,1,'awdasd','','ilya.artamonov@b-leader.ru','+7 (324) 234 2423','','awdasd','','','','','qweqwe2','','','','Российская Федерация',176,'Москва',2761,'','Оплата Банковской картой','liqpay','25.06.2014 22:13',0,'','','','','','','','',0,'',0,'','Доставка в пределах МКАД (бесплатно)','free.free','',0,'','','','101.0000',0,0,'0.0000',1,1,'RUB','1.00000000','::1','','Mozilla/5.0 (Windows NT 6.1; WOW64) AppleWebKit/535.11 (KHTML, like Gecko) Chrome/17.0.963.33 Safari/535.11','ru-RU,ru;q=0.8,en-US;q=0.6,en;q=0.4','2014-06-24 00:20:26','2014-06-24 00:20:26'),(89,0,'INV-2013-00',0,'florentinproject.com','http://localhost/florentinproject/',9,1,'awdasd','','ilya.artamonov@b-leader.ru','+7 (324) 234 2423','','awdasd','','','','','qweqwe2','','','','Российская Федерация',176,'Москва',2761,'','Оплата Банковской картой','liqpay','25.06.2014 22:13',0,'123','','','123','','2761','','Российская Федерация',176,'Москва',2761,'','Доставка в пределах МКАД (бесплатно)','free.free','24.06.2014 10:00',1,'123123aa','','','101.0000',0,0,'0.0000',1,1,'RUB','1.00000000','::1','','Mozilla/5.0 (Windows NT 6.1; WOW64) AppleWebKit/535.11 (KHTML, like Gecko) Chrome/17.0.963.33 Safari/535.11','ru-RU,ru;q=0.8,en-US;q=0.6,en;q=0.4','2014-06-24 00:24:56','2014-06-24 00:24:56'),(90,0,'INV-2013-00',0,'florentinproject.com','http://localhost/florentinproject/',9,1,'awdasd','','ilya.artamonov@b-leader.ru','+7 (324) 234 2423','','awdasd','','','','','qweqwe2','','','','Российская Федерация',176,'Москва',2761,'','Оплата Банковской картой','liqpay','25.06.2014 22:13',0,'123','','','123','','2761','','Российская Федерация',176,'Москва',2761,'','Доставка в пределах МКАД (бесплатно)','free.free','24.06.2014 10:00',1,'123123aa','','','101.0000',0,0,'0.0000',1,1,'RUB','1.00000000','::1','','Mozilla/5.0 (Windows NT 6.1; WOW64) AppleWebKit/535.11 (KHTML, like Gecko) Chrome/17.0.963.33 Safari/535.11','ru-RU,ru;q=0.8,en-US;q=0.6,en;q=0.4','2014-06-24 00:36:18','2014-06-24 00:36:18'),(91,0,'INV-2013-00',0,'florentinproject.com','http://localhost/florentinproject/',9,1,'awdasd','','ilya.artamonov@b-leader.ru','+7 (324) 234 2423','','awdasd','','','','','qweqwe2','','','','Российская Федерация',176,'Москва',2761,'','Оплата Банковской картой','liqpay','25.06.2014 22:13',0,'123','','','123','','2761','','Российская Федерация',176,'Москва',2761,'','Доставка в пределах МКАД (бесплатно)','free.free','24.06.2014 10:00',1,'123123aa','','','101.0000',0,0,'0.0000',1,1,'RUB','1.00000000','::1','','Mozilla/5.0 (Windows NT 6.1; WOW64) AppleWebKit/535.11 (KHTML, like Gecko) Chrome/17.0.963.33 Safari/535.11','ru-RU,ru;q=0.8,en-US;q=0.6,en;q=0.4','2014-06-24 00:37:55','2014-06-24 00:37:55'),(92,0,'INV-2013-00',0,'florentinproject.com','http://localhost/florentinproject/',9,1,'awdasd','','ilya.artamonov@b-leader.ru','+7 (324) 234 2423','','awdasd','','','','','qweqwe2','','','','Российская Федерация',176,'Москва',2761,'','Оплата Банковской картой','liqpay','25.06.2014 22:13',0,'123','','','123','','2761','','Российская Федерация',176,'Москва',2761,'','Доставка в пределах МКАД (бесплатно)','free.free','24.06.2014 10:00',1,'123123aa','','','101.0000',0,0,'0.0000',1,1,'RUB','1.00000000','::1','','Mozilla/5.0 (Windows NT 6.1; WOW64) AppleWebKit/535.11 (KHTML, like Gecko) Chrome/17.0.963.33 Safari/535.11','ru-RU,ru;q=0.8,en-US;q=0.6,en;q=0.4','2014-06-24 00:38:46','2014-06-24 00:38:46'),(93,0,'INV-2013-00',0,'florentinproject.com','http://localhost/florentinproject/',9,1,'awdasd','','ilya.artamonov@b-leader.ru','+7 (324) 234 2423','','awdasd','','','','','qweqwe2','','','','Российская Федерация',176,'Москва',2761,'','Оплата Банковской картой','liqpay','25.06.2014 22:13',0,'123','','','123','','2761','','Российская Федерация',176,'Москва',2761,'','Доставка в пределах МКАД (бесплатно)','free.free','24.06.2014 10:00',1,'123123aa','','','101.0000',0,0,'0.0000',1,1,'RUB','1.00000000','::1','','Mozilla/5.0 (Windows NT 6.1; WOW64) AppleWebKit/535.11 (KHTML, like Gecko) Chrome/17.0.963.33 Safari/535.11','ru-RU,ru;q=0.8,en-US;q=0.6,en;q=0.4','2014-06-24 00:39:22','2014-06-24 00:39:22'),(94,0,'INV-2013-00',0,'florentinproject.com','http://localhost/florentinproject/',9,1,'awdasd','','ilya.artamonov@b-leader.ru','+7 (324) 234 2423','','awdasd','','','','','qweqwe2','','','','Российская Федерация',176,'Москва',2761,'','Оплата Банковской картой','liqpay','25.06.2014 22:13',0,'alena','','','alena addr','','2761','','Российская Федерация',176,'Москва',2761,'','Доставка в пределах МКАД (бесплатно)','free.free','24.06.2014 14:00',1,'123123aa','','','101.0000',0,0,'0.0000',1,1,'RUB','1.00000000','::1','','Mozilla/5.0 (Windows NT 6.1; WOW64) AppleWebKit/535.11 (KHTML, like Gecko) Chrome/17.0.963.33 Safari/535.11','ru-RU,ru;q=0.8,en-US;q=0.6,en;q=0.4','2014-06-24 00:39:41','2014-06-24 00:39:41'),(95,0,'INV-2013-00',0,'florentinproject.com','http://localhost/florentinproject/',9,1,'awdasd','','ilya.artamonov@b-leader.ru','+7 (324) 234 2423','','awdasd','','','','','qweqwe2','','','','Российская Федерация',176,'Москва',2761,'','Наличными курьеру','cod','25.06.2014 22:13',0,'alena','','','alena addr','','2761','','Российская Федерация',176,'Москва',2761,'','Доставка в пределах МКАД (бесплатно)','free.free','24.06.2014 14:00',0,'123123aa','','','101.0000',0,0,'0.0000',1,1,'RUB','1.00000000','::1','','Mozilla/5.0 (Windows NT 6.1; WOW64) AppleWebKit/535.11 (KHTML, like Gecko) Chrome/17.0.963.33 Safari/535.11','ru-RU,ru;q=0.8,en-US;q=0.6,en;q=0.4','2014-06-24 00:39:51','2014-06-24 00:39:51'),(96,0,'INV-2013-00',0,'florentinproject.com','http://localhost/florentinproject/',9,1,'awdasd','','ilya.artamonov@b-leader.ru','+7 (324) 234 2423','','awdasd','','','','','qweqwe2','','','','Российская Федерация',176,'Москва',2761,'','Наличными курьеру','cod','25.06.2014 22:13',0,'alena','','','alena addr','','2761','','Российская Федерация',176,'Москва',2761,'','Доставка в пределах МКАД (бесплатно)','free.free','24.06.2014 14:00',0,'123123aa','','','101.0000',0,0,'0.0000',1,1,'RUB','1.00000000','::1','','Mozilla/5.0 (Windows NT 6.1; WOW64) AppleWebKit/535.11 (KHTML, like Gecko) Chrome/17.0.963.33 Safari/535.11','ru-RU,ru;q=0.8,en-US;q=0.6,en;q=0.4','2014-06-24 00:40:13','2014-06-24 00:40:13'),(97,0,'INV-2013-00',0,'florentinproject.com','http://localhost/florentinproject/',9,1,'awdasd','','ilya.artamonov@b-leader.ru','+7 (324) 234 2423','','awdasd','','','','','qweqwe2','','','','Российская Федерация',176,'Москва',2761,'','Наличными курьеру','cod','25.06.2014 22:13',1,'','','','','','','','',0,'',0,'','','','',0,'','','','101.0000',0,0,'0.0000',1,1,'RUB','1.00000000','::1','','Mozilla/5.0 (Windows NT 6.1; WOW64) AppleWebKit/535.11 (KHTML, like Gecko) Chrome/17.0.963.33 Safari/535.11','ru-RU,ru;q=0.8,en-US;q=0.6,en;q=0.4','2014-06-24 00:42:48','2014-06-24 00:42:48'),(98,0,'INV-2013-00',0,'florentinproject.com','http://localhost/florentinproject/',9,1,'awdasd','','ilya.artamonov@b-leader.ru','+7 (324) 234 2423','','awdasd','','','','','qweqwe2','','','','Российская Федерация',176,'Москва',2761,'','Наличными курьеру','cod','25.06.2014 22:13',1,'','','','','','','','',0,'',0,'','','','',0,'','','','101.0000',0,0,'0.0000',1,1,'RUB','1.00000000','::1','','Mozilla/5.0 (Windows NT 6.1; WOW64) AppleWebKit/535.11 (KHTML, like Gecko) Chrome/17.0.963.33 Safari/535.11','ru-RU,ru;q=0.8,en-US;q=0.6,en;q=0.4','2014-06-24 00:43:16','2014-06-24 00:43:16'),(99,0,'INV-2013-00',0,'florentinproject.com','http://localhost/florentinproject/',9,1,'awdasd','','ilya.artamonov@b-leader.ru','+7 (324) 234 2423','','awdasd','','','','','qweqwe2','','','','Российская Федерация',176,'Москва',2761,'','Наличными курьеру','cod','24.06.2014 19:00',1,'','','','','','','','',0,'',0,'','','','',0,'','','','101.0000',0,0,'0.0000',1,1,'RUB','1.00000000','::1','','Mozilla/5.0 (Windows NT 6.1; WOW64) AppleWebKit/535.11 (KHTML, like Gecko) Chrome/17.0.963.33 Safari/535.11','ru-RU,ru;q=0.8,en-US;q=0.6,en;q=0.4','2014-06-24 00:56:12','2014-06-24 00:56:12'),(100,0,'INV-2013-00',0,'florentinproject.com','http://localhost/florentinproject/',9,1,'awdasd','','ilya.artamonov@b-leader.ru','+7 (324) 234 2423','','awdasd','','','','','qweqwe2','','','','Российская Федерация',176,'Москва',2761,'','Наличными курьеру','cod','29.06.2014 22:00',0,'alena','','','alena addr','','2761','','Российская Федерация',176,'Москва',2761,'','Доставка в пределах МКАД (бесплатно)','free.free','28.06.2014 02:00',0,'123123aa','','','101.0000',0,0,'0.0000',1,1,'RUB','1.00000000','::1','','Mozilla/5.0 (Windows NT 6.1; WOW64) AppleWebKit/535.11 (KHTML, like Gecko) Chrome/17.0.963.33 Safari/535.11','ru-RU,ru;q=0.8,en-US;q=0.6,en;q=0.4','2014-06-24 00:58:03','2014-06-24 00:58:03'),(101,0,'INV-2013-00',0,'florentinproject.com','http://localhost/florentinproject/',9,1,'awdasd','','ilya.artamonov@b-leader.ru','+7 (324) 234 2423','','awdasd','','','','','qweqwe2','','','','Российская Федерация',176,'Москва',2761,'','Наличными курьеру','cod','29.06.2014 20:00',1,'','','','','','','','',0,'',0,'','','','',0,'','','','101.0000',2,0,'0.0000',1,1,'RUB','1.00000000','::1','','Mozilla/5.0 (Windows NT 6.1; WOW64) AppleWebKit/535.11 (KHTML, like Gecko) Chrome/17.0.963.33 Safari/535.11','ru-RU,ru;q=0.8,en-US;q=0.6,en;q=0.4','2014-06-24 00:59:32','2014-06-24 01:00:57'),(102,0,'INV-2013-00',0,'florentinproject.com','http://localhost/florentinproject/',9,1,'awdasd','','ilya.artamonov@b-leader.ru','+7 (324) 234 2423','','awdasd','','','','','qweqwe2','','','','Российская Федерация',176,'Москва',2761,'','Наличными курьеру','cod','',0,'alena2','','','alena addr','','2761','','Российская Федерация',176,'Москва',2761,'','Доставка в пределах МКАД (бесплатно)','free.free','25.06.2014 09:00',0,'','','','101.0000',0,0,'0.0000',1,1,'RUB','1.00000000','::1','','Mozilla/5.0 (Windows NT 6.1; WOW64) AppleWebKit/535.11 (KHTML, like Gecko) Chrome/17.0.963.33 Safari/535.11','ru-RU,ru;q=0.8,en-US;q=0.6,en;q=0.4','2014-06-24 01:02:55','2014-06-24 01:02:55'),(103,0,'INV-2013-00',0,'florentinproject.com','http://localhost/florentinproject/',9,1,'awdasd','','ilya.artamonov@b-leader.ru','+7 (324) 234 2423','','awdasd','','','','','qweqwe2','','','','Российская Федерация',176,'Москва',2761,'','Наличными курьеру','cod','',0,'alena2','','','alena addr','','2761','','Российская Федерация',176,'Москва',2761,'','Доставка в пределах МКАД (бесплатно)','free.free','25.06.2014 09:00',0,'','','','101.0000',0,0,'0.0000',1,1,'RUB','1.00000000','::1','','Mozilla/5.0 (Windows NT 6.1; WOW64) AppleWebKit/535.11 (KHTML, like Gecko) Chrome/17.0.963.33 Safari/535.11','ru-RU,ru;q=0.8,en-US;q=0.6,en;q=0.4','2014-06-24 01:03:02','2014-06-24 01:03:02'),(104,0,'INV-2013-00',0,'florentinproject.com','http://localhost/florentinproject/',9,1,'awdasd','','ilya.artamonov@b-leader.ru','+7 (324) 234 2423','','awdasd','','','','','qweqwe2','','','','Российская Федерация',176,'Москва',2761,'','Наличными курьеру','cod','',0,'alena2','','','alena addr','','2761','','Российская Федерация',176,'Москва',2761,'','Доставка в пределах МКАД (бесплатно)','free.free','25.06.2014 09:00',0,'','','','101.0000',0,0,'0.0000',1,1,'RUB','1.00000000','::1','','Mozilla/5.0 (Windows NT 6.1; WOW64) AppleWebKit/535.11 (KHTML, like Gecko) Chrome/17.0.963.33 Safari/535.11','ru-RU,ru;q=0.8,en-US;q=0.6,en;q=0.4','2014-06-24 01:06:04','2014-06-24 01:06:04'),(105,0,'INV-2013-00',0,'florentinproject.com','http://localhost/florentinproject/',9,1,'awdasd','','ilya.artamonov@b-leader.ru','+7 (324) 234 2423','','awdasd','','','','','qweqwe2','','','','Российская Федерация',176,'Москва',2761,'','Наличными курьеру','cod','',0,'alena2','','','alena addr','','2761','','Российская Федерация',176,'Москва',2761,'','Доставка в пределах МКАД (бесплатно)','free.free','25.06.2014 09:00',0,'','','','101.0000',2,0,'0.0000',1,1,'RUB','1.00000000','::1','','Mozilla/5.0 (Windows NT 6.1; WOW64) AppleWebKit/535.11 (KHTML, like Gecko) Chrome/17.0.963.33 Safari/535.11','ru-RU,ru;q=0.8,en-US;q=0.6,en;q=0.4','2014-06-24 01:09:12','2014-06-24 01:09:18'),(106,0,'INV-2013-00',0,'florentinproject.com','http://localhost/florentinproject/',9,1,'awdasd','','ilya.artamonov@b-leader.ru','+7 (324) 234 2423','','awdasd','','','','','qweqwe2','','','','Российская Федерация',176,'Москва',2761,'','Оплата Банковской картой','liqpay','',1,'','','','','','','','',0,'',0,'','','','',0,'','','','101.0000',0,0,'0.0000',1,1,'RUB','1.00000000','::1','','Mozilla/5.0 (Windows NT 6.1; WOW64) AppleWebKit/535.11 (KHTML, like Gecko) Chrome/17.0.963.33 Safari/535.11','ru-RU,ru;q=0.8,en-US;q=0.6,en;q=0.4','2014-06-24 01:20:08','2014-06-24 01:20:08'),(107,0,'INV-2013-00',0,'florentinproject.com','http://localhost/florentinproject/',9,1,'awdasd','','ilya.artamonov@b-leader.ru','+7 (324) 234 2423','','awdasd','','','','','qweqwe2','','','','Российская Федерация',176,'Москва',2761,'','Оплата Банковской картой','liqpay','25.06.2014 20:00',1,'','','','','','','','',0,'',0,'','','','',0,'','','','101.0000',0,0,'0.0000',1,1,'RUB','1.00000000','::1','','Mozilla/5.0 (Windows NT 6.1; WOW64) AppleWebKit/535.11 (KHTML, like Gecko) Chrome/17.0.963.33 Safari/535.11','ru-RU,ru;q=0.8,en-US;q=0.6,en;q=0.4','2014-06-24 01:24:47','2014-06-24 01:24:47'),(108,0,'INV-2013-00',0,'florentinproject.com','http://localhost/florentinproject/',9,1,'awdasd','','ilya.artamonov@b-leader.ru','+7 (324) 234 2423','','awdasd','','','','','qweqwe2','','','','Российская Федерация',176,'Москва',2761,'','Оплата Банковской картой','liqpay','25.06.2014 20:00',1,'','','','','','','','',0,'',0,'','','','',0,'','','','101.0000',0,0,'0.0000',1,1,'RUB','1.00000000','::1','','Mozilla/5.0 (Windows NT 6.1; WOW64) AppleWebKit/535.11 (KHTML, like Gecko) Chrome/17.0.963.33 Safari/535.11','ru-RU,ru;q=0.8,en-US;q=0.6,en;q=0.4','2014-06-24 01:26:42','2014-06-24 01:26:42'),(109,0,'INV-2013-00',0,'florentinproject.com','http://localhost/florentinproject/',9,1,'awdasd','','ilya.artamonov@b-leader.ru','+7 (324) 234 2423','','awdasd','','','','','qweqwe2','','','','Российская Федерация',176,'Москва',2761,'','Оплата Банковской картой','liqpay','25.06.2014 20:00',1,'','','','','','','','',0,'',0,'','','','',0,'','','','101.0000',0,0,'0.0000',1,1,'RUB','1.00000000','::1','','Mozilla/5.0 (Windows NT 6.1; WOW64) AppleWebKit/535.11 (KHTML, like Gecko) Chrome/17.0.963.33 Safari/535.11','ru-RU,ru;q=0.8,en-US;q=0.6,en;q=0.4','2014-06-24 01:35:29','2014-06-24 01:35:29'),(110,0,'INV-2013-00',0,'florentinproject.com','http://localhost/florentinproject/',9,1,'awdasd','','ilya.artamonov@b-leader.ru','+7 (324) 234 2423','','awdasd','','','','','qweqwe2','','','','Российская Федерация',176,'Москва',2761,'','Оплата Банковской картой','liqpay','25.06.2014 20:00',1,'','','','','','','','',0,'',0,'','','','',0,'','','','101.0000',0,0,'0.0000',1,1,'RUB','1.00000000','::1','','Mozilla/5.0 (Windows NT 6.1; WOW64) AppleWebKit/535.11 (KHTML, like Gecko) Chrome/17.0.963.33 Safari/535.11','ru-RU,ru;q=0.8,en-US;q=0.6,en;q=0.4','2014-06-24 01:36:44','2014-06-24 01:36:44'),(111,0,'INV-2013-00',0,'florentinproject.com','http://localhost/florentinproject/',9,1,'awdasd','','ilya.artamonov@b-leader.ru','+7 (324) 234 2423','','awdasd','','','','','qweqwe2','','','','Российская Федерация',176,'Москва',2761,'','Оплата Банковской картой','liqpay','25.06.2014 20:00',1,'','','','','','','','',0,'',0,'','','','',0,'','','','101.0000',0,0,'0.0000',1,1,'RUB','1.00000000','::1','','Mozilla/5.0 (Windows NT 6.1; WOW64) AppleWebKit/535.11 (KHTML, like Gecko) Chrome/17.0.963.33 Safari/535.11','ru-RU,ru;q=0.8,en-US;q=0.6,en;q=0.4','2014-06-24 01:36:50','2014-06-24 01:36:50'),(112,0,'INV-2013-00',0,'florentinproject.com','http://localhost/florentinproject/',9,1,'awdasd','','ilya.artamonov@b-leader.ru','+7 (324) 234 2423','','awdasd','','','','','qweqwe2','','','','Российская Федерация',176,'Москва',2761,'','Оплата Банковской картой','liqpay','25.06.2014 20:00',1,'','','','','','','','',0,'',0,'','','','',0,'','','','101.0000',0,0,'0.0000',1,1,'RUB','1.00000000','::1','','Mozilla/5.0 (Windows NT 6.1; WOW64) AppleWebKit/535.11 (KHTML, like Gecko) Chrome/17.0.963.33 Safari/535.11','ru-RU,ru;q=0.8,en-US;q=0.6,en;q=0.4','2014-06-24 01:37:26','2014-06-24 01:37:26'),(113,0,'INV-2013-00',0,'florentinproject.com','http://localhost/florentinproject/',9,1,'awdasd','','ilya.artamonov@b-leader.ru','+7 (324) 234 2423','','awdasd','','','','','qweqwe2','','','','Российская Федерация',176,'Москва',2761,'','Оплата Банковской картой','liqpay','25.06.2014 20:00',1,'','','','','','','','',0,'',0,'','','','',0,'','','','101.0000',0,0,'0.0000',1,1,'RUB','1.00000000','::1','','Mozilla/5.0 (Windows NT 6.1; WOW64) AppleWebKit/535.11 (KHTML, like Gecko) Chrome/17.0.963.33 Safari/535.11','ru-RU,ru;q=0.8,en-US;q=0.6,en;q=0.4','2014-06-24 01:41:45','2014-06-24 01:41:45'),(114,0,'INV-2013-00',0,'florentinproject.com','http://localhost/florentinproject/',9,1,'awdasd','','ilya.artamonov@b-leader.ru','+7 (324) 234 2423','','awdasd','','','','','qweqwe2','','','','Российская Федерация',176,'Москва',2761,'','Оплата Банковской картой','liqpay','25.06.2014 20:00',1,'','','','','','','','',0,'',0,'','','','',0,'','','','101.0000',0,0,'0.0000',1,1,'RUB','1.00000000','::1','','Mozilla/5.0 (Windows NT 6.1; WOW64) AppleWebKit/535.11 (KHTML, like Gecko) Chrome/17.0.963.33 Safari/535.11','ru-RU,ru;q=0.8,en-US;q=0.6,en;q=0.4','2014-06-24 01:45:09','2014-06-24 01:45:09'),(115,0,'INV-2013-00',0,'florentinproject.com','http://localhost/florentinproject/',9,1,'awdasd','','ilya.artamonov@b-leader.ru','+7 (324) 234 2423','','awdasd','','','','','qweqwe2','','','','Российская Федерация',176,'Москва',2761,'','Оплата Банковской картой','liqpay','',1,'','','','','','','','',0,'',0,'','','','',0,'','','','101.0000',0,0,'0.0000',1,1,'RUB','1.00000000','::1','','Mozilla/5.0 (Windows NT 6.1; WOW64) AppleWebKit/535.11 (KHTML, like Gecko) Chrome/17.0.963.33 Safari/535.11','ru-RU,ru;q=0.8,en-US;q=0.6,en;q=0.4','2014-06-24 01:48:20','2014-06-24 01:48:20'),(116,0,'INV-2013-00',0,'florentinproject.com','http://localhost/florentinproject/',9,1,'awdasd','','ilya.artamonov@b-leader.ru','+7 (324) 234 2423','','awdasd','','','','','qweqwe2','','','','Российская Федерация',176,'Москва',2761,'','Оплата Банковской картой','liqpay','25.06.2014 19:00',1,'','','','','','','','',0,'',0,'','','','',0,'','','','101.0000',0,0,'0.0000',1,1,'RUB','1.00000000','::1','','Mozilla/5.0 (Windows NT 6.1; WOW64) AppleWebKit/535.11 (KHTML, like Gecko) Chrome/17.0.963.33 Safari/535.11','ru-RU,ru;q=0.8,en-US;q=0.6,en;q=0.4','2014-06-24 01:48:58','2014-06-24 01:48:58'),(117,0,'INV-2013-00',0,'florentinproject.com','http://localhost/florentinproject/',9,1,'awdasd','','ilya.artamonov@b-leader.ru','+7 (324) 234 2423','','awdasd','','','','','qweqwe2','','','','Российская Федерация',176,'Москва',2761,'','Оплата Банковской картой','liqpay','',1,'','','','','','','','',0,'',0,'','','','',0,'','','','101.0000',0,0,'0.0000',1,1,'RUB','1.00000000','::1','','Mozilla/5.0 (Windows NT 6.1; WOW64) AppleWebKit/535.11 (KHTML, like Gecko) Chrome/17.0.963.33 Safari/535.11','ru-RU,ru;q=0.8,en-US;q=0.6,en;q=0.4','2014-06-24 01:49:48','2014-06-24 01:49:48'),(118,0,'INV-2013-00',0,'florentinproject.com','http://localhost/florentinproject/',9,1,'awdasd','','ilya.artamonov@b-leader.ru','+7 (324) 234 2423','','awdasd','','','','','qweqwe2','','','','Российская Федерация',176,'Москва',2761,'','Оплата Банковской картой','liqpay','25.06.2014 20:00',1,'','','','','','','','',0,'',0,'','','','',0,'','','','101.0000',0,0,'0.0000',1,1,'RUB','1.00000000','::1','','Mozilla/5.0 (Windows NT 6.1; WOW64) AppleWebKit/535.11 (KHTML, like Gecko) Chrome/17.0.963.33 Safari/535.11','ru-RU,ru;q=0.8,en-US;q=0.6,en;q=0.4','2014-06-24 01:49:59','2014-06-24 01:49:59'),(119,0,'INV-2013-00',0,'florentinproject.com','http://localhost/florentinproject/',9,1,'awdasd','','ilya.artamonov@b-leader.ru','+7 (324) 234 2423','','awdasd','','','','','qweqwe2','','','','Российская Федерация',176,'Москва',2761,'','Оплата Банковской картой','liqpay','',1,'','','','','','','','',0,'',0,'','','','',0,'','','','101.0000',0,0,'0.0000',1,1,'RUB','1.00000000','::1','','Mozilla/5.0 (Windows NT 6.1; WOW64) AppleWebKit/535.11 (KHTML, like Gecko) Chrome/17.0.963.33 Safari/535.11','ru-RU,ru;q=0.8,en-US;q=0.6,en;q=0.4','2014-06-24 01:50:22','2014-06-24 01:50:22'),(120,0,'INV-2013-00',0,'florentinproject.com','http://localhost/florentinproject/',9,1,'awdasd','','ilya.artamonov@b-leader.ru','+7 (324) 234 2423','','awdasd','','','','','qweqwe2','','','','Российская Федерация',176,'Москва',2761,'','Оплата Банковской картой','liqpay','25.06.2014 20:00',1,'','','','','','','','',0,'',0,'','','','',0,'','','','101.0000',0,0,'0.0000',1,1,'RUB','1.00000000','::1','','Mozilla/5.0 (Windows NT 6.1; WOW64) AppleWebKit/535.11 (KHTML, like Gecko) Chrome/17.0.963.33 Safari/535.11','ru-RU,ru;q=0.8,en-US;q=0.6,en;q=0.4','2014-06-24 01:51:48','2014-06-24 01:51:48'),(121,0,'INV-2013-00',0,'florentinproject.com','http://localhost/florentinproject/',9,1,'awdasd','','ilya.artamonov@b-leader.ru','+7 (324) 234 2423','','awdasd','','','','','qweqwe2','','','','Российская Федерация',176,'Москва',2761,'','Наличными курьеру','cod','25.06.2014 20:00',1,'','','','','','','','',0,'',0,'','','','',0,'','','','101.0000',2,0,'0.0000',1,1,'RUB','1.00000000','::1','','Mozilla/5.0 (Windows NT 6.1; WOW64) AppleWebKit/535.11 (KHTML, like Gecko) Chrome/17.0.963.33 Safari/535.11','ru-RU,ru;q=0.8,en-US;q=0.6,en;q=0.4','2014-06-24 01:52:03','2014-06-24 01:52:06'),(122,0,'INV-2013-00',0,'florentinproject.com','http://localhost/florentinproject/',9,1,'awdasd','','ilya.artamonov@b-leader.ru','+7 (324) 234 2423','','awdasd','','','','','qweqwe2','','','','Российская Федерация',176,'Москва',2761,'','Оплата Банковской картой','liqpay','',1,'','','','','','','','',0,'',0,'','','','',0,'','','','101.0000',0,0,'0.0000',1,1,'RUB','1.00000000','::1','','Mozilla/5.0 (Windows NT 6.1; WOW64) AppleWebKit/535.11 (KHTML, like Gecko) Chrome/17.0.963.33 Safari/535.11','ru-RU,ru;q=0.8,en-US;q=0.6,en;q=0.4','2014-06-24 01:57:34','2014-06-24 01:57:34'),(123,0,'INV-2013-00',0,'florentinproject.com','http://localhost/florentinproject/',9,1,'awdasd','','ilya.artamonov@b-leader.ru','+7 (324) 234 2423','','awdasd','','','','','qweqwe2','','','','Российская Федерация',176,'Москва',2761,'','Наличными курьеру','cod','26.07.2014 14:30',1,'','','','','','','','',0,'',0,'','','','',0,'','test','','303.0000',0,0,'0.0000',1,1,'RUB','1.00000000','::1','','Mozilla/5.0 (Windows NT 6.1; WOW64) AppleWebKit/535.11 (KHTML, like Gecko) Chrome/17.0.963.33 Safari/535.11','ru-RU,ru;q=0.8,en-US;q=0.6,en;q=0.4','2014-06-25 00:01:21','2014-06-25 00:01:21'),(124,0,'INV-2013-00',0,'florentinproject.com','http://localhost/florentinproject/',9,1,'awdasd','','ilya.artamonov@b-leader.ru','+7 (324) 234 2423','','awdasd','','','','','qweqwe2','','','','Российская Федерация',176,'Москва',2761,'','Наличными курьеру','cod','26.07.2014 14:30',1,'','','','','','','','',0,'',0,'','','','',0,'','test','','303.0000',0,0,'0.0000',1,1,'RUB','1.00000000','::1','','Mozilla/5.0 (Windows NT 6.1; WOW64) AppleWebKit/535.11 (KHTML, like Gecko) Chrome/17.0.963.33 Safari/535.11','ru-RU,ru;q=0.8,en-US;q=0.6,en;q=0.4','2014-06-25 00:01:39','2014-06-25 00:01:39'),(125,0,'INV-2013-00',0,'florentinproject.com','http://localhost/florentinproject/',9,1,'awdasd','','ilya.artamonov@b-leader.ru','+7 (324) 234 2423','','awdasd','','','','','qweqwe2','','','','Российская Федерация',176,'Москва',2761,'','Наличными курьеру','cod','26.07.2014 14:30',1,'','','','','','','','',0,'',0,'','','','',0,'','test','','303.0000',2,0,'0.0000',1,1,'RUB','1.00000000','::1','','Mozilla/5.0 (Windows NT 6.1; WOW64) AppleWebKit/535.11 (KHTML, like Gecko) Chrome/17.0.963.33 Safari/535.11','ru-RU,ru;q=0.8,en-US;q=0.6,en;q=0.4','2014-06-25 00:04:21','2014-06-25 00:04:30'),(126,0,'INV-2013-00',0,'florentinproject.com','http://localhost/florentinproject/',9,1,'awdasd','','ilya.artamonov@b-leader.ru','+7 (324) 234 2423','','awdasd','','','','','qweqwe2','','','','Российская Федерация',176,'Москва',2761,'','Наличными курьеру','cod','25.06.2014 20:45',1,'','','','','','','','',0,'',0,'','','','',0,'','','','101.0000',2,0,'0.0000',1,1,'RUB','1.00000000','::1','','Mozilla/5.0 (Windows NT 6.1; WOW64) AppleWebKit/535.11 (KHTML, like Gecko) Chrome/17.0.963.33 Safari/535.11','ru-RU,ru;q=0.8,en-US;q=0.6,en;q=0.4','2014-06-25 00:06:06','2014-06-25 00:06:10'),(127,0,'INV-2013-00',0,'florentinproject.com','http://localhost/florentinproject/',0,1,'123','','ilya.artamono2v@b-leader.ru','123','','123','','','','','test addr','','','','Российская Федерация',176,'Москва',2761,'','Наличными курьеру','cod','25.06.2014 10:15',1,'','','','','','','','',0,'',0,'','','','',0,'','','','101.0000',2,0,'0.0000',1,1,'RUB','1.00000000','::1','','Mozilla/5.0 (Windows NT 6.1; WOW64) AppleWebKit/535.11 (KHTML, like Gecko) Chrome/17.0.963.33 Safari/535.11','ru-RU,ru;q=0.8,en-US;q=0.6,en;q=0.4','2014-06-25 00:23:03','2014-06-25 00:23:05'),(128,0,'INV-2013-00',0,'florentinproject.com','http://localhost/florentinproject/',0,1,'ilia','','ilya.artamonov4@b-leader.ru','+7 (123) 123 1231','','ilia','','','','','','','','','Российская Федерация',176,'Москва',2761,'','Наличными курьеру','cod','',0,'alena','','','addr alena','','','','Российская Федерация',176,'Москва',2761,'','Доставка в пределах МКАД (бесплатно)','free.free','25.06.2014 10:00',0,'','test','','101.0000',2,0,'0.0000',1,1,'RUB','1.00000000','::1','','Mozilla/5.0 (Windows NT 6.1; WOW64) AppleWebKit/535.11 (KHTML, like Gecko) Chrome/17.0.963.33 Safari/535.11','ru-RU,ru;q=0.8,en-US;q=0.6,en;q=0.4','2014-06-25 00:28:00','2014-06-25 00:28:09'),(129,0,'INV-2013-00',0,'florentinproject.com','http://localhost/florentinproject/',0,1,'sdsf','','ilya.artamonov3@b-leader.ru','+7 (234) 324 2423','','sdsf','','','','','','','','','Российская Федерация',176,'Москва',2761,'','Наличными курьеру','cod','',0,'432','','','234','','','','Российская Федерация',176,'Москва',2761,'','Доставка в пределах МКАД (бесплатно)','free.free','25.06.2014 10:00',1,'+7 (234) 324 2342','tes','','101.0000',2,0,'0.0000',1,1,'RUB','1.00000000','::1','','Mozilla/5.0 (Windows NT 6.1; WOW64) AppleWebKit/535.11 (KHTML, like Gecko) Chrome/17.0.963.33 Safari/535.11','ru-RU,ru;q=0.8,en-US;q=0.6,en;q=0.4','2014-06-25 00:29:10','2014-06-25 00:29:13'),(130,0,'INV-2013-00',0,'florentinproject.com','http://localhost/florentinproject/',0,1,'234','','ilya.artamo3nov@b-leader.ru','+7 (234) 234 3242','','234','','','','','','','','','Российская Федерация',176,'Москва',2761,'','Наличными курьеру','cod','',0,'qweqwe','','','qweqwe','','','','Российская Федерация',176,'Москва',2761,'','Доставка в пределах МКАД (бесплатно)','free.free','26.06.2014 11:45',1,'+7 (213) 142 3423','','','101.0000',0,0,'0.0000',1,1,'RUB','1.00000000','::1','','Mozilla/5.0 (Windows NT 6.1; WOW64) AppleWebKit/535.11 (KHTML, like Gecko) Chrome/17.0.963.33 Safari/535.11','ru-RU,ru;q=0.8,en-US;q=0.6,en;q=0.4','2014-06-25 00:33:47','2014-06-25 00:33:47'),(131,0,'INV-2013-00',0,'florentinproject.com','http://localhost/florentinproject/',0,1,'234','','ilya.artamo3nov@b-leader.ru','+7 (234) 234 3242','','234','','','','','test se','','','','Российская Федерация',176,'Москва',2761,'','Наличными курьеру','cod','18.07.2014 00:42',1,'','','','','','','','',0,'',0,'','','','',0,'','','','101.0000',2,0,'0.0000',1,1,'RUB','1.00000000','::1','','Mozilla/5.0 (Windows NT 6.1; WOW64) AppleWebKit/535.11 (KHTML, like Gecko) Chrome/17.0.963.33 Safari/535.11','ru-RU,ru;q=0.8,en-US;q=0.6,en;q=0.4','2014-06-25 00:44:08','2014-06-25 00:44:24'),(132,0,'INV-2013-00',0,'florentinproject.com','http://localhost/florentinproject/',11,1,'sdfs','','ilya.artamono22v@b-leader.ru','+7 (322) 423 4242','','sdfs','','','','','','','','','Российская Федерация',176,'Москва',2761,'','Оплата Банковской картой','liqpay','',0,'123','','','123','','','','Российская Федерация',176,'Москва',2761,'','Доставка в пределах МКАД (бесплатно)','free.free','28.06.2014 11:45',1,'+7 (123) 123 1231','','','101.0000',0,0,'0.0000',1,1,'RUB','1.00000000','::1','','Mozilla/5.0 (Windows NT 6.1; WOW64) AppleWebKit/535.11 (KHTML, like Gecko) Chrome/17.0.963.33 Safari/535.11','ru-RU,ru;q=0.8,en-US;q=0.6,en;q=0.4','2014-06-25 00:48:19','2014-06-25 00:48:19'),(133,0,'INV-2013-00',0,'florentinproject.com','http://localhost/florentinproject/',12,1,'456456','','ilya.456artamonov@b-leader.ru','+7 (456) 456 4564','','456456','','','','','','','','','Российская Федерация',176,'Москва',2761,'','Наличными курьеру','cod','',0,'123123','','','123123','','','','Российская Федерация',176,'Москва',2761,'','Доставка в пределах МКАД (бесплатно)','free.free','28.06.2014 11:45',1,'+7 (123) 123 1231','test','','101.0000',2,0,'0.0000',1,1,'RUB','1.00000000','::1','','Mozilla/5.0 (Windows NT 6.1; WOW64) AppleWebKit/535.11 (KHTML, like Gecko) Chrome/17.0.963.33 Safari/535.11','ru-RU,ru;q=0.8,en-US;q=0.6,en;q=0.4','2014-06-25 00:49:36','2014-06-25 00:49:45'),(134,0,'INV-2013-00',0,'florentinproject.com','http://localhost/florentinproject/',12,1,'456456','','ilya.456artamonov@b-leader.ru','+7 (456) 456 4564','','456456','','','','','addr','','','','Российская Федерация',176,'Москва',2761,'','Наличными курьеру','cod','',1,'','','','','','','','',0,'',0,'','','','',0,'','test','','101.0000',2,0,'0.0000',1,1,'RUB','1.00000000','::1','','Mozilla/5.0 (Windows NT 6.1; WOW64) AppleWebKit/535.11 (KHTML, like Gecko) Chrome/17.0.963.33 Safari/535.11','ru-RU,ru;q=0.8,en-US;q=0.6,en;q=0.4','2014-06-25 01:09:48','2014-06-25 01:09:50'),(135,0,'INV-2013-00',0,'florentinproject.com','http://localhost/florentinproject/',12,1,'456456','','ilya.456artamonov@b-leader.ru','+7 (456) 456 4564','','456456','','','','','addr','','','','Российская Федерация',176,'Москва',2761,'','Оплата Банковской картой','liqpay','',1,'','','','','','','','',0,'',0,'','','','',0,'','','','101.0000',0,0,'0.0000',1,1,'RUB','1.00000000','::1','','Mozilla/5.0 (Windows NT 6.1; WOW64) AppleWebKit/535.11 (KHTML, like Gecko) Chrome/17.0.963.33 Safari/535.11','ru-RU,ru;q=0.8,en-US;q=0.6,en;q=0.4','2014-06-25 01:10:44','2014-06-25 01:10:44'),(136,0,'INV-2013-00',0,'florentinproject.com','http://localhost/florentinproject/',12,1,'456456','','ilya.456artamonov@b-leader.ru','+7 (456) 456 4564','','456456','','','','','addr','','','','Российская Федерация',176,'Москва',2761,'','Оплата Банковской картой','liqpay','',1,'','','','','','','','',0,'',0,'','','','',0,'','','','101.0000',0,0,'0.0000',1,1,'RUB','1.00000000','::1','','Mozilla/5.0 (Windows NT 6.1; WOW64) AppleWebKit/535.11 (KHTML, like Gecko) Chrome/17.0.963.33 Safari/535.11','ru-RU,ru;q=0.8,en-US;q=0.6,en;q=0.4','2014-06-25 01:12:56','2014-06-25 01:12:56'),(137,0,'INV-2013-00',0,'florentinproject.com','http://localhost/florentinproject/',12,1,'456456','','ilya.456artamonov@b-leader.ru','+7 (456) 456 4564','','456456','','','','','addr','','','','Российская Федерация',176,'Москва',2761,'','Оплата Банковской картой','liqpay','',1,'','','','','','','','',0,'',0,'','','','',0,'','','','202.0000',0,0,'0.0000',1,1,'RUB','1.00000000','::1','','Mozilla/5.0 (Windows NT 6.1; WOW64) AppleWebKit/535.11 (KHTML, like Gecko) Chrome/17.0.963.33 Safari/535.11','ru-RU,ru;q=0.8,en-US;q=0.6,en;q=0.4','2014-06-25 01:14:20','2014-06-25 01:14:20'),(138,0,'INV-2013-00',0,'florentinproject.com','http://localhost/florentinproject/',12,1,'456456','','ilya.456artamonov@b-leader.ru','+7 (456) 456 4564','','456456','','','','','addr','','','','Российская Федерация',176,'Москва',2761,'','Оплата Банковской картой','liqpay','',1,'','','','','','','','',0,'',0,'','','','',0,'','','','202.0000',0,0,'0.0000',1,1,'RUB','1.00000000','::1','','Mozilla/5.0 (Windows NT 6.1; WOW64) AppleWebKit/535.11 (KHTML, like Gecko) Chrome/17.0.963.33 Safari/535.11','ru-RU,ru;q=0.8,en-US;q=0.6,en;q=0.4','2014-06-25 01:14:56','2014-06-25 01:14:56'),(139,0,'INV-2013-00',0,'florentinproject.com','http://localhost/florentinproject/',12,1,'456456','','ilya.456artamonov@b-leader.ru','+7 (456) 456 4564','','456456','','','','','addr','','','','Российская Федерация',176,'Москва',2761,'','Оплата Банковской картой','liqpay','',1,'','','','','','','','',0,'',0,'','','','',0,'','','','202.0000',0,0,'0.0000',1,1,'RUB','1.00000000','::1','','Mozilla/5.0 (Windows NT 6.1; WOW64) AppleWebKit/535.11 (KHTML, like Gecko) Chrome/17.0.963.33 Safari/535.11','ru-RU,ru;q=0.8,en-US;q=0.6,en;q=0.4','2014-06-25 01:16:26','2014-06-25 01:16:26'),(140,0,'INV-2013-00',0,'florentinproject.com','http://localhost/florentinproject/',12,1,'456456','','ilya.456artamonov@b-leader.ru','+7 (456) 456 4564','','456456','','','','','addr','','','','Российская Федерация',176,'Москва',2761,'','Оплата Банковской картой','liqpay','26.06.2014 21:17',1,'','','','','','','','',0,'',0,'','','','',0,'','','','202.0000',0,0,'0.0000',1,1,'RUB','1.00000000','::1','','Mozilla/5.0 (Windows NT 6.1; WOW64) AppleWebKit/535.11 (KHTML, like Gecko) Chrome/17.0.963.33 Safari/535.11','ru-RU,ru;q=0.8,en-US;q=0.6,en;q=0.4','2014-06-25 01:17:22','2014-06-25 01:17:22'),(141,0,'INV-2013-00',0,'florentinproject.com','http://localhost/florentinproject/',12,1,'456456','','ilya.456artamonov@b-leader.ru','+7 (456) 456 4564','','456456','','','','','addr','','','','Российская Федерация',176,'Москва',2761,'','Наличными курьеру','cod','26.06.2014 21:17',1,'','','','','','','','',0,'',0,'','','','',0,'','','','202.0000',2,0,'0.0000',1,1,'RUB','1.00000000','::1','','Mozilla/5.0 (Windows NT 6.1; WOW64) AppleWebKit/535.11 (KHTML, like Gecko) Chrome/17.0.963.33 Safari/535.11','ru-RU,ru;q=0.8,en-US;q=0.6,en;q=0.4','2014-06-25 01:17:34','2014-06-25 01:17:35'),(142,0,'INV-2013-00',0,'florentinproject.com','http://localhost/florentinproject/',12,1,'456456','','ilya.456artamonov@b-leader.ru','+7 (456) 456 4564','','456456','','','','','addr','','','','Российская Федерация',176,'Москва',2761,'','Оплата Банковской картой','liqpay','',0,'alena','','','adrr 3','','2761','','Российская Федерация',176,'Москва',2761,'','Доставка в пределах МКАД (бесплатно)','free.free','28.06.2014 20:45',1,'+7 (343) 242 3423','test','','101.0000',0,0,'0.0000',1,1,'RUB','1.00000000','::1','','Mozilla/5.0 (Windows NT 6.1; WOW64) AppleWebKit/535.11 (KHTML, like Gecko) Chrome/17.0.963.33 Safari/535.11','ru-RU,ru;q=0.8,en-US;q=0.6,en;q=0.4','2014-06-25 01:27:02','2014-06-25 01:27:02'),(143,0,'INV-2013-00',0,'florentinproject.com','http://localhost/florentinproject/',12,1,'456456','','ilya.456artamonov@b-leader.ru','+7 (456) 456 4564','','456456','','','','','addr','','','','Российская Федерация',176,'Москва',2761,'','Наличными курьеру','cod','',0,'alena','','','adrr 3','','2761','','Российская Федерация',176,'Москва',2761,'','Доставка в пределах МКАД (бесплатно)','free.free','28.06.2014 20:45',1,'+7 (343) 242 3423','test','','101.0000',2,0,'0.0000',1,1,'RUB','1.00000000','::1','','Mozilla/5.0 (Windows NT 6.1; WOW64) AppleWebKit/535.11 (KHTML, like Gecko) Chrome/17.0.963.33 Safari/535.11','ru-RU,ru;q=0.8,en-US;q=0.6,en;q=0.4','2014-06-25 01:27:16','2014-06-25 01:27:17'),(144,0,'INV-2013-00',0,'florentinproject.com','http://localhost/florentinproject/',12,1,'456456','','ilya.456artamonov@b-leader.ru','+7 (456) 456 4564','','456456','','','','','addr','','','','Российская Федерация',176,'Москва',2761,'','Оплата Банковской картой','liqpay','26.06.2014 21:31',1,'','','','','','','','',0,'',0,'','','','',0,'','','','101.0000',0,0,'0.0000',1,1,'RUB','1.00000000','::1','','Mozilla/5.0 (Windows NT 6.1; WOW64) AppleWebKit/535.11 (KHTML, like Gecko) Chrome/17.0.963.33 Safari/535.11','ru-RU,ru;q=0.8,en-US;q=0.6,en;q=0.4','2014-06-25 01:31:37','2014-06-25 01:31:37'),(145,0,'INV-2013-00',0,'florentinproject.com','http://localhost/florentinproject/',12,1,'456456','','ilya.456artamonov@b-leader.ru','+7 (456) 456 4564','','456456','','','','','addr','','','','Российская Федерация',176,'Москва',2761,'','Наличными курьеру','cod','26.06.2014 21:31',1,'','','','','','','','',0,'',0,'','','','',0,'','','','101.0000',2,0,'0.0000',1,1,'RUB','1.00000000','::1','','Mozilla/5.0 (Windows NT 6.1; WOW64) AppleWebKit/535.11 (KHTML, like Gecko) Chrome/17.0.963.33 Safari/535.11','ru-RU,ru;q=0.8,en-US;q=0.6,en;q=0.4','2014-06-25 01:31:49','2014-06-25 01:31:50'),(146,0,'INV-2013-00',0,'florentinproject.com','http://localhost/florentinproject/',13,1,'ilya','','ilya.arta22monov@b-leader.ru','+7 (232) 342 3423','','ilya','','','','','addr1','addr1','','','Российская Федерация',176,'Москва',2761,'','Наличными курьеру','cod','',0,'sdfsdf','','','addr3','','','','Российская Федерация',176,'Москва',2761,'','Доставка в пределах МКАД (бесплатно)','free.free','26.06.2014 21:47',0,'','','','101.0000',2,0,'0.0000',1,1,'RUB','1.00000000','::1','','Mozilla/5.0 (Windows NT 6.1; WOW64) AppleWebKit/535.11 (KHTML, like Gecko) Chrome/17.0.963.33 Safari/535.11','ru-RU,ru;q=0.8,en-US;q=0.6,en;q=0.4','2014-06-25 01:53:19','2014-06-25 01:53:24'),(147,0,'INV-2013-00',0,'florentinproject.com','http://localhost/florentinproject/',2,1,'алёна олеговна','Логоновская','mu-bro@mail.ru2','+7 (908) 476 8744','','алёна олеговна','Логоновская','','','','addr2','','admin','','Российская Федерация',176,'',22761,'','Наличными курьеру','cod','03.07.2014 19:41',1,'','','','','','','','',0,'',0,'','','','',0,'','test  tst','test test','491.7500',0,0,'0.0000',1,1,'RUB','1.00000000','::1','','Mozilla/5.0 (Windows NT 6.1; WOW64) AppleWebKit/535.11 (KHTML, like Gecko) Chrome/17.0.963.33 Safari/535.11','ru-RU,ru;q=0.8,en-US;q=0.6,en;q=0.4','2014-07-03 23:04:30','2014-07-03 23:04:30'),(148,0,'INV-2013-00',0,'florentinproject.com','http://localhost/florentinproject/',2,1,'алёна олеговна','Логоновская','mu-bro@mail.ru2','+7 (908) 476 8744','','алёна олеговна','Логоновская','','','','addr2','','admin','','Российская Федерация',176,'',22761,'','Наличными курьеру','cod','03.07.2014 19:41',1,'','','','','','','','',0,'',0,'','','','',0,'','test  tst','test test','491.7500',0,0,'0.0000',1,1,'RUB','1.00000000','::1','','Mozilla/5.0 (Windows NT 6.1; WOW64) AppleWebKit/535.11 (KHTML, like Gecko) Chrome/17.0.963.33 Safari/535.11','ru-RU,ru;q=0.8,en-US;q=0.6,en;q=0.4','2014-07-03 23:08:52','2014-07-03 23:08:52'),(149,0,'INV-2013-00',0,'florentinproject.com','http://localhost/florentinproject/',2,1,'алёна олеговна','Логоновская','mu-bro@mail.ru2','+7 (908) 476 8744','','алёна олеговна','Логоновская','','','','addr2','','admin','','Российская Федерация',176,'',22761,'','Наличными курьеру','cod','03.07.2014 19:41',1,'','','','','','','','',0,'',0,'','','','',0,'','test  tst','sdfsdf','491.7500',0,0,'0.0000',1,1,'RUB','1.00000000','::1','','Mozilla/5.0 (Windows NT 6.1; WOW64) AppleWebKit/535.11 (KHTML, like Gecko) Chrome/17.0.963.33 Safari/535.11','ru-RU,ru;q=0.8,en-US;q=0.6,en;q=0.4','2014-07-03 23:09:21','2014-07-03 23:09:21'),(150,0,'INV-2013-00',0,'florentinproject.com','http://localhost/florentinproject/',2,1,'алёна олеговна','Логоновская','mu-bro@mail.ru2','+7 (908) 476 8744','','алёна олеговна','Логоновская','','','','addr2','','admin','','Российская Федерация',176,'',22761,'','Наличными курьеру','cod','03.07.2014 19:41',1,'','','','','','','','',0,'',0,'','','','',0,'','test  tst','sdf','491.7500',0,0,'0.0000',1,1,'RUB','1.00000000','::1','','Mozilla/5.0 (Windows NT 6.1; WOW64) AppleWebKit/535.11 (KHTML, like Gecko) Chrome/17.0.963.33 Safari/535.11','ru-RU,ru;q=0.8,en-US;q=0.6,en;q=0.4','2014-07-03 23:09:31','2014-07-03 23:09:31'),(151,0,'INV-2013-00',0,'florentinproject.com','http://localhost/florentinproject/',2,1,'алёна олеговна','Логоновская','mu-bro@mail.ru2','+7 (908) 476 8744','','алёна олеговна','Логоновская','','','','addr2','','admin','','Российская Федерация',176,'',22761,'','Наличными курьеру','cod','03.07.2014 19:41',1,'','','','','','','','',0,'',0,'','','','',0,'','test  tst','sdfsdfsdf','491.7500',0,0,'0.0000',1,1,'RUB','1.00000000','::1','','Mozilla/5.0 (Windows NT 6.1; WOW64) AppleWebKit/535.11 (KHTML, like Gecko) Chrome/17.0.963.33 Safari/535.11','ru-RU,ru;q=0.8,en-US;q=0.6,en;q=0.4','2014-07-03 23:09:46','2014-07-03 23:09:46'),(152,0,'INV-2013-00',0,'florentinproject.com','http://localhost/florentinproject/',2,1,'алёна олеговна','Логоновская','mu-bro@mail.ru2','+7 (908) 476 8744','','алёна олеговна','Логоновская','','','','addr2','','admin','','Российская Федерация',176,'',22761,'','Наличными курьеру','cod','03.07.2014 19:41',1,'','','','','','','','',0,'',0,'','','','',0,'','test  tst','sdfsdfsdf','491.7500',0,0,'0.0000',1,1,'RUB','1.00000000','::1','','Mozilla/5.0 (Windows NT 6.1; WOW64) AppleWebKit/535.11 (KHTML, like Gecko) Chrome/17.0.963.33 Safari/535.11','ru-RU,ru;q=0.8,en-US;q=0.6,en;q=0.4','2014-07-03 23:10:57','2014-07-03 23:10:57'),(153,0,'INV-2013-00',0,'florentinproject.com','http://localhost/florentinproject/',2,1,'алёна олеговна','Логоновская','mu-bro@mail.ru2','+7 (908) 476 8744','','алёна олеговна','Логоновская','','','','addr2','','admin','','Российская Федерация',176,'',22761,'','Наличными курьеру','cod','03.07.2014 19:41',1,'','','','','','','','',0,'',0,'','','','',0,'','test  tst','sdfsdf','491.7500',0,0,'0.0000',1,1,'RUB','1.00000000','::1','','Mozilla/5.0 (Windows NT 6.1; WOW64) AppleWebKit/535.11 (KHTML, like Gecko) Chrome/17.0.963.33 Safari/535.11','ru-RU,ru;q=0.8,en-US;q=0.6,en;q=0.4','2014-07-03 23:11:01','2014-07-03 23:11:01'),(154,0,'INV-2013-00',0,'florentinproject.com','http://localhost/florentinproject/',2,1,'алёна олеговна','Логоновская','mu-bro@mail.ru2','+7 (908) 476 8744','','алёна олеговна','Логоновская','','','','addr2','','admin','','Российская Федерация',176,'',22761,'','Наличными курьеру','cod','03.07.2014 19:41',1,'','','','','','','','',0,'',0,'','','','',0,'','test  tst','dfg','491.7500',0,0,'0.0000',1,1,'RUB','1.00000000','::1','','Mozilla/5.0 (Windows NT 6.1; WOW64) AppleWebKit/535.11 (KHTML, like Gecko) Chrome/17.0.963.33 Safari/535.11','ru-RU,ru;q=0.8,en-US;q=0.6,en;q=0.4','2014-07-03 23:11:22','2014-07-03 23:11:22'),(155,0,'INV-2013-00',0,'florentinproject.com','http://localhost/florentinproject/',2,1,'алёна олеговна','Логоновская','mu-bro@mail.ru2','+7 (908) 476 8744','','алёна олеговна','Логоновская','','','','addr2','','admin','','Российская Федерация',176,'',22761,'','Наличными курьеру','cod','03.07.2014 19:41',1,'','','','','','','','',0,'',0,'','','','',0,'','test  tst','dfg','491.7500',0,0,'0.0000',1,1,'RUB','1.00000000','::1','','Mozilla/5.0 (Windows NT 6.1; WOW64) AppleWebKit/535.11 (KHTML, like Gecko) Chrome/17.0.963.33 Safari/535.11','ru-RU,ru;q=0.8,en-US;q=0.6,en;q=0.4','2014-07-03 23:11:44','2014-07-03 23:11:44'),(156,0,'INV-2013-00',0,'florentinproject.com','http://localhost/florentinproject/',2,1,'алёна олеговна','Логоновская','mu-bro@mail.ru2','+7 (908) 476 8744','','алёна олеговна','Логоновская','','','','addr2','','admin','','Российская Федерация',176,'',22761,'','Наличными курьеру','cod','',0,'234234','','','23423','','2761','','Российская Федерация',176,'Москва',2761,'','Доставка в пределах МКАД (бесплатно)','free.free','03.07.2014 19:41',1,'+7 (324) 234 2342','test  tst','asd','491.7500',0,0,'0.0000',1,1,'RUB','1.00000000','::1','','Mozilla/5.0 (Windows NT 6.1; WOW64) AppleWebKit/535.11 (KHTML, like Gecko) Chrome/17.0.963.33 Safari/535.11','ru-RU,ru;q=0.8,en-US;q=0.6,en;q=0.4','2014-07-03 23:13:58','2014-07-03 23:13:58'),(157,0,'INV-2013-00',0,'florentinproject.com','http://localhost/florentinproject/',2,1,'алёна олеговна','Логоновская','mu-bro@mail.ru2','+7 (908) 476 8744','','алёна олеговна','Логоновская','','','','addr2','','admin','','Российская Федерация',176,'',22761,'','Наличными курьеру','cod','',0,'234234','','','23423','','2761','','Российская Федерация',176,'Москва',2761,'','Доставка в пределах МКАД (бесплатно)','free.free','03.07.2014 19:41',1,'+7 (324) 234 2342','test  tst','dfgdfgdg','491.7500',0,0,'0.0000',1,1,'RUB','1.00000000','::1','','Mozilla/5.0 (Windows NT 6.1; WOW64) AppleWebKit/535.11 (KHTML, like Gecko) Chrome/17.0.963.33 Safari/535.11','ru-RU,ru;q=0.8,en-US;q=0.6,en;q=0.4','2014-07-03 23:15:30','2014-07-03 23:15:30'),(158,0,'INV-2013-00',0,'florentinproject.com','http://localhost/florentinproject/',2,1,'алёна олеговна','Логоновская','mu-bro@mail.ru2','+7 (908) 476 8744','','алёна олеговна','Логоновская','','','','addr2','','admin','','Российская Федерация',176,'',22761,'','Наличными курьеру','cod','',0,'234234','','','23423','','2761','','Российская Федерация',176,'Москва',2761,'','Доставка в пределах МКАД (бесплатно)','free.free','03.07.2014 19:41',1,'+7 (324) 234 2342','test  tst','dfgdfgdg','491.7500',2,0,'0.0000',1,1,'RUB','1.00000000','::1','','Mozilla/5.0 (Windows NT 6.1; WOW64) AppleWebKit/535.11 (KHTML, like Gecko) Chrome/17.0.963.33 Safari/535.11','ru-RU,ru;q=0.8,en-US;q=0.6,en;q=0.4','2014-07-03 23:32:54','2014-07-03 23:32:56'),(159,0,'INV-2013-00',0,'florentinproject.com','http://localhost/florentinproject/',2,1,'алёна олеговна','Логоновская','mu-bro@mail.ru2','+7 (908) 476 8744','','алёна олеговна','Логоновская','','','','addr2','','admin','','Российская Федерация',176,'',22761,'','Оплата Банковской картой','liqpay','05.07.2014 19:39',1,'','','','','','','','',0,'',0,'','','','',0,'','','dfgdfgdg','503.0000',0,0,'0.0000',1,1,'RUB','1.00000000','::1','','Mozilla/5.0 (Windows NT 6.1; WOW64) AppleWebKit/535.11 (KHTML, like Gecko) Chrome/17.0.963.33 Safari/535.11','ru-RU,ru;q=0.8,en-US;q=0.6,en;q=0.4','2014-07-04 00:30:25','2014-07-04 00:30:25'),(160,0,'INV-2013-00',0,'florentinproject.com','http://localhost/florentinproject/',9,1,'awdasd','','ilya.artamonov@b-leader.ru','+7 (324) 234 2423','','awdasd','','','','','qweqwe2','','','','Российская Федерация',176,'Москва',2761,'','Оплата Банковской картой','liqpay','05.07.2014 19:39',1,'','','','','','','','',0,'',0,'','','','',0,'','','dfgdfgdg','202.0000',0,0,'0.0000',1,1,'RUB','1.00000000','::1','','Mozilla/5.0 (Windows NT 6.1; WOW64) AppleWebKit/535.11 (KHTML, like Gecko) Chrome/17.0.963.33 Safari/535.11','ru-RU,ru;q=0.8,en-US;q=0.6,en;q=0.4','2014-07-04 00:36:51','2014-07-04 00:36:51'),(161,0,'INV-2013-00',0,'florentinproject.com','http://localhost/florentinproject/',9,1,'awdasd','','ilya.artamonov@b-leader.ru','+7 (324) 234 2423','','awdasd','','','','','qweqwe2','','','','Российская Федерация',176,'Москва',2761,'','Наличными курьеру','cod','05.07.2014 19:39',1,'','','','','','','','',0,'',0,'','','','',0,'','','dfgdfgdg','202.0000',2,0,'0.0000',1,1,'RUB','1.00000000','::1','','Mozilla/5.0 (Windows NT 6.1; WOW64) AppleWebKit/535.11 (KHTML, like Gecko) Chrome/17.0.963.33 Safari/535.11','ru-RU,ru;q=0.8,en-US;q=0.6,en;q=0.4','2014-07-04 00:36:56','2014-07-04 00:36:58'),(162,0,'INV-2013-00',0,'florentinproject.com','http://localhost/florentinproject/',9,1,'awdasd','','ilya.artamonov@b-leader.ru','+7 (324) 234 2423','','awdasd','','','','','qweqwe2','','','','Российская Федерация',176,'Москва',2761,'','Оплата Банковской картой','liqpay','05.07.2014 20:38',1,'','','','','','','','',0,'',0,'','','','',0,'','','dfgdfgdg','101.0000',0,0,'0.0000',1,1,'RUB','1.00000000','::1','','Mozilla/5.0 (Windows NT 6.1; WOW64) AppleWebKit/535.11 (KHTML, like Gecko) Chrome/17.0.963.33 Safari/535.11','ru-RU,ru;q=0.8,en-US;q=0.6,en;q=0.4','2014-07-04 00:38:18','2014-07-04 00:38:18'),(163,0,'INV-2013-00',0,'florentinproject.com','http://localhost/florentinproject/',9,1,'awdasd','','ilya.artamonov@b-leader.ru','+7 (324) 234 2423','','awdasd','','','','','qweqwe2','','','','Российская Федерация',176,'Москва',2761,'','Наличными курьеру','cod','05.07.2014 20:38',1,'','','','','','','','',0,'',0,'','','','',0,'','','dfgdfgdg','101.0000',0,0,'0.0000',1,1,'RUB','1.00000000','::1','','Mozilla/5.0 (Windows NT 6.1; WOW64) AppleWebKit/535.11 (KHTML, like Gecko) Chrome/17.0.963.33 Safari/535.11','ru-RU,ru;q=0.8,en-US;q=0.6,en;q=0.4','2014-07-04 00:38:30','2014-07-04 00:38:30'),(164,0,'INV-2013-00',0,'florentinproject.com','http://localhost/florentinproject/',9,1,'awdasd','','ilya.artamonov@b-leader.ru','+7 (324) 234 2423','','awdasd','','','','','qweqwe2','','','','Российская Федерация',176,'Москва',2761,'','Наличными курьеру','cod','05.07.2014 20:40',1,'','','','','','','','',0,'',0,'','','','',0,'','','dfgdfgdg','101.0000',0,0,'0.0000',1,1,'RUB','1.00000000','::1','','Mozilla/5.0 (Windows NT 6.1; WOW64) AppleWebKit/535.11 (KHTML, like Gecko) Chrome/17.0.963.33 Safari/535.11','ru-RU,ru;q=0.8,en-US;q=0.6,en;q=0.4','2014-07-04 00:40:34','2014-07-04 00:40:34'),(165,0,'INV-2013-00',0,'florentinproject.com','http://localhost/florentinproject/',9,1,'awdasd','','ilya.artamonov@b-leader.ru','+7 (324) 234 2423','','awdasd','','','','','qweqwe2','','','','Российская Федерация',176,'Москва',2761,'','Наличными курьеру','cod','05.07.2014 20:40',1,'','','','','','','','',0,'',0,'','','','',0,'','','dfgdfgdg','101.0000',0,0,'0.0000',1,1,'RUB','1.00000000','::1','','Mozilla/5.0 (Windows NT 6.1; WOW64) AppleWebKit/535.11 (KHTML, like Gecko) Chrome/17.0.963.33 Safari/535.11','ru-RU,ru;q=0.8,en-US;q=0.6,en;q=0.4','2014-07-04 00:41:38','2014-07-04 00:41:38'),(166,0,'INV-2013-00',0,'florentinproject.com','http://localhost/florentinproject/',9,1,'awdasd','','ilya.artamonov@b-leader.ru','+7 (324) 234 2423','','awdasd','','','','','qweqwe2','','','','Российская Федерация',176,'Москва',2761,'','Наличными курьеру','cod','05.07.2014 20:40',1,'','','','','','','','',0,'',0,'','','','',0,'','','dfgdfgdg','101.0000',2,0,'0.0000',1,1,'RUB','1.00000000','::1','','Mozilla/5.0 (Windows NT 6.1; WOW64) AppleWebKit/535.11 (KHTML, like Gecko) Chrome/17.0.963.33 Safari/535.11','ru-RU,ru;q=0.8,en-US;q=0.6,en;q=0.4','2014-07-04 00:42:38','2014-07-04 00:42:42'),(167,0,'INV-2013-00',0,'florentinproject.com','http://localhost/florentinproject/',9,1,'awdasd','','ilya.artamonov@b-leader.ru','+7 (324) 234 2423','','awdasd','','','','','qweqwe2','','','','Российская Федерация',176,'Москва',2761,'','Наличными курьеру','cod','05.07.2014 20:40',1,'','','','','','','','',0,'',0,'','','','',0,'','','dfgdfgdg','101.0000',2,0,'0.0000',1,1,'RUB','1.00000000','::1','','Mozilla/5.0 (Windows NT 6.1; WOW64) AppleWebKit/535.11 (KHTML, like Gecko) Chrome/17.0.963.33 Safari/535.11','ru-RU,ru;q=0.8,en-US;q=0.6,en;q=0.4','2014-07-04 00:49:05','2014-07-04 00:49:07'),(168,0,'INV-2013-00',0,'florentinproject.com','http://localhost/florentinproject/',9,1,'awdasd','','ilya.artamonov@b-leader.ru','+7 (324) 234 2423','','awdasd','','','','','qweqwe2','','','','Российская Федерация',176,'Москва',2761,'','Оплата Банковской картой','liqpay','05.07.2014 20:49',1,'','','','','','','','',0,'',0,'','','','',0,'','','dfgdfgdg','101.0000',0,0,'0.0000',1,1,'RUB','1.00000000','::1','','Mozilla/5.0 (Windows NT 6.1; WOW64) AppleWebKit/535.11 (KHTML, like Gecko) Chrome/17.0.963.33 Safari/535.11','ru-RU,ru;q=0.8,en-US;q=0.6,en;q=0.4','2014-07-04 00:49:53','2014-07-04 00:49:53'),(169,0,'INV-2013-00',0,'florentinproject.com','http://localhost/florentinproject/',9,1,'awdasd','','ilya.artamonov@b-leader.ru','+7 (324) 234 2423','','awdasd','','','','','qweqwe2','','','','Российская Федерация',176,'Москва',2761,'','Наличными курьеру','cod','05.07.2014 20:49',1,'','','','','','','','',0,'',0,'','','','',0,'','','dfgdfgdg','101.0000',2,0,'0.0000',1,1,'RUB','1.00000000','::1','','Mozilla/5.0 (Windows NT 6.1; WOW64) AppleWebKit/535.11 (KHTML, like Gecko) Chrome/17.0.963.33 Safari/535.11','ru-RU,ru;q=0.8,en-US;q=0.6,en;q=0.4','2014-07-04 00:49:58','2014-07-04 00:49:59'),(170,0,'INV-2013-00',0,'florentinproject.com','http://localhost/florentinproject/',9,1,'awdasd','','ilya.artamonov@b-leader.ru','+7 (324) 234 2423','','awdasd','','','','','qweqwe2','','','','Российская Федерация',176,'Москва',2761,'','Оплата Банковской картой','liqpay','05.07.2014 20:50',1,'','','','','','','','',0,'',0,'','','','',0,'','','dfgdfgdg','101.0000',0,0,'0.0000',1,1,'RUB','1.00000000','::1','','Mozilla/5.0 (Windows NT 6.1; WOW64) AppleWebKit/535.11 (KHTML, like Gecko) Chrome/17.0.963.33 Safari/535.11','ru-RU,ru;q=0.8,en-US;q=0.6,en;q=0.4','2014-07-04 00:50:44','2014-07-04 00:50:44'),(171,0,'INV-2013-00',0,'florentinproject.com','http://localhost/florentinproject/',9,1,'awdasd','','ilya.artamonov@b-leader.ru','+7 (324) 234 2423','','awdasd','','','','','qweqwe2','','','','Российская Федерация',176,'Москва',2761,'','Наличными курьеру','cod','05.07.2014 20:50',1,'','','','','','','','',0,'',0,'','','','',0,'','','dfgdfgdg','101.0000',2,0,'0.0000',1,1,'RUB','1.00000000','::1','','Mozilla/5.0 (Windows NT 6.1; WOW64) AppleWebKit/535.11 (KHTML, like Gecko) Chrome/17.0.963.33 Safari/535.11','ru-RU,ru;q=0.8,en-US;q=0.6,en;q=0.4','2014-07-04 00:50:50','2014-07-04 00:50:51'),(172,0,'INV-2013-00',0,'florentinproject.com','http://localhost/florentinproject/',0,1,'ЙЦУ ФЫВ ','','ilya.artamonov@b-leader.ru','+7 (213) 213 1231','','ЙЦУ ФЫВ ','','','','','123','','','','Российская Федерация',176,'Москва',2761,'','Оплата Банковской картой','liqpay','',1,'','','','','','','','',0,'',0,'','','','',0,'','','','101.0000',0,0,'0.0000',1,1,'RUB','1.00000000','::1','','Mozilla/5.0 (Windows NT 6.1; WOW64) AppleWebKit/535.11 (KHTML, like Gecko) Chrome/17.0.963.33 Safari/535.11','ru-RU,ru;q=0.8,en-US;q=0.6,en;q=0.4','2014-07-06 20:18:45','2014-07-06 20:18:45'),(173,0,'INV-2013-00',0,'florentinproject.com','http://localhost/florentinproject/',0,1,'ФЫВЫФ','','ilya.artamonov@b-leader.ru','+7 (123) 123 1313','','ФЫВЫФ','','','','','223','','','','Российская Федерация',176,'Москва',2761,'','Оплата Банковской картой','liqpay','',1,'','','','','','','','',0,'',0,'','','','',0,'','','','101.0000',0,0,'0.0000',1,1,'RUB','1.00000000','::1','','Mozilla/5.0 (Windows NT 6.1; WOW64) AppleWebKit/535.11 (KHTML, like Gecko) Chrome/17.0.963.33 Safari/535.11','ru-RU,ru;q=0.8,en-US;q=0.6,en;q=0.4','2014-07-06 20:19:21','2014-07-06 20:19:21'),(174,0,'INV-2013-00',0,'florentinproject.com','http://localhost/florentinproject/',0,1,'ФЫВЫФ','','ilya.artamonov@b-leader.ru','+7 (123) 123 1313','','ФЫВЫФ','','','','','223','','','','Российская Федерация',176,'Москва',2761,'','Оплата Банковской картой','liqpay','',1,'','','','','','','','',0,'',0,'','','','',0,'','','','101.0000',0,0,'0.0000',1,1,'RUB','1.00000000','::1','','Mozilla/5.0 (Windows NT 6.1; WOW64) AppleWebKit/535.11 (KHTML, like Gecko) Chrome/17.0.963.33 Safari/535.11','ru-RU,ru;q=0.8,en-US;q=0.6,en;q=0.4','2014-07-06 20:20:23','2014-07-06 20:20:23'),(175,0,'INV-2013-00',0,'florentinproject.com','http://localhost/florentinproject/',0,1,'srdfgd','','ilya.artamonov@b-leader.ru','+7 (234) 324 2342','','srdfgd','','','','','sd34','','','','Российская Федерация',176,'Москва',2761,'','Оплата Банковской картой','liqpay','',1,'','','','','','','','',0,'',0,'','','','',0,'','','','101.0000',0,0,'0.0000',1,1,'RUB','1.00000000','::1','','Mozilla/5.0 (Windows NT 6.1; WOW64) AppleWebKit/535.11 (KHTML, like Gecko) Chrome/17.0.963.33 Safari/535.11','ru-RU,ru;q=0.8,en-US;q=0.6,en;q=0.4','2014-07-06 20:44:11','2014-07-06 20:44:11'),(176,0,'INV-2013-00',0,'florentinproject.com','http://localhost/florentinproject/',0,1,'srdfgd','','ilya.artamonov@b-leader.ru','+7 (234) 324 2342','','srdfgd','','','','','sd34','','','','Российская Федерация',176,'Москва',2761,'','Оплата Банковской картой','liqpay','',1,'','','','','','','','',0,'',0,'','','','',0,'','','','101.0000',0,0,'0.0000',1,1,'RUB','1.00000000','::1','','Mozilla/5.0 (Windows NT 6.1; WOW64) AppleWebKit/535.11 (KHTML, like Gecko) Chrome/17.0.963.33 Safari/535.11','ru-RU,ru;q=0.8,en-US;q=0.6,en;q=0.4','2014-07-06 20:45:52','2014-07-06 20:45:52'),(177,0,'INV-2013-00',0,'florentinproject.com','http://localhost/florentinproject/',0,1,'srdfgd','','ilya.artamonov@b-leader.ru','+7 (234) 324 2342','','srdfgd','','','','','sd34','','','','Российская Федерация',176,'Москва',2761,'','Оплата Банковской картой','liqpay','08.07.2014 16:33',1,'','','','','','','','',0,'',0,'','','','',0,'','','','101.0000',0,0,'0.0000',1,1,'RUB','1.00000000','::1','','Mozilla/5.0 (Windows NT 6.1; WOW64) AppleWebKit/535.11 (KHTML, like Gecko) Chrome/17.0.963.33 Safari/535.11','ru-RU,ru;q=0.8,en-US;q=0.6,en;q=0.4','2014-07-06 20:46:31','2014-07-06 20:46:31'),(178,0,'INV-2013-00',0,'florentinproject.com','http://localhost/florentinproject/',0,1,'srdfgd','','ilya.artamonov@b-leader.ru','+7 (234) 324 2342','','srdfgd','','','','','sd34','','','','Российская Федерация',176,'Москва',2761,'','Оплата Банковской картой','liqpay','08.07.2014 16:33',1,'','','','','','','','',0,'',0,'','','','',0,'','','','101.0000',0,0,'0.0000',1,1,'RUB','1.00000000','::1','','Mozilla/5.0 (Windows NT 6.1; WOW64) AppleWebKit/535.11 (KHTML, like Gecko) Chrome/17.0.963.33 Safari/535.11','ru-RU,ru;q=0.8,en-US;q=0.6,en;q=0.4','2014-07-06 21:05:22','2014-07-06 21:05:22'),(179,0,'INV-2013-00',0,'florentinproject.com','http://localhost/florentinproject/',0,1,'srdfgd','','ilya.artamonov@b-leader.ru','+7 (234) 324 2342','','srdfgd','','','','','sd34','','','','Российская Федерация',176,'Москва',2761,'','Оплата Банковской картой','liqpay','08.07.2014 16:33',1,'','','','','','','','',0,'',0,'','','','',0,'','','','101.0000',0,0,'0.0000',1,1,'RUB','1.00000000','::1','','Mozilla/5.0 (Windows NT 6.1; WOW64) AppleWebKit/535.11 (KHTML, like Gecko) Chrome/17.0.963.33 Safari/535.11','ru-RU,ru;q=0.8,en-US;q=0.6,en;q=0.4','2014-07-06 21:06:46','2014-07-06 21:06:46'),(180,0,'INV-2013-00',0,'florentinproject.com','http://localhost/florentinproject/',0,1,'srdfgd','','ilya.artamonov@b-leader.ru','+7 (234) 324 2342','','srdfgd','','','','','sd34','','','','Российская Федерация',176,'Москва',2761,'','Оплата Банковской картой','liqpay','08.07.2014 16:33',1,'','','','','','','','',0,'',0,'','','','',0,'','','','91.0000',0,0,'0.0000',1,1,'RUB','1.00000000','::1','','Mozilla/5.0 (Windows NT 6.1; WOW64) AppleWebKit/535.11 (KHTML, like Gecko) Chrome/17.0.963.33 Safari/535.11','ru-RU,ru;q=0.8,en-US;q=0.6,en;q=0.4','2014-07-06 21:07:15','2014-07-06 21:07:15'),(181,0,'INV-2013-00',0,'florentinproject.com','http://localhost/florentinproject/',0,1,'srdfgd','','ilya.artamonov@b-leader.ru','+7 (234) 324 2342','','srdfgd','','','','','sd34','','','','Российская Федерация',176,'Москва',2761,'','Оплата Банковской картой','liqpay','08.07.2014 16:33',1,'','','','','','','','',0,'',0,'','','','',0,'','','','91.0000',0,0,'0.0000',1,1,'RUB','1.00000000','::1','','Mozilla/5.0 (Windows NT 6.1; WOW64) AppleWebKit/535.11 (KHTML, like Gecko) Chrome/17.0.963.33 Safari/535.11','ru-RU,ru;q=0.8,en-US;q=0.6,en;q=0.4','2014-07-06 21:14:38','2014-07-06 21:14:38'),(182,0,'INV-2013-00',0,'florentinproject.com','http://localhost/florentinproject/',0,1,'srdfgd','','ilya.artamonov@b-leader.ru','+7 (234) 324 2342','','srdfgd','','','','','sd34','','','','Российская Федерация',176,'Москва',2761,'','Оплата Банковской картой','liqpay','08.07.2014 16:33',1,'','','','','','','','',0,'',0,'','','','',0,'','','','91.0000',0,0,'0.0000',1,1,'RUB','1.00000000','::1','','Mozilla/5.0 (Windows NT 6.1; WOW64) AppleWebKit/535.11 (KHTML, like Gecko) Chrome/17.0.963.33 Safari/535.11','ru-RU,ru;q=0.8,en-US;q=0.6,en;q=0.4','2014-07-06 21:16:28','2014-07-06 21:16:28'),(183,0,'INV-2013-00',0,'florentinproject.com','http://localhost/florentinproject/',0,1,'srdfgd','','ilya.artamonov@b-leader.ru','+7 (234) 324 2342','','srdfgd','','','','','sd34','','','','Российская Федерация',176,'Москва',2761,'','Оплата Банковской картой','liqpay','08.07.2014 16:33',1,'','','','','','','','',0,'',0,'','','','',0,'','На Вашу почту будет отправлено\nписьмо с деталями заказа.\nНаши менеджеры свяжутся с Вами,\nчтобы обсудить детали доставки.\nСпасибо, что выбрали нас!','','91.0000',0,0,'0.0000',1,1,'RUB','1.00000000','::1','','Mozilla/5.0 (Windows NT 6.1; WOW64) AppleWebKit/535.11 (KHTML, like Gecko) Chrome/17.0.963.33 Safari/535.11','ru-RU,ru;q=0.8,en-US;q=0.6,en;q=0.4','2014-07-06 21:17:08','2014-07-06 21:17:08'),(184,0,'INV-2013-00',0,'florentinproject.com','http://localhost/florentinproject/',0,1,'srdfgd','','ilya.artamonov@b-leader.ru','+7 (234) 324 2342','','srdfgd','','','','','sd34','','','','Российская Федерация',176,'Москва',2761,'','Оплата Банковской картой','liqpay','08.07.2014 16:33',1,'','','','','','','','',0,'',0,'','','','',0,'','На Вашу почту будет отправлено\nписьмо с деталями заказа.\nНаши менеджеры свяжутся с Вами,\nчтобы обсудить детали доставки.\nСпасибо, что выбрали нас!\nаааааааааааааааааааааааааааааааааааааааааааааааааааааааааааааааааааааааааааааааааааааааааааааааааааааааааааа','','91.0000',0,0,'0.0000',1,1,'RUB','1.00000000','::1','','Mozilla/5.0 (Windows NT 6.1; WOW64) AppleWebKit/535.11 (KHTML, like Gecko) Chrome/17.0.963.33 Safari/535.11','ru-RU,ru;q=0.8,en-US;q=0.6,en;q=0.4','2014-07-06 21:17:21','2014-07-06 21:17:21'),(185,0,'INV-2013-00',0,'florentinproject.com','http://localhost/florentinproject/',0,1,'srdfgd','','ilya.artamonov@b-leader.ru','+7 (234) 324 2342','','srdfgd','','','','','sd34','','','','Российская Федерация',176,'Москва',2761,'','Оплата Банковской картой','liqpay','08.07.2014 16:33',1,'','','','','','','','',0,'',0,'','','','',0,'','На Вашу почту будет отправлено\nписьмо с деталями заказа.\nНаши менеджеры свяжутся с Вами,\nчтобы обсудить детали доставки.\nСпасибо, что выбрали нас!\nаааааааааааааааааааааааааааааааааааааааааааааааааааааааааааааааааааааааooooooooooooooooooooooooooooooooooooooааааааааааааааааааааааааааааааааааааа','','91.0000',0,0,'0.0000',1,1,'RUB','1.00000000','::1','','Mozilla/5.0 (Windows NT 6.1; WOW64) AppleWebKit/535.11 (KHTML, like Gecko) Chrome/17.0.963.33 Safari/535.11','ru-RU,ru;q=0.8,en-US;q=0.6,en;q=0.4','2014-07-06 21:24:35','2014-07-06 21:24:35'),(186,0,'INV-2013-00',0,'florentinproject.com','http://localhost/florentinproject/',0,1,'srdfgd','','ilya.artamonov@b-leader.ru','+7 (234) 324 2342','','srdfgd','','','','','sd34','','','','Российская Федерация',176,'Москва',2761,'','Оплата Банковской картой','liqpay','08.07.2014 16:33',1,'','','','','','','','',0,'',0,'','','','',0,'','На Вашу почту будет отправлено\nписьмо с деталями заказа.\nНаши менеджеры свяжутся с Вами,\nчтобы обсудить детали доставки.\nСпасибо, что выбрали нас!\nаааааааааааааааааааааааааааааааааааааааааааааааааааааааааааааааааааааааooooooooooooooooooooooooooooooooooooooааааааааааааааааааааааааааааааааааааа','','91.0000',0,0,'0.0000',1,1,'RUB','1.00000000','::1','','Mozilla/5.0 (Windows NT 6.1; WOW64) AppleWebKit/535.11 (KHTML, like Gecko) Chrome/17.0.963.33 Safari/535.11','ru-RU,ru;q=0.8,en-US;q=0.6,en;q=0.4','2014-07-06 21:25:25','2014-07-06 21:25:25'),(187,0,'INV-2013-00',0,'florentinproject.com','http://localhost/florentinproject/',0,1,'srdfgd','','ilya.artamonov@b-leader.ru','+7 (234) 324 2342','','srdfgd','','','','','sd34','','','','Российская Федерация',176,'Москва',2761,'','Оплата Банковской картой','liqpay','08.07.2014 16:33',1,'','','','','','','','',0,'',0,'','','','',0,'','На Вашу почту будет отправлено\nписьмо с деталями заказа.\nНаши менеджеры свяжутся с Вами,\nчтобы обсудить детали доставки.\nСпасибо, что выбрали нас!\nаааааааааааааааааааааааааааааааааааааааааааааааааааааааааааааааааааааааooooooooooooooooooooooooooooooooooooooааааааааааааааааааааааааааааааааааааа','','91.0000',0,0,'0.0000',1,1,'RUB','1.00000000','::1','','Mozilla/5.0 (Windows NT 6.1; WOW64) AppleWebKit/535.11 (KHTML, like Gecko) Chrome/17.0.963.33 Safari/535.11','ru-RU,ru;q=0.8,en-US;q=0.6,en;q=0.4','2014-07-06 21:53:16','2014-07-06 21:53:16'),(188,0,'INV-2013-00',0,'florentinproject.com','http://localhost/florentinproject/',0,1,'srdfgd','','ilya.artamonov@b-leader.ru','+7 (234) 324 2342','','srdfgd','','','','','sd34','','','','Российская Федерация',176,'Москва',2761,'','Оплата Банковской картой','liqpay','08.07.2014 16:33',1,'','','','','','','','',0,'',0,'','','','',0,'','На Вашу почту будет отправлено\nписьмо с деталями заказа.\nНаши менеджеры свяжутся с Вами,\nчтобы обсудить детали доставки.\nСпасибо, что выбрали нас!\nаааааааааааааааааааааааааааааааааааааааааааааааааааааааааааааааааааааааooooooooooooooooooooooooooooooooooooooааааааааааааааааааааааааааааааааааааа','','91.0000',0,0,'0.0000',1,1,'RUB','1.00000000','::1','','Mozilla/5.0 (Windows NT 6.1; WOW64) AppleWebKit/535.11 (KHTML, like Gecko) Chrome/17.0.963.33 Safari/535.11','ru-RU,ru;q=0.8,en-US;q=0.6,en;q=0.4','2014-07-06 21:59:01','2014-07-06 21:59:01'),(189,0,'INV-2013-00',0,'florentinproject.com','http://localhost/florentinproject/',0,1,'srdfgd','','ilya.artamonov@b-leader.ru','+7 (234) 324 2342','','srdfgd','','','','','sd34','','','','Российская Федерация',176,'Москва',2761,'','Оплата Банковской картой','liqpay','08.07.2014 16:33',1,'','','','','','','','',0,'',0,'','','','',0,'','На Вашу почту будет отправлено\nписьмо с деталями заказа.\nНаши менеджеры свяжутся с Вами,\nчтобы обсудить детали доставки.\nСпасибо, что выбрали нас!\nаааааааааааааааааааааааааааааааааааааааааааааааааааааааааааааааааааааааooooooooooooooooooooooooooooooooooooooааааааааааааааааааааааааааааааааааааа','','91.0000',0,0,'0.0000',1,1,'RUB','1.00000000','::1','','Mozilla/5.0 (Windows NT 6.1; WOW64) AppleWebKit/535.11 (KHTML, like Gecko) Chrome/17.0.963.33 Safari/535.11','ru-RU,ru;q=0.8,en-US;q=0.6,en;q=0.4','2014-07-06 21:59:38','2014-07-06 21:59:38'),(190,0,'INV-2013-00',0,'florentinproject.com','http://localhost/florentinproject/',0,1,'srdfgd','','ilya.artamonov@b-leader.ru','+7 (234) 324 2342','','srdfgd','','','','','sd34','','','','Российская Федерация',176,'Москва',2761,'','Оплата Банковской картой','liqpay','08.07.2014 16:33',1,'','','','','','','','',0,'',0,'','','','',0,'','На Вашу почту будет отправлено\nписьмо с деталями заказа.\nНаши менеджеры свяжутся с Вами,\nчтобы обсудить детали доставки.\nСпасибо, что выбрали нас!\nаааааааааааааааааааааааааааааааааааааааааааааааааааааааааааааааааааааааooooooooooooooooooooooooooooooooooooooааааааааааааааааааааааааааааааааааааа','','91.0000',0,0,'0.0000',1,1,'RUB','1.00000000','::1','','Mozilla/5.0 (Windows NT 6.1; WOW64) AppleWebKit/535.11 (KHTML, like Gecko) Chrome/17.0.963.33 Safari/535.11','ru-RU,ru;q=0.8,en-US;q=0.6,en;q=0.4','2014-07-06 21:59:55','2014-07-06 21:59:55'),(191,0,'INV-2013-00',0,'florentinproject.com','http://localhost/florentinproject/',0,1,'srdfgd','','ilya.artamonov@b-leader.ru','+7 (234) 324 2342','','srdfgd','','','','','sd34','','','','Российская Федерация',176,'Москва',2761,'','Оплата Банковской картой','liqpay','08.07.2014 16:33',1,'','','','','','','','',0,'',0,'','','','',0,'','На Вашу почту будет отправлено\nписьмо с деталями заказа.\nНаши менеджеры свяжутся с Вами,\nчтобы обсудить детали доставки.\nСпасибо, что выбрали нас!\nаааааааааааааааааааааааааааааааааааааааааааааааааааааааааааааааааааааааooooooooooooooooooooooooooooooooooooooааааааааааааааааааааааааааааааааааааа','','91.0000',0,0,'0.0000',1,1,'RUB','1.00000000','::1','','Mozilla/5.0 (Windows NT 6.1; WOW64) AppleWebKit/535.11 (KHTML, like Gecko) Chrome/17.0.963.33 Safari/535.11','ru-RU,ru;q=0.8,en-US;q=0.6,en;q=0.4','2014-07-06 22:00:44','2014-07-06 22:00:44'),(192,0,'INV-2013-00',0,'florentinproject.com','http://localhost/florentinproject/',0,1,'srdfgd','','ilya.artamonov@b-leader.ru','+7 (234) 324 2342','','srdfgd','','','','','sd34','','','','Российская Федерация',176,'Москва',2761,'','Оплата Банковской картой','liqpay','08.07.2014 16:33',1,'','','','','','','','',0,'',0,'','','','',0,'','На Вашу почту будет отправлено\nписьмо с деталями заказа.\nНаши менеджеры свяжутся с Вами,\nчтобы обсудить детали доставки.\nСпасибо, что выбрали нас!\nаааааааааааааааааааааааааааааааааааааааааааааааааааааааааааааааааааааааooooooooooooooooooooooooooooooooooooooааааааааааааааааааааааааааааааааааааа','','91.0000',0,0,'0.0000',1,1,'RUB','1.00000000','::1','','Mozilla/5.0 (Windows NT 6.1; WOW64) AppleWebKit/535.11 (KHTML, like Gecko) Chrome/17.0.963.33 Safari/535.11','ru-RU,ru;q=0.8,en-US;q=0.6,en;q=0.4','2014-07-06 22:04:52','2014-07-06 22:04:52'),(193,0,'INV-2013-00',0,'florentinproject.com','http://localhost/florentinproject/',0,1,'srdfgd','','ilya.artamonov@b-leader.ru','+7 (234) 324 2342','','srdfgd','','','','','sd34','','','','Российская Федерация',176,'Москва',2761,'','Оплата Банковской картой','liqpay','08.07.2014 16:33',1,'','','','','','','','',0,'',0,'','','','',0,'','На Вашу почту будет отправлено\nписьмо с деталями заказа.\nНаши менеджеры свяжутся с Вами,\nчтобы обсудить детали доставки.\nСпасибо, что выбрали нас!\nаааааааааааааааааааааааааааааааааааааааааааааааааааааааааааааааааааааааooooooooooooooooooooooooooooooooooooooааааааааааааааааааааааааааааааааааааа','','91.0000',0,0,'0.0000',1,1,'RUB','1.00000000','::1','','Mozilla/5.0 (Windows NT 6.1; WOW64) AppleWebKit/535.11 (KHTML, like Gecko) Chrome/17.0.963.33 Safari/535.11','ru-RU,ru;q=0.8,en-US;q=0.6,en;q=0.4','2014-07-06 22:07:37','2014-07-06 22:07:37'),(194,0,'INV-2013-00',0,'florentinproject.com','http://localhost/florentinproject/',0,1,'srdfgd','','ilya.artamonov@b-leader.ru','+7 (234) 324 2342','','srdfgd','','','','','sd34','','','','Российская Федерация',176,'Москва',2761,'','Оплата Банковской картой','liqpay','08.07.2014 16:33',1,'','','','','','','','',0,'',0,'','','','',0,'','На Вашу почту будет отправлено\nписьмо с деталями заказа.\nНаши менеджеры свяжутся с Вами,\nчтобы обсудить детали доставки.\nСпасибо, что выбрали нас!\nаааааааааааааааааааааааааааааааааааааааааааааааааааааааааааааааааааааааooooooooooooooooooooooooooooooooooooooааааааааааааааааааааааааааааааааааааа','','91.0000',0,0,'0.0000',1,1,'RUB','1.00000000','::1','','Mozilla/5.0 (Windows NT 6.1; WOW64) AppleWebKit/535.11 (KHTML, like Gecko) Chrome/17.0.963.33 Safari/535.11','ru-RU,ru;q=0.8,en-US;q=0.6,en;q=0.4','2014-07-06 22:08:02','2014-07-06 22:08:02'),(195,0,'INV-2013-00',0,'florentinproject.com','http://localhost/florentinproject/',0,1,'srdfgd','','ilya.artamonov@b-leader.ru','+7 (234) 324 2342','','srdfgd','','','','','sd34','','','','Российская Федерация',176,'Москва',2761,'','Оплата Банковской картой','liqpay','08.07.2014 16:33',1,'','','','','','','','',0,'',0,'','','','',0,'','На Вашу почту будет отправлено\nписьмо с деталями заказа.\nНаши менеджеры свяжутся с Вами,\nчтобы обсудить детали доставки.\nСпасибо, что выбрали нас!\nаааааааааааааааааааааааааааааааааааааааааааааааааааааааааааааааааааааааooooooooooooooooooooooooooooooooooooooааааааааааааааааааааааааааааааааааааа','','91.0000',0,0,'0.0000',1,1,'RUB','1.00000000','::1','','Mozilla/5.0 (Windows NT 6.1; WOW64) AppleWebKit/535.11 (KHTML, like Gecko) Chrome/17.0.963.33 Safari/535.11','ru-RU,ru;q=0.8,en-US;q=0.6,en;q=0.4','2014-07-06 22:10:58','2014-07-06 22:10:58'),(196,0,'INV-2013-00',0,'florentinproject.com','http://localhost/florentinproject/',0,1,'srdfgd','','ilya.artamonov@b-leader.ru','+7 (234) 324 2342','','srdfgd','','','','','sd34','','','','Российская Федерация',176,'Москва',2761,'','Наличными курьеру','cod','08.07.2014 16:33',1,'','','','','','','','',0,'',0,'','','','',0,'','На Вашу почту будет отправлено\nписьмо с деталями заказа.\nНаши менеджеры свяжутся с Вами,\nчтобы обсудить детали доставки.\nСпасибо, что выбрали нас!\nаааааааааааааааааааааааааааааааааааааааааааааааааааааааааааааааааааааааooooooooooooooooooooooooooooooooooooooааааааааааааааааааааааааааааааааааааа','','91.0000',0,0,'0.0000',1,1,'RUB','1.00000000','::1','','Mozilla/5.0 (Windows NT 6.1; WOW64) AppleWebKit/535.11 (KHTML, like Gecko) Chrome/17.0.963.33 Safari/535.11','ru-RU,ru;q=0.8,en-US;q=0.6,en;q=0.4','2014-07-06 22:11:04','2014-07-06 22:11:04'),(197,0,'INV-2013-00',0,'florentinproject.com','http://localhost/florentinproject/',0,1,'srdfgd','','ilya.artamonov@b-leader.ru','+7 (234) 324 2342','','srdfgd','','','','','sd34','','','','Российская Федерация',176,'Москва',2761,'','Наличными курьеру','cod','08.07.2014 16:33',1,'','','','','','','','',0,'',0,'','','','',0,'','На Вашу почту будет отправлено\nписьмо с деталями заказа.\nНаши менеджеры свяжутся с Вами,\nчтобы обсудить детали доставки.\nСпасибо, что выбрали нас!\nаааааааааааааааааааааааааааааааааааааааааааааааааааааааааааааааааааааааooooooooooooooooooooooooooooooooooooooааааааааааааааааааааааааааааааааааааа','','91.0000',0,0,'0.0000',1,1,'RUB','1.00000000','::1','','Mozilla/5.0 (Windows NT 6.1; WOW64) AppleWebKit/535.11 (KHTML, like Gecko) Chrome/17.0.963.33 Safari/535.11','ru-RU,ru;q=0.8,en-US;q=0.6,en;q=0.4','2014-07-06 22:12:43','2014-07-06 22:12:43'),(198,0,'INV-2013-00',0,'florentinproject.com','http://localhost/florentinproject/',0,1,'srdfgd','','ilya.artamonov@b-leader.ru','+7 (234) 324 2342','','srdfgd','','','','','sd34','','','','Российская Федерация',176,'Москва',2761,'','Наличными курьеру','cod','08.07.2014 16:33',1,'','','','','','','','',0,'',0,'','','','',0,'','На Вашу почту будет отправлено\nписьмо с деталями заказа.\nНаши менеджеры свяжутся с Вами,\nчтобы обсудить детали доставки.\nСпасибо, что выбрали нас!\nаааааааааааааааааааааааааааааааааааааааааааааааааааааааааааааааааааааааooooooooooooooooooooooooooooooooooooooааааааааааааааааааааааааааааааааааааа','','91.0000',0,0,'0.0000',1,1,'RUB','1.00000000','::1','','Mozilla/5.0 (Windows NT 6.1; WOW64) AppleWebKit/535.11 (KHTML, like Gecko) Chrome/17.0.963.33 Safari/535.11','ru-RU,ru;q=0.8,en-US;q=0.6,en;q=0.4','2014-07-06 22:25:32','2014-07-06 22:25:32'),(199,0,'INV-2013-00',0,'florentinproject.com','http://localhost/florentinproject/',0,1,'srdfgd','','ilya.artamonov@b-leader.ru','+7 (234) 324 2342','','srdfgd','','','','','sd34','','','','Российская Федерация',176,'Москва',2761,'','Наличными курьеру','cod','08.07.2014 16:33',1,'','','','','','','','',0,'',0,'','','','',0,'','На Вашу почту будет отправлено\nписьмо с деталями заказа.\nНаши менеджеры свяжутся с Вами,\nчтобы обсудить детали доставки.\nСпасибо, что выбрали нас!\nаааааааааааааааааааааааааааааааааааааааааааааааааааааааааааааааааааааааooooooooooooooooooooooooooooooooooooooааааааааааааааааааааааааааааааааааааа','','91.0000',0,0,'0.0000',1,1,'RUB','1.00000000','::1','','Mozilla/5.0 (Windows NT 6.1; WOW64) AppleWebKit/535.11 (KHTML, like Gecko) Chrome/17.0.963.33 Safari/535.11','ru-RU,ru;q=0.8,en-US;q=0.6,en;q=0.4','2014-07-06 22:26:04','2014-07-06 22:26:04'),(200,0,'INV-2013-00',0,'florentinproject.com','http://localhost/florentinproject/',0,1,'srdfgd','','ilya.artamonov@b-leader.ru','+7 (234) 324 2342','','srdfgd','','','','','sd34','','','','Российская Федерация',176,'Москва',2761,'','Наличными курьеру','cod','08.07.2014 16:33',1,'','','','','','','','',0,'',0,'','','','',0,'','На Вашу почту будет отправлено\nписьмо с деталями заказа.\nНаши менеджеры свяжутся с Вами,\nчтобы обсудить детали доставки.\nСпасибо, что выбрали нас!\nаааааааааааааааааааааааааааааааааааааааааааааааааааааааааааааааааааааааooooooooooooooooooooooooooooooooooooooааааааааааааааааааааааааааааааааааааа','','91.0000',0,0,'0.0000',1,1,'RUB','1.00000000','::1','','Mozilla/5.0 (Windows NT 6.1; WOW64) AppleWebKit/535.11 (KHTML, like Gecko) Chrome/17.0.963.33 Safari/535.11','ru-RU,ru;q=0.8,en-US;q=0.6,en;q=0.4','2014-07-06 22:26:17','2014-07-06 22:26:17'),(201,0,'INV-2013-00',0,'florentinproject.com','http://localhost/florentinproject/',0,1,'srdfgd','','ilya.artamonov@b-leader.ru','+7 (234) 324 2342','','srdfgd','','','','','sd34','','','','Российская Федерация',176,'Москва',2761,'','Наличными курьеру','cod','08.07.2014 16:33',1,'','','','','','','','',0,'',0,'','','','',0,'','На Вашу почту будет отправлено\nписьмо с деталями заказа.\nНаши менеджеры свяжутся с Вами,\nчтобы обсудить детали доставки.\nСпасибо, что выбрали нас!\nаааааааааааааааааааааааааааааааааааааааааааааааааааааааааааааааааааааааooooooooooooooooooooooooooooooooooooooааааааааааааааааааааааааааааааааааааа','','91.0000',0,0,'0.0000',1,1,'RUB','1.00000000','::1','','Mozilla/5.0 (Windows NT 6.1; WOW64) AppleWebKit/535.11 (KHTML, like Gecko) Chrome/17.0.963.33 Safari/535.11','ru-RU,ru;q=0.8,en-US;q=0.6,en;q=0.4','2014-07-06 22:27:31','2014-07-06 22:27:31'),(202,0,'INV-2013-00',0,'florentinproject.com','http://localhost/florentinproject/',0,1,'srdfgd','','ilya.artamonov@b-leader.ru','+7 (234) 324 2342','','srdfgd','','','','','sd34','','','','Российская Федерация',176,'Москва',2761,'','Наличными курьеру','cod','08.07.2014 16:33',1,'','','','','','','','',0,'',0,'','','','',0,'','На Вашу почту будет отправлено\nписьмо с деталями заказа.\nНаши менеджеры свяжутся с Вами,\nчтобы обсудить детали доставки.\nСпасибо, что выбрали нас!\nаааааааааааааааааааааааааааааааааааааааааааааааааааааааааааааааааааааааooooooooooooooooooooooooooooooooooooooааааааааааааааааааааааааааааааааааааа','','91.0000',0,0,'0.0000',1,1,'RUB','1.00000000','::1','','Mozilla/5.0 (Windows NT 6.1; WOW64) AppleWebKit/535.11 (KHTML, like Gecko) Chrome/17.0.963.33 Safari/535.11','ru-RU,ru;q=0.8,en-US;q=0.6,en;q=0.4','2014-07-06 22:27:50','2014-07-06 22:27:50'),(203,0,'INV-2013-00',0,'florentinproject.com','http://localhost/florentinproject/',0,1,'srdfgd','','ilya.artamonov@b-leader.ru','+7 (234) 324 2342','','srdfgd','','','','','sd34','','','','Российская Федерация',176,'Москва',2761,'','Наличными курьеру','cod','08.07.2014 16:33',1,'','','','','','','','',0,'',0,'','','','',0,'','На Вашу почту будет отправлено\nписьмо с деталями заказа.\nНаши менеджеры свяжутся с Вами,\nчтобы обсудить детали доставки.\nСпасибо, что выбрали нас!\nаааааааааааааааааааааааааааааааааааааааааааааааааааааааааааааааааааааааooooooooooooooooooooooooooooooooooooooааааааааааааааааааааааааааааааааааааа','','91.0000',0,0,'0.0000',1,1,'RUB','1.00000000','::1','','Mozilla/5.0 (Windows NT 6.1; WOW64) AppleWebKit/535.11 (KHTML, like Gecko) Chrome/17.0.963.33 Safari/535.11','ru-RU,ru;q=0.8,en-US;q=0.6,en;q=0.4','2014-07-06 22:28:06','2014-07-06 22:28:06'),(204,0,'INV-2013-00',0,'florentinproject.com','http://localhost/florentinproject/',0,1,'srdfgd','','ilya.artamonov@b-leader.ru','+7 (234) 324 2342','','srdfgd','','','','','sd34','','','','Российская Федерация',176,'Москва',2761,'','Наличными курьеру','cod','08.07.2014 16:33',1,'','','','','','','','',0,'',0,'','','','',0,'','На Вашу почту будет отправлено\nписьмо с деталями заказа.\nНаши менеджеры свяжутся с Вами,\nчтобы обсудить детали доставки.\nСпасибо, что выбрали нас!\nаааааааааааааааааааааааааааааааааааааааааааааааааааааааааааааааааааааааooooooooooooooooooooooooooooooooooooooааааааааааааааааааааааааааааааааааааа','','91.0000',0,0,'0.0000',1,1,'RUB','1.00000000','::1','','Mozilla/5.0 (Windows NT 6.1; WOW64) AppleWebKit/535.11 (KHTML, like Gecko) Chrome/17.0.963.33 Safari/535.11','ru-RU,ru;q=0.8,en-US;q=0.6,en;q=0.4','2014-07-06 22:28:29','2014-07-06 22:28:29'),(205,0,'INV-2013-00',0,'florentinproject.com','http://localhost/florentinproject/',0,1,'srdfgd','','ilya.artamonov@b-leader.ru','+7 (234) 324 2342','','srdfgd','','','','','sd34','','','','Российская Федерация',176,'Москва',2761,'','Наличными курьеру','cod','08.07.2014 16:33',1,'','','','','','','','',0,'',0,'','','','',0,'','На Вашу почту будет отправлено\nписьмо с деталями заказа.\nНаши менеджеры свяжутся с Вами,\nчтобы обсудить детали доставки.\nСпасибо, что выбрали нас!\nаааааааааааааааааааааааааааааааааааааааааааааааааааааааааааааааааааааааooooooooooooooooooooooooooooooooooooooааааааааааааааааааааааааааааааааааааа','','91.0000',0,0,'0.0000',1,1,'RUB','1.00000000','::1','','Mozilla/5.0 (Windows NT 6.1; WOW64) AppleWebKit/535.11 (KHTML, like Gecko) Chrome/17.0.963.33 Safari/535.11','ru-RU,ru;q=0.8,en-US;q=0.6,en;q=0.4','2014-07-06 22:28:40','2014-07-06 22:28:40'),(206,0,'INV-2013-00',0,'florentinproject.com','http://localhost/florentinproject/',0,1,'srdfgd','','ilya.artamonov@b-leader.ru','+7 (234) 324 2342','','srdfgd','','','','','sd34','','','','Российская Федерация',176,'Москва',2761,'','Наличными курьеру','cod','08.07.2014 16:33',1,'','','','','','','','',0,'',0,'','','','',0,'','На Вашу почту будет отправлено\nписьмо с деталями заказа.\nНаши менеджеры свяжутся с Вами,\nчтобы обсудить детали доставки.\nСпасибо, что выбрали нас!\nаааааааааааааааааааааааааааааааааааааааааааааааааааааааааааааааааааааааooooooooooooooooooooooooooooooooooooooааааааааааааааааааааааааааааааааааааа','','91.0000',0,0,'0.0000',1,1,'RUB','1.00000000','::1','','Mozilla/5.0 (Windows NT 6.1; WOW64) AppleWebKit/535.11 (KHTML, like Gecko) Chrome/17.0.963.33 Safari/535.11','ru-RU,ru;q=0.8,en-US;q=0.6,en;q=0.4','2014-07-06 22:28:52','2014-07-06 22:28:52'),(207,0,'INV-2013-00',0,'florentinproject.com','http://localhost/florentinproject/',0,1,'srdfgd','','ilya.artamonov@b-leader.ru','+7 (234) 324 2342','','srdfgd','','','','','sd34','','','','Российская Федерация',176,'Москва',2761,'','Наличными курьеру','cod','08.07.2014 16:33',1,'','','','','','','','',0,'',0,'','','','',0,'','На Вашу почту будет отправлено\nписьмо с деталями заказа.\nНаши менеджеры свяжутся с Вами,\nчтобы обсудить детали доставки.\nСпасибо, что выбрали нас!\nаааааааааааааааааааааааааааааааааааааааааааааааааааааааааааааааааааааааooooooooooooooooooooooooooooooooooooooааааааааааааааааааааааааааааааааааааа','','91.0000',2,0,'0.0000',1,1,'RUB','1.00000000','::1','','Mozilla/5.0 (Windows NT 6.1; WOW64) AppleWebKit/535.11 (KHTML, like Gecko) Chrome/17.0.963.33 Safari/535.11','ru-RU,ru;q=0.8,en-US;q=0.6,en;q=0.4','2014-07-06 22:29:50','2014-07-06 22:29:56'),(208,0,'INV-2013-00',0,'florentinproject.com','http://localhost/florentinproject/',0,1,'3424','','ilya.artamonov@b-leader.ru','+7 (324) 234 2423','','3424','','','','','32343','','','','Российская Федерация',176,'Москва',2761,'','Оплата Банковской картой','liqpay','08.07.2014 18:32',1,'','','','','','','','',0,'',0,'','','','',0,'','','','101.0000',0,0,'0.0000',1,1,'RUB','1.00000000','::1','','Mozilla/5.0 (Windows NT 6.1; WOW64) AppleWebKit/535.11 (KHTML, like Gecko) Chrome/17.0.963.33 Safari/535.11','ru-RU,ru;q=0.8,en-US;q=0.6,en;q=0.4','2014-07-06 22:32:44','2014-07-06 22:32:44'),(209,0,'INV-2013-00',0,'florentinproject.com','http://localhost/florentinproject/',0,1,'3424','','ilya.artamonov@b-leader.ru','+7 (324) 234 2423','','3424','','','','','32343','','','','Российская Федерация',176,'Москва',2761,'','Оплата Банковской картой','liqpay','08.07.2014 18:32',1,'','','','','','','','',0,'',0,'','','','',0,'','','','101.0000',0,0,'0.0000',1,1,'RUB','1.00000000','::1','','Mozilla/5.0 (Windows NT 6.1; WOW64) AppleWebKit/535.11 (KHTML, like Gecko) Chrome/17.0.963.33 Safari/535.11','ru-RU,ru;q=0.8,en-US;q=0.6,en;q=0.4','2014-07-06 22:33:28','2014-07-06 22:33:28'),(210,0,'INV-2013-00',0,'florentinproject.com','http://localhost/florentinproject/',0,1,'3424','','ilya.artamonov@b-leader.ru','+7 (324) 234 2423','','3424','','','','','32343','','','','Российская Федерация',176,'Москва',2761,'','Наличными курьеру','cod','08.07.2014 18:32',1,'','','','','','','','',0,'',0,'','','','',0,'','','','101.0000',0,0,'0.0000',1,1,'RUB','1.00000000','::1','','Mozilla/5.0 (Windows NT 6.1; WOW64) AppleWebKit/535.11 (KHTML, like Gecko) Chrome/17.0.963.33 Safari/535.11','ru-RU,ru;q=0.8,en-US;q=0.6,en;q=0.4','2014-07-06 22:33:37','2014-07-06 22:33:37'),(211,0,'INV-2013-00',0,'florentinproject.com','http://localhost/florentinproject/',0,1,'3424','','ilya.artamonov@b-leader.ru','+7 (324) 234 2423','','3424','','','','','32343','','','','Российская Федерация',176,'Москва',2761,'','Оплата Банковской картой','liqpay','08.07.2014 18:32',1,'','','','','','','','',0,'',0,'','','','',0,'','','','101.0000',0,0,'0.0000',1,1,'RUB','1.00000000','::1','','Mozilla/5.0 (Windows NT 6.1; WOW64) AppleWebKit/535.11 (KHTML, like Gecko) Chrome/17.0.963.33 Safari/535.11','ru-RU,ru;q=0.8,en-US;q=0.6,en;q=0.4','2014-07-06 22:33:40','2014-07-06 22:33:40'),(212,0,'INV-2013-00',0,'florentinproject.com','http://localhost/florentinproject/',0,1,'3424','','ilya.artamonov@b-leader.ru','+7 (324) 234 2423','','3424','','','','','32343','','','','Российская Федерация',176,'Москва',2761,'','Оплата Банковской картой','liqpay','08.07.2014 18:32',1,'','','','','','','','',0,'',0,'','','','',0,'','','','101.0000',0,0,'0.0000',1,1,'RUB','1.00000000','::1','','Mozilla/5.0 (Windows NT 6.1; WOW64) AppleWebKit/535.11 (KHTML, like Gecko) Chrome/17.0.963.33 Safari/535.11','ru-RU,ru;q=0.8,en-US;q=0.6,en;q=0.4','2014-07-06 22:35:25','2014-07-06 22:35:25'),(213,0,'INV-2013-00',0,'florentinproject.com','http://localhost/florentinproject/',0,1,'3424','','ilya.artamonov@b-leader.ru','+7 (324) 234 2423','','3424','','','','','32343','','','','Российская Федерация',176,'Москва',2761,'','Оплата Банковской картой','liqpay','08.07.2014 18:32',1,'','','','','','','','',0,'',0,'','','','',0,'','','','101.0000',0,0,'0.0000',1,1,'RUB','1.00000000','::1','','Mozilla/5.0 (Windows NT 6.1; WOW64) AppleWebKit/535.11 (KHTML, like Gecko) Chrome/17.0.963.33 Safari/535.11','ru-RU,ru;q=0.8,en-US;q=0.6,en;q=0.4','2014-07-06 22:35:35','2014-07-06 22:35:35'),(214,0,'INV-2013-00',0,'florentinproject.com','http://localhost/florentinproject/',14,1,'3424','','ilya.artamonov@b-leader.ru','+7 (324) 234 2423','','3424','','','','','32343','32343','','','Российская Федерация',176,'Москва',2761,'','Оплата Банковской картой','liqpay','08.07.2014 18:32',1,'','','','','','','','',0,'',0,'','','','',0,'','','','101.0000',0,0,'0.0000',1,1,'RUB','1.00000000','::1','','Mozilla/5.0 (Windows NT 6.1; WOW64) AppleWebKit/535.11 (KHTML, like Gecko) Chrome/17.0.963.33 Safari/535.11','ru-RU,ru;q=0.8,en-US;q=0.6,en;q=0.4','2014-07-06 22:46:40','2014-07-06 22:46:40'),(215,0,'INV-2013-00',0,'florentinproject.com','http://localhost/florentinproject/',14,1,'3424','','ilya.artamonov@b-leader.ru','+7 (324) 234 2423','','3424','','','','','32343','32343','','','Российская Федерация',176,'Москва',2761,'','Наличными курьеру','cod','08.07.2014 18:32',1,'','','','','','','','',0,'',0,'','','','',0,'','','','101.0000',0,0,'0.0000',1,1,'RUB','1.00000000','::1','','Mozilla/5.0 (Windows NT 6.1; WOW64) AppleWebKit/535.11 (KHTML, like Gecko) Chrome/17.0.963.33 Safari/535.11','ru-RU,ru;q=0.8,en-US;q=0.6,en;q=0.4','2014-07-06 22:47:00','2014-07-06 22:47:00'),(216,0,'INV-2013-00',0,'florentinproject.com','http://localhost/florentinproject/',14,1,'3424','','ilya.artamonov@b-leader.ru','+7 (324) 234 2423','','3424','','','','','32343','32343','','','Российская Федерация',176,'Москва',2761,'','Оплата Банковской картой','liqpay','08.07.2014 18:32',1,'','','','','','','','',0,'',0,'','','','',0,'','','','101.0000',0,0,'0.0000',1,1,'RUB','1.00000000','::1','','Mozilla/5.0 (Windows NT 6.1; WOW64) AppleWebKit/535.11 (KHTML, like Gecko) Chrome/17.0.963.33 Safari/535.11','ru-RU,ru;q=0.8,en-US;q=0.6,en;q=0.4','2014-07-06 22:47:06','2014-07-06 22:47:06'),(217,0,'INV-2013-00',0,'florentinproject.com','http://localhost/florentinproject/',14,1,'3424','','ilya.artamonov@b-leader.ru','+7 (324) 234 2423','','3424','','','','','32343','32343','','','Российская Федерация',176,'Москва',2761,'','Оплата Банковской картой','liqpay','08.07.2014 18:32',1,'','','','','','','','',0,'',0,'','','','',0,'','','','48.0000',0,0,'0.0000',1,1,'RUB','1.00000000','::1','','Mozilla/5.0 (Windows NT 6.1; WOW64) AppleWebKit/535.11 (KHTML, like Gecko) Chrome/17.0.963.33 Safari/535.11','ru-RU,ru;q=0.8,en-US;q=0.6,en;q=0.4','2014-07-06 22:56:28','2014-07-06 22:56:28'),(218,0,'INV-2013-00',0,'florentinproject.com','http://localhost/florentinproject/',15,1,'чсмчсм','','ilya.artamonov@b-leader.ru','+7 (123) 123 1231','','чсмчсм','','','','','','','','','Российская Федерация',176,'Москва',2761,'','Оплата Банковской картой','liqpay','08.07.2014 18:32',1,'','','','','','','','',0,'',0,'','','','',0,'','','test','300.5000',0,0,'0.0000',1,1,'RUB','1.00000000','::1','','Mozilla/5.0 (Windows NT 6.1; WOW64) AppleWebKit/535.11 (KHTML, like Gecko) Chrome/17.0.963.33 Safari/535.11','ru-RU,ru;q=0.8,en-US;q=0.6,en;q=0.4','2014-07-06 23:00:36','2014-07-06 23:00:36'),(219,0,'INV-2013-00',0,'florentinproject.com','http://localhost/florentinproject/',0,1,'234','','ilya.artamonov@b-leader.ru','+7 (234) 234 2342','','234','','','','','dsf','','','','Российская Федерация',176,'Москва',2761,'','Оплата Банковской картой','liqpay','08.07.2014 18:32',1,'','','','','','','','',0,'',0,'','','','',0,'','','test','300.5000',0,0,'0.0000',1,1,'RUB','1.00000000','::1','','Mozilla/5.0 (Windows NT 6.1; WOW64) AppleWebKit/535.11 (KHTML, like Gecko) Chrome/17.0.963.33 Safari/535.11','ru-RU,ru;q=0.8,en-US;q=0.6,en;q=0.4','2014-07-06 23:03:30','2014-07-06 23:03:30'),(220,0,'INV-2013-00',0,'florentinproject.com','http://localhost/florentinproject/',16,1,'234','','ilya.artamonov@b-leader.ru','+7 (234) 234 2342','','234','','','','','dsf','dsf','','','Российская Федерация',176,'Москва',2761,'','Оплата Банковской картой','liqpay','08.07.2014 18:32',1,'','','','','','','','',0,'',0,'','','','',0,'','','test','300.5000',0,0,'0.0000',1,1,'RUB','1.00000000','::1','','Mozilla/5.0 (Windows NT 6.1; WOW64) AppleWebKit/535.11 (KHTML, like Gecko) Chrome/17.0.963.33 Safari/535.11','ru-RU,ru;q=0.8,en-US;q=0.6,en;q=0.4','2014-07-06 23:04:01','2014-07-06 23:04:01'),(221,0,'INV-2013-00',0,'florentinproject.com','http://localhost/florentinproject/',16,1,'234','','ilya.artamonov@b-leader.ru','+7 (234) 234 2342','','234','','','','','dsf','dsf','','','Российская Федерация',176,'Москва',2761,'','Наличными курьеру','cod','08.07.2014 18:32',1,'','','','','','','','',0,'',0,'','','','',0,'','','test','300.5000',2,0,'0.0000',1,1,'RUB','1.00000000','::1','','Mozilla/5.0 (Windows NT 6.1; WOW64) AppleWebKit/535.11 (KHTML, like Gecko) Chrome/17.0.963.33 Safari/535.11','ru-RU,ru;q=0.8,en-US;q=0.6,en;q=0.4','2014-07-06 23:04:13','2014-07-06 23:04:14'),(222,0,'INV-2013-00',0,'florentinproject.com','http://localhost/florentinproject/',17,1,'Artamonov','','ilya.artamonov@b-leader.ru','+7 (123) 123 1231','','Artamonov','','','','','','','admin','','Российская Федерация',176,'',22761,'','Наличными курьеру','cod','20.07.2014 15:41',1,'','','','','','','','',0,'',0,'','','','',0,'','','','101.0000',0,0,'0.0000',1,1,'RUB','1.00000000','::1','','Mozilla/5.0 (Windows NT 6.1; WOW64) AppleWebKit/535.11 (KHTML, like Gecko) Chrome/17.0.963.33 Safari/535.11','ru-RU,ru;q=0.8,en-US;q=0.6,en;q=0.4','2014-07-18 19:42:08','2014-07-18 19:42:08'),(223,0,'INV-2013-00',0,'florentinproject.com','http://localhost/florentinproject/',17,1,'Artamonov','','ilya.artamonov@b-leader.ru','+7 (123) 123 1231','','Artamonov','','','','','','','admin','','Российская Федерация',176,'',22761,'','Наличными курьеру','cod','20.07.2014 15:41',1,'','','','','','','','',0,'',0,'','','','',0,'','','','101.0000',5,0,'0.0000',1,1,'RUB','1.00000000','::1','','Mozilla/5.0 (Windows NT 6.1; WOW64) AppleWebKit/535.11 (KHTML, like Gecko) Chrome/17.0.963.33 Safari/535.11','ru-RU,ru;q=0.8,en-US;q=0.6,en;q=0.4','2014-07-18 19:44:51','2014-07-18 20:03:42'),(224,0,'INV-2013-00',0,'florentinproject.com','http://localhost/florentinproject/',1,1,'Илья Константинович','Ульянов','ilya.artamonov73@gmail.com','asd','','asd','asd','','','','asd','','admin','','Российская Федерация',176,'Москва',2761,'','Оплата Банковской картой','liqpay','20.07.2014 15:49',1,'','','','','','','','',0,'',0,'','','','',0,'','','','3402.0000',0,0,'0.0000',1,1,'RUB','1.00000000','::1','','Mozilla/5.0 (Windows NT 6.1; WOW64) AppleWebKit/535.11 (KHTML, like Gecko) Chrome/17.0.963.33 Safari/535.11','ru-RU,ru;q=0.8,en-US;q=0.6,en;q=0.4','2014-07-18 19:50:30','2014-07-18 19:50:30'),(225,0,'INV-2013-00',0,'florentinproject.com','http://localhost/florentinproject/',1,1,'Илья Константинович','Ульянов','ilya.artamonov73@gmail.com','asd','','asd','asd','','','','asd','','admin','','Российская Федерация',176,'Москва',2761,'','Наличными курьеру','cod','20.07.2014 15:49',1,'','','','','','','','',0,'',0,'','','','',0,'','','','3402.0000',2,0,'0.0000',1,1,'RUB','1.00000000','::1','','Mozilla/5.0 (Windows NT 6.1; WOW64) AppleWebKit/535.11 (KHTML, like Gecko) Chrome/17.0.963.33 Safari/535.11','ru-RU,ru;q=0.8,en-US;q=0.6,en;q=0.4','2014-07-18 19:50:41','2014-07-18 19:50:43'),(226,0,'INV-2013-00',0,'florentinproject.com','http://localhost/florentinproject/',0,1,'123','','mu-brodsf@mail.ru','+7 (123) 123 1231','','123','','','','','','','','','Российская Федерация',176,'Москва',2761,'','Оплата Банковской картой','liqpay','01.09.2014 16:00',1,'','','','','','','','',0,'',0,'','','','',0,'','','','19800.0000',0,0,'0.0000',1,1,'RUB','1.00000000','::1','','Mozilla/5.0 (Windows NT 6.1; WOW64) AppleWebKit/535.11 (KHTML, like Gecko) Chrome/17.0.963.33 Safari/535.11','ru-RU,ru;q=0.8,en-US;q=0.6,en;q=0.4','2014-08-30 21:12:12','2014-08-30 21:12:12'),(227,0,'INV-2013-00',0,'florentinproject.com','http://localhost/florentinproject/',0,1,'123','','mu-brodsf@mail.ru','+7 (123) 123 1231','','123','','','','','sdfs','','','','Российская Федерация',176,'Москва',2761,'','Наличными курьеру','cod','01.09.2014 16:00',1,'','','','','','','','',0,'',0,'','','','',0,'','','','19800.0000',2,0,'0.0000',1,1,'RUB','1.00000000','::1','','Mozilla/5.0 (Windows NT 6.1; WOW64) AppleWebKit/535.11 (KHTML, like Gecko) Chrome/17.0.963.33 Safari/535.11','ru-RU,ru;q=0.8,en-US;q=0.6,en;q=0.4','2014-08-30 21:29:35','2014-08-30 21:29:52'),(228,0,'INV-2013-00',0,'florentinproject.com','http://localhost/florentinproject/',0,1,'test','','testwer@test.test','+7 (234) 234 2342','','test','','','','','adrr2','','','','Российская Федерация',176,'Москва',2761,'','Наличными курьеру','cod','',0,'tstes','','','adrr2','','','','Российская Федерация',176,'Москва',2761,'','Доставка в пределах МКАД (бесплатно)','free.free','01.09.2014 17:42',1,'+7 (324) 234 2423','','','5000.0000',2,0,'0.0000',1,1,'RUB','1.00000000','::1','','Mozilla/5.0 (Windows NT 6.1; WOW64) AppleWebKit/535.11 (KHTML, like Gecko) Chrome/17.0.963.33 Safari/535.11','ru-RU,ru;q=0.8,en-US;q=0.6,en;q=0.4','2014-08-30 21:42:29','2014-08-30 21:42:49'),(229,0,'INV-2013-00',0,'florentinproject.com','http://localhost/florentinproject/',0,1,'234234','','tes324t@test.test','+7 (343) 242 3423','','234234','','','','','1123111','','','','Российская Федерация',176,'Москва',2761,'','Наличными курьеру','cod','01.09.2014 17:49',1,'','','','','','','','',0,'',0,'','','','',0,'','','','5000.0000',0,0,'0.0000',1,1,'RUB','1.00000000','::1','','Mozilla/5.0 (Windows NT 6.1; WOW64) AppleWebKit/535.11 (KHTML, like Gecko) Chrome/17.0.963.33 Safari/535.11','ru-RU,ru;q=0.8,en-US;q=0.6,en;q=0.4','2014-08-30 21:59:33','2014-08-30 21:59:33'),(230,0,'INV-2013-00',0,'florentinproject.com','http://localhost/florentinproject/',21,1,'123','','test123@test.test','+7 (123) 123 1231','','123','','','','','1111111','','','','Российская Федерация',176,'Москва',2761,'','Оплата Банковской картой','liqpay','01.09.2014 17:49',1,'','','','','','','','',0,'',0,'','','','',0,'','','','5000.0000',0,0,'0.0000',1,1,'RUB','1.00000000','::1','','Mozilla/5.0 (Windows NT 6.1; WOW64) AppleWebKit/535.11 (KHTML, like Gecko) Chrome/17.0.963.33 Safari/535.11','ru-RU,ru;q=0.8,en-US;q=0.6,en;q=0.4','2014-08-30 22:08:11','2014-08-30 22:08:11'),(231,0,'INV-2013-00',0,'florentinproject.com','http://localhost/florentinproject/',21,1,'123','','test123@test.test','+7 (123) 123 1231','','123','','','','','1111111','','','','Российская Федерация',176,'Москва',2761,'','Наличными курьеру','cod','01.09.2014 17:49',1,'','','','','','','','',0,'',0,'','','','',0,'','','','5000.0000',0,0,'0.0000',1,1,'RUB','1.00000000','::1','','Mozilla/5.0 (Windows NT 6.1; WOW64) AppleWebKit/535.11 (KHTML, like Gecko) Chrome/17.0.963.33 Safari/535.11','ru-RU,ru;q=0.8,en-US;q=0.6,en;q=0.4','2014-08-30 22:08:29','2014-08-30 22:08:29'),(232,0,'INV-2013-00',0,'florentinproject.com','http://localhost/florentinproject/',21,1,'123','','test123@test.test','+7 (123) 123 1231','','123','','','','','1111111','','','','Российская Федерация',176,'Москва',2761,'','Наличными курьеру','cod','01.09.2014 17:49',1,'','','','','','','','',0,'',0,'','','','',0,'','','','5000.0000',2,0,'0.0000',1,1,'RUB','1.00000000','::1','','Mozilla/5.0 (Windows NT 6.1; WOW64) AppleWebKit/535.11 (KHTML, like Gecko) Chrome/17.0.963.33 Safari/535.11','ru-RU,ru;q=0.8,en-US;q=0.6,en;q=0.4','2014-08-30 22:08:39','2014-08-30 22:08:43'),(233,0,'INV-2013-00',0,'florentinproject.com','http://localhost/florentinproject/',21,1,'123','','test123@test.test','+7 (123) 123 1231','','123','','','','','1111111','','','','Российская Федерация',176,'Москва',2761,'','Наличными курьеру','cod','01.09.2014 18:09',1,'','','','','','','','',0,'',0,'','','','',0,'','','','5000.0000',2,0,'0.0000',1,1,'RUB','1.00000000','::1','','Mozilla/5.0 (Windows NT 6.1; WOW64) AppleWebKit/535.11 (KHTML, like Gecko) Chrome/17.0.963.33 Safari/535.11','ru-RU,ru;q=0.8,en-US;q=0.6,en;q=0.4','2014-08-30 22:09:12','2014-08-30 22:12:16'),(234,0,'INV-2013-00',0,'florentinproject.com','http://localhost/florentinproject/',21,1,'123','','test123@test.test','+7 (123) 123 1231','','123','','','','','2222222','','','','Российская Федерация',176,'Москва',2761,'','Оплата Банковской картой','liqpay','01.09.2014 18:20',1,'','','','','','','','',0,'',0,'','','','',0,'','','','5000.0000',0,0,'0.0000',1,1,'RUB','1.00000000','::1','','Mozilla/5.0 (Windows NT 6.1; WOW64) AppleWebKit/535.11 (KHTML, like Gecko) Chrome/17.0.963.33 Safari/535.11','ru-RU,ru;q=0.8,en-US;q=0.6,en;q=0.4','2014-08-30 22:28:57','2014-08-30 22:28:57'),(235,0,'INV-2013-00',0,'florentinproject.com','http://localhost/florentinproject/',21,1,'123','','test123@test.test','+7 (123) 123 1231','','123','','','','','22222222','','','','Российская Федерация',176,'Москва',2761,'','Наличными курьеру','cod','01.09.2014 18:20',1,'','','','','','','','',0,'',0,'','','','',0,'','','','5000.0000',2,0,'0.0000',1,1,'RUB','1.00000000','::1','','Mozilla/5.0 (Windows NT 6.1; WOW64) AppleWebKit/535.11 (KHTML, like Gecko) Chrome/17.0.963.33 Safari/535.11','ru-RU,ru;q=0.8,en-US;q=0.6,en;q=0.4','2014-08-30 22:29:16','2014-08-30 22:29:19'),(236,0,'INV-2013-00',0,'florentinproject.com','http://localhost/florentinproject/',21,1,'123','','test123@test.test','+7 (123) 123 1231','','123','','','','','22222222222222','','','','Российская Федерация',176,'Москва',2761,'','Наличными курьеру','cod','',0,'aaaaaaaaaa','','','1111111','','','','Российская Федерация',176,'Москва',2761,'','Доставка в пределах МКАД (бесплатно)','free.free','01.09.2014 18:30',1,'+7 (123) 111 1111','','11111111111','5000.0000',0,0,'0.0000',1,1,'RUB','1.00000000','::1','','Mozilla/5.0 (Windows NT 6.1; WOW64) AppleWebKit/535.11 (KHTML, like Gecko) Chrome/17.0.963.33 Safari/535.11','ru-RU,ru;q=0.8,en-US;q=0.6,en;q=0.4','2014-08-30 22:30:38','2014-08-30 22:30:38'),(237,0,'INV-2013-00',0,'florentinproject.com','http://localhost/florentinproject/',21,1,'123','','test123@test.test','+7 (123) 123 1231','','123','','','','','222222222','','','','Российская Федерация',176,'Москва',2761,'','Наличными курьеру','cod','',0,'aaaaaaaaaa','','','1111111','','2761','','Российская Федерация',176,'Москва',2761,'','Доставка в пределах МКАД (бесплатно)','free.free','01.09.2014 18:30',1,'+7 (123) 111 1111','','11111111111','5000.0000',0,0,'0.0000',1,1,'RUB','1.00000000','::1','','Mozilla/5.0 (Windows NT 6.1; WOW64) AppleWebKit/535.11 (KHTML, like Gecko) Chrome/17.0.963.33 Safari/535.11','ru-RU,ru;q=0.8,en-US;q=0.6,en;q=0.4','2014-08-30 22:33:31','2014-08-30 22:33:31'),(238,0,'INV-2013-00',0,'florentinproject.com','http://localhost/florentinproject/',21,1,'123','','test123@test.test','+7 (123) 123 1231','','123','','','','','22222222','','','','Российская Федерация',176,'Москва',2761,'','Наличными курьеру','cod','',0,'aaaaaaaaaa','','','1111111','','2761','','Российская Федерация',176,'Москва',2761,'','Доставка в пределах МКАД (бесплатно)','free.free','01.09.2014 18:30',1,'+7 (123) 111 1111','','11111111111','5000.0000',0,0,'0.0000',1,1,'RUB','1.00000000','::1','','Mozilla/5.0 (Windows NT 6.1; WOW64) AppleWebKit/535.11 (KHTML, like Gecko) Chrome/17.0.963.33 Safari/535.11','ru-RU,ru;q=0.8,en-US;q=0.6,en;q=0.4','2014-08-30 22:40:01','2014-08-30 22:40:01'),(239,0,'INV-2013-00',0,'florentinproject.com','http://localhost/florentinproject/',21,1,'123','','test123@test.test','+7 (123) 123 1231','','123','','','','','2222222222','','','','Российская Федерация',176,'Москва',2761,'','Наличными курьеру','cod','',0,'aaaaaaaaaa','','','1111111','','2761','','Российская Федерация',176,'Москва',2761,'','Доставка в пределах МКАД (бесплатно)','free.free','01.09.2014 18:30',1,'+7 (123) 111 1111','','11111111111','5000.0000',0,0,'0.0000',1,1,'RUB','1.00000000','::1','','Mozilla/5.0 (Windows NT 6.1; WOW64) AppleWebKit/535.11 (KHTML, like Gecko) Chrome/17.0.963.33 Safari/535.11','ru-RU,ru;q=0.8,en-US;q=0.6,en;q=0.4','2014-08-30 22:40:55','2014-08-30 22:40:55'),(240,0,'INV-2013-00',0,'florentinproject.com','http://localhost/florentinproject/',21,1,'123','','test123@test.test','+7 (123) 123 1231','','123','','','','','2222222222','','','','Российская Федерация',176,'Москва',2761,'','Наличными курьеру','cod','',0,'aaaaaaaaaa','','','1111111','','2761','','Российская Федерация',176,'Москва',2761,'','Доставка в пределах МКАД (бесплатно)','free.free','01.09.2014 18:30',1,'+7 (123) 111 1111','','11111111111','5000.0000',0,0,'0.0000',1,1,'RUB','1.00000000','::1','','Mozilla/5.0 (Windows NT 6.1; WOW64) AppleWebKit/535.11 (KHTML, like Gecko) Chrome/17.0.963.33 Safari/535.11','ru-RU,ru;q=0.8,en-US;q=0.6,en;q=0.4','2014-08-30 22:43:13','2014-08-30 22:43:13'),(241,0,'INV-2013-00',0,'florentinproject.com','http://localhost/florentinproject/',21,1,'123','','test123@test.test','+7 (123) 123 1231','','123','','','','','2222222222','','','','Российская Федерация',176,'Москва',2761,'','Наличными курьеру','cod','',0,'aaaaaaaaaa','','','1111111','','2761','','Российская Федерация',176,'Москва',2761,'','Доставка в пределах МКАД (бесплатно)','free.free','01.09.2014 18:30',1,'+7 (123) 111 1111','','11111111111','4250.0000',2,0,'0.0000',1,1,'RUB','1.00000000','::1','','Mozilla/5.0 (Windows NT 6.1; WOW64) AppleWebKit/535.11 (KHTML, like Gecko) Chrome/17.0.963.33 Safari/535.11','ru-RU,ru;q=0.8,en-US;q=0.6,en;q=0.4','2014-08-30 22:43:39','2014-08-30 22:43:48'),(242,0,'INV-2013-00',0,'florentinproject.com','http://localhost/florentinproject/',21,1,'123','','test123@test.test','+7 (123) 123 1231','','123','','','','','2222222','','','','Российская Федерация',176,'Москва',2761,'','Наличными курьеру','cod','',0,'cccccccccccccc','','','2222222','','','','Российская Федерация',176,'Москва',2761,'','Доставка в пределах МКАД (бесплатно)','free.free','01.09.2014 18:45',1,'+7 (111) 111 1111','','222222222222','5000.0000',2,0,'0.0000',1,1,'RUB','1.00000000','::1','','Mozilla/5.0 (Windows NT 6.1; WOW64) AppleWebKit/535.11 (KHTML, like Gecko) Chrome/17.0.963.33 Safari/535.11','ru-RU,ru;q=0.8,en-US;q=0.6,en;q=0.4','2014-08-30 22:45:27','2014-08-30 22:45:33'),(243,0,'INV-2013-00',0,'florentinproject.com','http://localhost/florentinproject/',21,1,'123','','test123@test.test','+7 (123) 123 1231','','123','','','','','1111111','','','','Российская Федерация',176,'Москва',2761,'','Наличными курьеру','cod','',0,'zzzzzzzzz','','','1111111','','','','Российская Федерация',176,'Москва',2761,'','Самовывоз из магазина','pickup.pickup','01.09.2014 18:45',1,'+7 (111) 111 1111','','222222222222','5000.0000',2,0,'0.0000',1,1,'RUB','1.00000000','::1','','Mozilla/5.0 (Windows NT 6.1; WOW64) AppleWebKit/535.11 (KHTML, like Gecko) Chrome/17.0.963.33 Safari/535.11','ru-RU,ru;q=0.8,en-US;q=0.6,en;q=0.4','2014-08-30 22:46:09','2014-08-30 22:46:15'),(244,0,'INV-2013-00',0,'florentinproject.com','http://localhost/florentinproject/',0,1,'qqqqq','','teqqst@test.test','+7 (211) 111 1111','','qqqqq','','','','','','','','','Российская Федерация',176,'Москва',2761,'','Наличными курьеру','cod','01.09.2014 18:47',1,'','','','','','','','',0,'',0,'','','','',0,'','','222222222222','5000.0000',0,0,'0.0000',1,1,'RUB','1.00000000','::1','','Mozilla/5.0 (Windows NT 6.1; WOW64) AppleWebKit/535.11 (KHTML, like Gecko) Chrome/17.0.963.33 Safari/535.11','ru-RU,ru;q=0.8,en-US;q=0.6,en;q=0.4','2014-08-30 22:47:19','2014-08-30 22:47:19'),(245,0,'INV-2013-00',0,'florentinproject.com','http://localhost/florentinproject/',0,1,'qqqqq','','teqqst@test.test','+7 (211) 111 1111','','qqqqq','','','','','','','','','Российская Федерация',176,'Москва',2761,'','Наличными курьеру','cod','01.09.2014 18:47',1,'','','','','','','','',0,'',0,'','','','',0,'','','222222222222','5000.0000',0,0,'0.0000',1,1,'RUB','1.00000000','::1','','Mozilla/5.0 (Windows NT 6.1; WOW64) AppleWebKit/535.11 (KHTML, like Gecko) Chrome/17.0.963.33 Safari/535.11','ru-RU,ru;q=0.8,en-US;q=0.6,en;q=0.4','2014-08-30 22:48:14','2014-08-30 22:48:14'),(246,0,'INV-2013-00',0,'florentinproject.com','http://localhost/florentinproject/',0,1,'qqqqq','','teqqst@test.test','+7 (211) 111 1111','','qqqqq','','','','','','','','','Российская Федерация',176,'Москва',2761,'','Наличными курьеру','cod','01.09.2014 18:47',1,'','','','','','','','',0,'',0,'','','','',0,'','','222222222222','10000.0000',2,0,'0.0000',1,1,'RUB','1.00000000','::1','','Mozilla/5.0 (Windows NT 6.1; WOW64) AppleWebKit/535.11 (KHTML, like Gecko) Chrome/17.0.963.33 Safari/535.11','ru-RU,ru;q=0.8,en-US;q=0.6,en;q=0.4','2014-08-30 22:49:42','2014-08-30 22:49:54'),(247,0,'INV-2013-00',0,'florentinproject.com','http://localhost/florentinproject/',0,1,'123123123','','tes222t@test.test','+7 (222) 222 2222','','123123123','','','','','','','','','Российская Федерация',176,'Москва',2761,'','Наличными курьеру','cod','01.09.2014 18:51',1,'','','','','','','','',0,'',0,'','','','',0,'','','222222222222','5000.0000',2,0,'0.0000',1,1,'RUB','1.00000000','::1','','Mozilla/5.0 (Windows NT 6.1; WOW64) AppleWebKit/535.11 (KHTML, like Gecko) Chrome/17.0.963.33 Safari/535.11','ru-RU,ru;q=0.8,en-US;q=0.6,en;q=0.4','2014-08-30 22:51:53','2014-08-30 22:51:59'),(248,0,'INV-2013-00',0,'florentinproject.com','http://localhost/florentinproject/',0,1,'111111','','test222@test.test','+7 (111) 111 1111','','111111','','','','','','','','','Российская Федерация',176,'Москва',2761,'','Наличными курьеру','cod','01.09.2014 18:55',1,'','','','','','','','',0,'',0,'','Самовывоз из магазина','pickup.pickup','',0,'','','222222222222','5500.0000',0,0,'0.0000',1,1,'RUB','1.00000000','::1','','Mozilla/5.0 (Windows NT 6.1; WOW64) AppleWebKit/535.11 (KHTML, like Gecko) Chrome/17.0.963.33 Safari/535.11','ru-RU,ru;q=0.8,en-US;q=0.6,en;q=0.4','2014-08-30 23:01:51','2014-08-30 23:01:51'),(249,0,'INV-2013-00',0,'florentinproject.com','http://localhost/florentinproject/',0,1,'111111','','test222@test.test','+7 (111) 111 1111','','111111','','','','','','','','','Российская Федерация',176,'Москва',2761,'','Наличными курьеру','cod','01.09.2014 18:55',1,'','','','','','','','',0,'',0,'','Самовывоз из магазина','pickup.pickup','',0,'','','222222222222','5500.0000',2,0,'0.0000',1,1,'RUB','1.00000000','::1','','Mozilla/5.0 (Windows NT 6.1; WOW64) AppleWebKit/535.11 (KHTML, like Gecko) Chrome/17.0.963.33 Safari/535.11','ru-RU,ru;q=0.8,en-US;q=0.6,en;q=0.4','2014-08-30 23:03:06','2014-08-30 23:03:11'),(250,0,'INV-2013-00',0,'florentinproject.com','http://localhost/florentinproject/',0,1,'11111111','','tes222t@test.test','+7 (111) 111 1111','','11111111','','','','','22222222222','','','','Российская Федерация',176,'Москва',2761,'','Наличными курьеру','cod','01.09.2014 19:09',1,'','','','22222222222','','','','',0,'',0,'','Доставка в пределах МКАД (бесплатно)','free.free','',0,'','','222222222222','10500.0000',0,0,'0.0000',1,1,'RUB','1.00000000','::1','','Mozilla/5.0 (Windows NT 6.1; WOW64) AppleWebKit/535.11 (KHTML, like Gecko) Chrome/17.0.963.33 Safari/535.11','ru-RU,ru;q=0.8,en-US;q=0.6,en;q=0.4','2014-08-30 23:10:21','2014-08-30 23:10:21'),(251,0,'INV-2013-00',0,'florentinproject.com','http://localhost/florentinproject/',0,1,'11111111','','tes222t@test.test','+7 (111) 111 1111','','11111111','','','','','22222222222','','','','Российская Федерация',176,'Москва',2761,'','Оплата Банковской картой','liqpay','01.09.2014 19:09',1,'','','','22222222222','','','','',0,'',0,'','Доставка в пределах МКАД (бесплатно)','free.free','',0,'','','222222222222','5500.0000',0,0,'0.0000',1,1,'RUB','1.00000000','::1','','Mozilla/5.0 (Windows NT 6.1; WOW64) AppleWebKit/535.11 (KHTML, like Gecko) Chrome/17.0.963.33 Safari/535.11','ru-RU,ru;q=0.8,en-US;q=0.6,en;q=0.4','2014-08-31 00:04:13','2014-08-31 00:04:13'),(252,0,'INV-2013-00',0,'florentinproject.com','http://localhost/florentinproject/',0,1,'11111111','','tes222t@test.test','+7 (111) 111 1111','','11111111','','','','','22222222222','','','','Российская Федерация',176,'Москва',2761,'','Оплата Банковской картой','liqpay','01.09.2014 19:09',1,'','','','22222222222','','','','',0,'',0,'','Доставка в пределах МКАД (бесплатно)','free.free','',0,'','','222222222222','5500.0000',0,0,'0.0000',1,1,'RUB','1.00000000','::1','','Mozilla/5.0 (Windows NT 6.1; WOW64) AppleWebKit/535.11 (KHTML, like Gecko) Chrome/17.0.963.33 Safari/535.11','ru-RU,ru;q=0.8,en-US;q=0.6,en;q=0.4','2014-08-31 00:04:27','2014-08-31 00:04:27'),(253,0,'INV-2013-00',0,'florentinproject.com','http://localhost/florentinproject/',0,1,'11111111','','tes222t@test.test','+7 (111) 111 1111','','11111111','','','','','22222222222','','','','Российская Федерация',176,'Москва',2761,'','Оплата Банковской картой','liqpay','01.09.2014 19:09',1,'','','','22222222222','','','','',0,'',0,'','Доставка в пределах МКАД (бесплатно)','free.free','',0,'','','222222222222','5500.0000',0,0,'0.0000',1,1,'RUB','1.00000000','::1','','Mozilla/5.0 (Windows NT 6.1; WOW64) AppleWebKit/535.11 (KHTML, like Gecko) Chrome/17.0.963.33 Safari/535.11','ru-RU,ru;q=0.8,en-US;q=0.6,en;q=0.4','2014-08-31 00:04:38','2014-08-31 00:04:38'),(254,0,'INV-2013-00',0,'florentinproject.com','http://localhost/florentinproject/',0,1,'11111111','','tes222t@test.test','+7 (111) 111 1111','','11111111','','','','','22222222222','','','','Российская Федерация',176,'Москва',2761,'','Оплата Банковской картой','liqpay','01.09.2014 19:09',1,'','','','22222222222','','','','',0,'',0,'','Доставка в пределах МКАД (бесплатно)','free.free','',0,'','','222222222222','5500.0000',0,0,'0.0000',1,1,'RUB','1.00000000','::1','','Mozilla/5.0 (Windows NT 6.1; WOW64) AppleWebKit/535.11 (KHTML, like Gecko) Chrome/17.0.963.33 Safari/535.11','ru-RU,ru;q=0.8,en-US;q=0.6,en;q=0.4','2014-08-31 00:06:08','2014-08-31 00:06:08'),(255,0,'INV-2013-00',0,'florentinproject.com','http://localhost/florentinproject/',0,1,'11111111','','tes222t@test.test','+7 (111) 111 1111','','11111111','','','','','22222222222','','','','Российская Федерация',176,'Москва',2761,'','Оплата Банковской картой','liqpay','01.09.2014 19:09',1,'','','','22222222222','','','','',0,'',0,'','Доставка в пределах МКАД (бесплатно)','free.free','',0,'','','222222222222','5500.0000',0,0,'0.0000',1,1,'RUB','1.00000000','::1','','Mozilla/5.0 (Windows NT 6.1; WOW64) AppleWebKit/535.11 (KHTML, like Gecko) Chrome/17.0.963.33 Safari/535.11','ru-RU,ru;q=0.8,en-US;q=0.6,en;q=0.4','2014-08-31 00:08:33','2014-08-31 00:08:33'),(256,0,'INV-2013-00',0,'florentinproject.com','http://localhost/florentinproject/',0,1,'11111111','','tes222t@test.test','+7 (111) 111 1111','','11111111','','','','','22222222222','','','','Российская Федерация',176,'Москва',2761,'','Оплата Банковской картой','liqpay','01.09.2014 19:09',1,'','','','22222222222','','','','',0,'',0,'','Доставка в пределах МКАД (бесплатно)','free.free','',0,'','','222222222222','5500.0000',0,0,'0.0000',1,1,'RUB','1.00000000','::1','','Mozilla/5.0 (Windows NT 6.1; WOW64) AppleWebKit/535.11 (KHTML, like Gecko) Chrome/17.0.963.33 Safari/535.11','ru-RU,ru;q=0.8,en-US;q=0.6,en;q=0.4','2014-08-31 00:09:40','2014-08-31 00:09:40'),(257,0,'INV-2013-00',0,'florentinproject.com','http://localhost/florentinproject/',0,1,'11111111','','tes222t@test.test','+7 (111) 111 1111','','11111111','','','','','22222222222','','','','Российская Федерация',176,'Москва',2761,'','Оплата Банковской картой','liqpay','01.09.2014 19:09',1,'','','','22222222222','','','','',0,'',0,'','Доставка в пределах МКАД (бесплатно)','free.free','',0,'','','222222222222','5500.0000',0,0,'0.0000',1,1,'RUB','1.00000000','::1','','Mozilla/5.0 (Windows NT 6.1; WOW64) AppleWebKit/535.11 (KHTML, like Gecko) Chrome/17.0.963.33 Safari/535.11','ru-RU,ru;q=0.8,en-US;q=0.6,en;q=0.4','2014-08-31 00:12:20','2014-08-31 00:12:20'),(258,0,'INV-2013-00',0,'florentinproject.com','http://localhost/florentinproject/',0,1,'11111111','','tes222t@test.test','+7 (111) 111 1111','','11111111','','','','','22222222222','','','','Российская Федерация',176,'Москва',2761,'','Оплата Банковской картой','liqpay','01.09.2014 19:09',1,'','','','22222222222','','','','',0,'',0,'','Доставка в пределах МКАД (бесплатно)','free.free','',0,'','','222222222222','5500.0000',0,0,'0.0000',1,1,'RUB','1.00000000','::1','','Mozilla/5.0 (Windows NT 6.1; WOW64) AppleWebKit/535.11 (KHTML, like Gecko) Chrome/17.0.963.33 Safari/535.11','ru-RU,ru;q=0.8,en-US;q=0.6,en;q=0.4','2014-08-31 00:12:41','2014-08-31 00:12:41'),(259,0,'INV-2013-00',0,'florentinproject.com','http://localhost/florentinproject/',0,1,'11111111','','tes222t@test.test','+7 (111) 111 1111','','11111111','','','','','22222222222','','','','Российская Федерация',176,'Москва',2761,'','Оплата Банковской картой','liqpay','01.09.2014 19:09',1,'','','','22222222222','','','','',0,'',0,'','Доставка в пределах МКАД (бесплатно)','free.free','',0,'','','222222222222','5500.0000',0,0,'0.0000',1,1,'RUB','1.00000000','::1','','Mozilla/5.0 (Windows NT 6.1; WOW64) AppleWebKit/535.11 (KHTML, like Gecko) Chrome/17.0.963.33 Safari/535.11','ru-RU,ru;q=0.8,en-US;q=0.6,en;q=0.4','2014-08-31 00:13:22','2014-08-31 00:13:22'),(260,0,'INV-2013-00',0,'florentinproject.com','http://localhost/florentinproject/',0,1,'11111111','','tes222t@test.test','+7 (111) 111 1111','','11111111','','','','','22222222222','','','','Российская Федерация',176,'Москва',2761,'','Оплата Банковской картой','liqpay','01.09.2014 19:09',1,'','','','22222222222','','','','',0,'',0,'','Доставка в пределах МКАД (бесплатно)','free.free','',0,'','','222222222222','5500.0000',0,0,'0.0000',1,1,'RUB','1.00000000','::1','','Mozilla/5.0 (Windows NT 6.1; WOW64) AppleWebKit/535.11 (KHTML, like Gecko) Chrome/17.0.963.33 Safari/535.11','ru-RU,ru;q=0.8,en-US;q=0.6,en;q=0.4','2014-08-31 00:13:34','2014-08-31 00:13:34'),(261,0,'INV-2013-00',0,'florentinproject.com','http://localhost/florentinproject/',0,1,'11111111','','tes222t@test.test','+7 (111) 111 1111','','11111111','','','','','22222222222','','','','Российская Федерация',176,'Москва',2761,'','Оплата Банковской картой','liqpay','01.09.2014 19:09',1,'','','','22222222222','','','','',0,'',0,'','Доставка в пределах МКАД (бесплатно)','free.free','',0,'','','222222222222','10000.0000',0,0,'0.0000',1,1,'RUB','1.00000000','::1','','Mozilla/5.0 (Windows NT 6.1; WOW64) AppleWebKit/535.11 (KHTML, like Gecko) Chrome/17.0.963.33 Safari/535.11','ru-RU,ru;q=0.8,en-US;q=0.6,en;q=0.4','2014-08-31 00:13:50','2014-08-31 00:13:50'),(262,0,'INV-2013-00',0,'florentinproject.com','http://localhost/florentinproject/',0,1,'11111111','','tes222t@test.test','+7 (111) 111 1111','','11111111','','','','','22222222222','','','','Российская Федерация',176,'Москва',2761,'','Оплата Банковской картой','liqpay','01.09.2014 19:09',1,'','','','22222222222','','','','',0,'',0,'','Самовывоз из магазина','pickup.pickup','',0,'','','222222222222','10000.0000',0,0,'0.0000',1,1,'RUB','1.00000000','::1','','Mozilla/5.0 (Windows NT 6.1; WOW64) AppleWebKit/535.11 (KHTML, like Gecko) Chrome/17.0.963.33 Safari/535.11','ru-RU,ru;q=0.8,en-US;q=0.6,en;q=0.4','2014-08-31 00:13:57','2014-08-31 00:13:57'),(263,0,'INV-2013-00',1,'florentinproject.com','http://localhost/florentinproject/',0,1,'11111111','','tes222t@test.test','+7 (111) 111 1111','','11111111','','','','','22222222222','','','','Российская Федерация',176,'Москва',2761,'','Наличными курьеру','cod','01.09.2014 19:09',1,'','','','22222222222','','','','',0,'',0,'','Самовывоз из магазина','pickup.pickup','',0,'','','222222222222','10000.0000',2,0,'0.0000',1,1,'RUB','1.00000000','::1','','Mozilla/5.0 (Windows NT 6.1; WOW64) AppleWebKit/535.11 (KHTML, like Gecko) Chrome/17.0.963.33 Safari/535.11','ru-RU,ru;q=0.8,en-US;q=0.6,en;q=0.4','2014-08-31 00:14:07','2014-08-31 00:14:08'),(264,0,'INV-2013-00',1,'Ульяновск','http://localhost/florentinproject/',25,1,'еуые','','ilya2.artamonov@b-leader.ru','+7 (234) 234 2342','','еуые','','','','','еуы еуые','','г. Ульяновск','','Российская Федерация',176,'Ульяновская область',2795,'','Оплата Банковской картой','liqpay','25.11.2014 18:26',1,'','','','еуы еуые','','','','',0,'',0,'','Доставка в пределах МКАД (бесплатно)','free.free','',0,'','','еуые','5000.0000',0,0,'0.0000',1,1,'RUB','1.00000000','::1','','Mozilla/5.0 (Windows NT 6.1; WOW64) AppleWebKit/535.11 (KHTML, like Gecko) Chrome/17.0.963.33 Safari/535.11','ru-RU,ru;q=0.8,en-US;q=0.6,en;q=0.4','2014-11-23 21:26:38','2014-11-23 21:26:38'),(265,0,'INV-2013-00',1,'Ульяновск','http://localhost/florentinproject/',25,1,'еуые','','ilya2.artamonov@b-leader.ru','+7 (234) 234 2342','','еуые','','','','','еуы еуые','','г. Ульяновск','','Российская Федерация',176,'Ульяновская область',2795,'','Наличными курьеру','cod','25.11.2014 18:26',1,'','','','еуы еуые','','','','',0,'',0,'','Доставка в пределах МКАД (бесплатно)','free.free','',0,'','','еуые','5000.0000',2,0,'0.0000',1,1,'RUB','1.00000000','::1','','Mozilla/5.0 (Windows NT 6.1; WOW64) AppleWebKit/535.11 (KHTML, like Gecko) Chrome/17.0.963.33 Safari/535.11','ru-RU,ru;q=0.8,en-US;q=0.6,en;q=0.4','2014-11-23 21:26:57','2014-11-23 21:27:08');
/*!40000 ALTER TABLE `order` ENABLE KEYS */;
UNLOCK TABLES;

--
-- Table structure for table `order_download`
--

DROP TABLE IF EXISTS `order_download`;
/*!40101 SET @saved_cs_client     = @@character_set_client */;
/*!40101 SET character_set_client = utf8 */;
CREATE TABLE `order_download` (
  `order_download_id` int(11) NOT NULL AUTO_INCREMENT,
  `order_id` int(11) NOT NULL,
  `order_product_id` int(11) NOT NULL,
  `name` varchar(64) NOT NULL,
  `filename` varchar(128) NOT NULL,
  `mask` varchar(128) NOT NULL,
  `remaining` int(3) NOT NULL DEFAULT '0',
  PRIMARY KEY (`order_download_id`)
) ENGINE=MyISAM DEFAULT CHARSET=utf8;
/*!40101 SET character_set_client = @saved_cs_client */;

--
-- Dumping data for table `order_download`
--

LOCK TABLES `order_download` WRITE;
/*!40000 ALTER TABLE `order_download` DISABLE KEYS */;
/*!40000 ALTER TABLE `order_download` ENABLE KEYS */;
UNLOCK TABLES;

--
-- Table structure for table `order_field`
--

DROP TABLE IF EXISTS `order_field`;
/*!40101 SET @saved_cs_client     = @@character_set_client */;
/*!40101 SET character_set_client = utf8 */;
CREATE TABLE `order_field` (
  `order_id` int(11) NOT NULL,
  `custom_field_id` int(11) NOT NULL,
  `custom_field_value_id` int(11) NOT NULL,
  `name` int(128) NOT NULL,
  `value` text NOT NULL,
  `sort_order` int(3) NOT NULL,
  PRIMARY KEY (`order_id`,`custom_field_id`,`custom_field_value_id`)
) ENGINE=MyISAM DEFAULT CHARSET=utf8;
/*!40101 SET character_set_client = @saved_cs_client */;

--
-- Dumping data for table `order_field`
--

LOCK TABLES `order_field` WRITE;
/*!40000 ALTER TABLE `order_field` DISABLE KEYS */;
/*!40000 ALTER TABLE `order_field` ENABLE KEYS */;
UNLOCK TABLES;

--
-- Table structure for table `order_fraud`
--

DROP TABLE IF EXISTS `order_fraud`;
/*!40101 SET @saved_cs_client     = @@character_set_client */;
/*!40101 SET character_set_client = utf8 */;
CREATE TABLE `order_fraud` (
  `order_id` int(11) NOT NULL,
  `customer_id` int(11) NOT NULL,
  `country_match` varchar(3) NOT NULL,
  `country_code` varchar(2) NOT NULL,
  `high_risk_country` varchar(3) NOT NULL,
  `distance` int(11) NOT NULL,
  `ip_region` varchar(255) NOT NULL,
  `ip_city` varchar(255) NOT NULL,
  `ip_latitude` decimal(10,6) NOT NULL,
  `ip_longitude` decimal(10,6) NOT NULL,
  `ip_isp` varchar(255) NOT NULL,
  `ip_org` varchar(255) NOT NULL,
  `ip_asnum` int(11) NOT NULL,
  `ip_user_type` varchar(255) NOT NULL,
  `ip_country_confidence` varchar(3) NOT NULL,
  `ip_region_confidence` varchar(3) NOT NULL,
  `ip_city_confidence` varchar(3) NOT NULL,
  `ip_postal_confidence` varchar(3) NOT NULL,
  `ip_postal_code` varchar(10) NOT NULL,
  `ip_accuracy_radius` int(11) NOT NULL,
  `ip_net_speed_cell` varchar(255) NOT NULL,
  `ip_metro_code` int(3) NOT NULL,
  `ip_area_code` int(3) NOT NULL,
  `ip_time_zone` varchar(255) NOT NULL,
  `ip_region_name` varchar(255) NOT NULL,
  `ip_domain` varchar(255) NOT NULL,
  `ip_country_name` varchar(255) NOT NULL,
  `ip_continent_code` varchar(2) NOT NULL,
  `ip_corporate_proxy` varchar(3) NOT NULL,
  `anonymous_proxy` varchar(3) NOT NULL,
  `proxy_score` int(3) NOT NULL,
  `is_trans_proxy` varchar(3) NOT NULL,
  `free_mail` varchar(3) NOT NULL,
  `carder_email` varchar(3) NOT NULL,
  `high_risk_username` varchar(3) NOT NULL,
  `high_risk_password` varchar(3) NOT NULL,
  `bin_match` varchar(10) NOT NULL,
  `bin_country` varchar(2) NOT NULL,
  `bin_name_match` varchar(3) NOT NULL,
  `bin_name` varchar(255) NOT NULL,
  `bin_phone_match` varchar(3) NOT NULL,
  `bin_phone` varchar(32) NOT NULL,
  `customer_phone_in_billing_location` varchar(8) NOT NULL,
  `ship_forward` varchar(3) NOT NULL,
  `city_postal_match` varchar(3) NOT NULL,
  `ship_city_postal_match` varchar(3) NOT NULL,
  `score` decimal(10,5) NOT NULL,
  `explanation` text NOT NULL,
  `risk_score` decimal(10,5) NOT NULL,
  `queries_remaining` int(11) NOT NULL,
  `maxmind_id` varchar(8) NOT NULL,
  `error` text NOT NULL,
  `date_added` datetime NOT NULL DEFAULT '0000-00-00 00:00:00',
  PRIMARY KEY (`order_id`)
) ENGINE=MyISAM DEFAULT CHARSET=utf8;
/*!40101 SET character_set_client = @saved_cs_client */;

--
-- Dumping data for table `order_fraud`
--

LOCK TABLES `order_fraud` WRITE;
/*!40000 ALTER TABLE `order_fraud` DISABLE KEYS */;
/*!40000 ALTER TABLE `order_fraud` ENABLE KEYS */;
UNLOCK TABLES;

--
-- Table structure for table `order_history`
--

DROP TABLE IF EXISTS `order_history`;
/*!40101 SET @saved_cs_client     = @@character_set_client */;
/*!40101 SET character_set_client = utf8 */;
CREATE TABLE `order_history` (
  `order_history_id` int(11) NOT NULL AUTO_INCREMENT,
  `order_id` int(11) NOT NULL,
  `order_status_id` int(5) NOT NULL,
  `notify` tinyint(1) NOT NULL DEFAULT '0',
  `comment` text NOT NULL,
  `date_added` datetime NOT NULL DEFAULT '0000-00-00 00:00:00',
  PRIMARY KEY (`order_history_id`)
) ENGINE=MyISAM AUTO_INCREMENT=57 DEFAULT CHARSET=utf8;
/*!40101 SET character_set_client = @saved_cs_client */;

--
-- Dumping data for table `order_history`
--

LOCK TABLES `order_history` WRITE;
/*!40000 ALTER TABLE `order_history` DISABLE KEYS */;
INSERT INTO `order_history` VALUES (1,10,1,1,'','2014-06-10 17:44:32'),(2,13,1,1,'','2014-06-11 14:40:48'),(3,21,1,1,'','2014-06-12 15:32:35'),(4,23,1,1,'','2014-06-12 15:40:26'),(5,27,1,1,'','2014-06-16 17:22:52'),(6,42,1,1,'','2014-06-19 13:34:50'),(7,43,2,1,'','2014-06-19 13:44:20'),(8,43,5,0,'','2014-06-19 13:58:05'),(9,43,5,0,'','2014-06-19 13:59:43'),(10,43,1,0,'','2014-06-19 14:17:31'),(11,43,5,0,'','2014-06-19 14:17:49'),(12,47,2,1,'','2014-06-23 17:53:32'),(13,55,2,1,'','2014-06-23 19:14:35'),(14,59,2,1,'','2014-06-23 19:21:25'),(15,79,2,1,'','2014-06-23 21:33:06'),(16,84,2,1,'','2014-06-23 21:45:28'),(17,101,2,1,'','2014-06-24 01:00:57'),(18,105,2,1,'','2014-06-24 01:09:18'),(19,121,2,1,'','2014-06-24 01:52:06'),(20,125,2,1,'','2014-06-25 00:04:30'),(21,126,2,1,'','2014-06-25 00:06:10'),(22,127,2,1,'','2014-06-25 00:23:05'),(23,128,2,1,'','2014-06-25 00:28:09'),(24,129,2,1,'','2014-06-25 00:29:13'),(25,131,2,1,'','2014-06-25 00:44:24'),(26,133,2,1,'','2014-06-25 00:49:45'),(27,134,2,1,'','2014-06-25 01:09:50'),(28,141,2,1,'','2014-06-25 01:17:35'),(29,143,2,1,'','2014-06-25 01:27:17'),(30,145,2,1,'','2014-06-25 01:31:50'),(31,146,2,1,'','2014-06-25 01:53:24'),(32,158,2,1,'','2014-07-03 23:32:56'),(33,161,2,1,'','2014-07-04 00:36:58'),(34,166,2,1,'','2014-07-04 00:42:42'),(35,167,2,1,'','2014-07-04 00:49:07'),(36,169,2,1,'','2014-07-04 00:49:59'),(37,171,2,1,'','2014-07-04 00:50:51'),(38,207,2,1,'','2014-07-06 22:29:56'),(39,221,2,1,'','2014-07-06 23:04:14'),(40,223,2,1,'','2014-07-18 19:44:56'),(41,225,2,1,'','2014-07-18 19:50:43'),(42,223,5,1,'Комментарий, который пишет администратор','2014-07-18 20:01:11'),(43,223,5,1,'&gt;&gt; КОМЕНТАРИИ АДМИНИСТРАТОРА','2014-07-18 20:03:42'),(44,227,2,1,'','2014-08-30 21:29:52'),(45,228,2,1,'','2014-08-30 21:42:49'),(46,232,2,1,'','2014-08-30 22:08:43'),(47,233,2,1,'','2014-08-30 22:12:16'),(48,235,2,1,'','2014-08-30 22:29:19'),(49,241,2,1,'','2014-08-30 22:43:48'),(50,242,2,1,'','2014-08-30 22:45:33'),(51,243,2,1,'','2014-08-30 22:46:15'),(52,246,2,1,'','2014-08-30 22:49:54'),(53,247,2,1,'','2014-08-30 22:51:59'),(54,249,2,1,'','2014-08-30 23:03:11'),(55,263,2,1,'','2014-08-31 00:14:08'),(56,265,2,1,'','2014-11-23 21:27:08');
/*!40000 ALTER TABLE `order_history` ENABLE KEYS */;
UNLOCK TABLES;

--
-- Table structure for table `order_option`
--

DROP TABLE IF EXISTS `order_option`;
/*!40101 SET @saved_cs_client     = @@character_set_client */;
/*!40101 SET character_set_client = utf8 */;
CREATE TABLE `order_option` (
  `order_option_id` int(11) NOT NULL AUTO_INCREMENT,
  `order_id` int(11) NOT NULL,
  `order_product_id` int(11) NOT NULL,
  `product_option_id` int(11) NOT NULL,
  `product_option_value_id` int(11) NOT NULL DEFAULT '0',
  `name` varchar(255) NOT NULL,
  `value` text NOT NULL,
  `type` varchar(32) NOT NULL,
  PRIMARY KEY (`order_option_id`)
) ENGINE=MyISAM AUTO_INCREMENT=220 DEFAULT CHARSET=utf8;
/*!40101 SET character_set_client = @saved_cs_client */;

--
-- Dumping data for table `order_option`
--

LOCK TABLES `order_option` WRITE;
/*!40000 ALTER TABLE `order_option` DISABLE KEYS */;
INSERT INTO `order_option` VALUES (1,1,1,1,0,'Дата доставки','04.06.2014 10:16','datetime'),(2,1,1,2,0,'Текст послания','test 1 tes 2 test 3 \ntest 4 tes 5 test 6 \ntest 1 tes 2 test 3 ','textarea'),(3,1,2,1,0,'Дата доставки','12.06.2014 15:00','datetime'),(4,2,3,1,0,'Дата доставки','04.06.2014 10:16','datetime'),(5,2,3,2,0,'Текст послания','test 1 tes 2 test 3 \ntest 4 tes 5 test 6 \ntest 1 tes 2 test 3 ','textarea'),(6,2,4,1,0,'Дата доставки','12.06.2014 15:00','datetime'),(7,3,5,1,0,'Дата доставки','04.06.2014 10:16','datetime'),(8,3,5,2,0,'Текст послания','test 1 tes 2 test 3 \ntest 4 tes 5 test 6 \ntest 1 tes 2 test 3 ','textarea'),(9,3,6,1,0,'Дата доставки','12.06.2014 15:00','datetime'),(10,4,7,1,0,'Дата доставки','04.06.2014 10:16','datetime'),(11,4,7,2,0,'Текст послания','test 1 tes 2 test 3 \ntest 4 tes 5 test 6 \ntest 1 tes 2 test 3 ','textarea'),(12,4,8,1,0,'Дата доставки','12.06.2014 15:00','datetime'),(13,5,9,1,0,'Дата доставки','04.06.2014 10:16','datetime'),(14,5,9,2,0,'Текст послания','test 1 tes 2 test 3 \ntest 4 tes 5 test 6 \ntest 1 tes 2 test 3 ','textarea'),(15,5,10,1,0,'Дата доставки','12.06.2014 15:00','datetime'),(16,6,11,1,0,'Дата доставки','04.06.2014 10:16','datetime'),(17,6,11,2,0,'Текст послания','test 1 tes 2 test 3 \ntest 4 tes 5 test 6 \ntest 1 tes 2 test 3 ','textarea'),(18,6,12,1,0,'Дата доставки','12.06.2014 15:00','datetime'),(19,7,13,1,0,'Дата доставки','04.06.2014 10:16','datetime'),(20,7,13,2,0,'Текст послания','test 1 tes 2 test 3 \ntest 4 tes 5 test 6 \ntest 1 tes 2 test 3 ','textarea'),(21,7,14,1,0,'Дата доставки','12.06.2014 15:00','datetime'),(22,8,15,1,0,'Дата доставки','04.06.2014 10:16','datetime'),(23,8,15,2,0,'Текст послания','test 1 tes 2 test 3 \ntest 4 tes 5 test 6 \ntest 1 tes 2 test 3 ','textarea'),(24,8,16,1,0,'Дата доставки','12.06.2014 15:00','datetime'),(25,9,17,1,0,'Дата доставки','04.06.2014 10:16','datetime'),(26,9,17,2,0,'Текст послания','test 1 tes 2 test 3 \ntest 4 tes 5 test 6 \ntest 1 tes 2 test 3 ','textarea'),(27,9,18,1,0,'Дата доставки','12.06.2014 15:00','datetime'),(28,10,19,1,0,'Дата доставки','04.06.2014 10:16','datetime'),(29,10,19,2,0,'Текст послания','test 1 tes 2 test 3 \ntest 4 tes 5 test 6 \ntest 1 tes 2 test 3 ','textarea'),(30,10,20,1,0,'Дата доставки','12.06.2014 15:00','datetime'),(31,11,21,1,0,'Дата доставки','05.06.2014 17:00','datetime'),(32,11,21,2,0,'Текст послания','вап','textarea'),(33,11,22,1,0,'Дата доставки','13.06.2014 13:00','datetime'),(34,11,22,2,0,'Текст послания','еуые','textarea'),(35,11,23,4,0,'Дата доставки','06.06.2014 13:00','datetime'),(36,11,23,7,0,'ФИО получателя','еыуе','text'),(37,11,23,3,0,'Адрес доставки','еуые','text'),(38,11,23,6,0,'Телефон получателя','еыуе','text'),(39,11,23,5,0,'Текст послания','еуые','textarea'),(40,12,24,1,0,'Дата доставки','05.06.2014 17:00','datetime'),(41,12,24,2,0,'Текст послания','вап','textarea'),(42,12,25,1,0,'Дата доставки','13.06.2014 13:00','datetime'),(43,12,25,2,0,'Текст послания','еуые','textarea'),(44,12,26,4,0,'Дата доставки','06.06.2014 13:00','datetime'),(45,12,26,7,0,'ФИО получателя','еыуе','text'),(46,12,26,3,0,'Адрес доставки','еуые','text'),(47,12,26,6,0,'Телефон получателя','еыуе','text'),(48,12,26,5,0,'Текст послания','еуые','textarea'),(49,13,27,1,0,'Дата доставки','05.06.2014 17:00','datetime'),(50,13,27,2,0,'Текст послания','вап','textarea'),(51,13,28,1,0,'Дата доставки','13.06.2014 13:00','datetime'),(52,13,28,2,0,'Текст послания','еуые','textarea'),(53,13,29,4,0,'Дата доставки','06.06.2014 13:00','datetime'),(54,13,29,7,0,'ФИО получателя','еыуе','text'),(55,13,29,3,0,'Адрес доставки','еуые','text'),(56,13,29,6,0,'Телефон получателя','еыуе','text'),(57,13,29,5,0,'Текст послания','еуые','textarea'),(58,14,30,1,0,'Дата доставки','11.06.2014 16:00','datetime'),(59,14,30,2,0,'Текст послания','у','textarea'),(60,15,31,1,0,'Дата доставки','11.06.2014 16:00','datetime'),(61,15,31,2,0,'Текст послания','у','textarea'),(62,16,32,1,0,'Дата доставки','11.06.2014 16:00','datetime'),(63,16,32,2,0,'Текст послания','у','textarea'),(64,17,33,1,0,'Дата доставки','11.06.2014 16:00','datetime'),(65,17,33,2,0,'Текст послания','у','textarea'),(66,18,34,4,0,'Дата доставки','12.06.2014 16:00','datetime'),(67,18,34,7,0,'ФИО получателя','aken','text'),(68,18,34,3,0,'Адрес доставки','wqer','text'),(69,18,34,6,0,'Телефон получателя','23423','text'),(70,18,34,5,0,'Текст послания','test etst','textarea'),(71,19,37,4,0,'Дата доставки','12.06.2014 16:00','datetime'),(72,19,37,7,0,'ФИО получателя','aken','text'),(73,19,37,3,0,'Адрес доставки','wqer','text'),(74,19,37,6,0,'Телефон получателя','23423','text'),(75,19,37,5,0,'Текст послания','test etst','textarea'),(76,20,40,4,0,'Дата доставки','12.06.2014 16:00','datetime'),(77,20,40,7,0,'ФИО получателя','aken','text'),(78,20,40,3,0,'Адрес доставки','wqer','text'),(79,20,40,6,0,'Телефон получателя','23423','text'),(80,20,40,5,0,'Текст послания','test etst','textarea'),(81,21,43,4,0,'Дата доставки','12.06.2014 16:00','datetime'),(82,21,43,7,0,'ФИО получателя','aken','text'),(83,21,43,3,0,'Адрес доставки','wqer','text'),(84,21,43,6,0,'Телефон получателя','23423','text'),(85,21,43,5,0,'Текст послания','test etst','textarea'),(86,22,46,1,0,'Дата доставки','12.06.2014 18:00','datetime'),(87,22,46,2,0,'Текст послания','dsf','textarea'),(88,23,47,1,0,'Дата доставки','12.06.2014 18:00','datetime'),(89,23,47,2,0,'Текст послания','dsf','textarea'),(90,24,48,1,0,'Дата доставки','06.06.2014 16:43','datetime'),(91,24,48,2,0,'Текст послания','test','textarea'),(92,25,49,1,0,'Дата доставки','06.06.2014 16:43','datetime'),(93,25,49,2,0,'Текст послания','test','textarea'),(94,26,50,1,0,'Дата доставки','19.06.2014','date'),(95,26,50,2,0,'Текст послания','цу','textarea'),(96,26,51,4,0,'Дата доставки','20.06.2014','date'),(97,26,51,8,0,'Время доставки','выа','text'),(98,26,51,7,0,'ФИО получателя','234','text'),(99,26,51,3,0,'Адрес доставки','234','text'),(100,26,51,6,0,'Телефон получателя','+7 (234) 424 2342','text'),(101,26,51,5,0,'Текст послания','ыыыыыыыыыыыыыыыыыыыыыыыыыыыыыыыыыыыыыыыыыыыыыыыыыыыыыыыыыыыыыыыыыыыыыыыыыыыыыыыыыыыыыыыыыыыыыыыы','textarea'),(102,26,52,1,0,'Дата доставки','11.06.2014 16:00','date'),(103,26,52,2,0,'Текст послания','у','textarea'),(104,27,53,1,0,'Дата доставки','19.06.2014','date'),(105,27,53,2,0,'Текст послания','цу','textarea'),(106,27,54,4,0,'Дата доставки','20.06.2014','date'),(107,27,54,8,0,'Время доставки','выа','text'),(108,27,54,7,0,'ФИО получателя','234','text'),(109,27,54,3,0,'Адрес доставки','234','text'),(110,27,54,6,0,'Телефон получателя','+7 (234) 424 2342','text'),(111,27,54,5,0,'Текст послания','ыыыыыыыыыыыыыыыыыыыыыыыыыыыыыыыыыыыыыыыыыыыыыыыыыыыыыыыыыыыыыыыыыыыыыыыыыыыыыыыыыыыыыыыыыыыыыыыы','textarea'),(112,27,55,1,0,'Дата доставки','11.06.2014 16:00','date'),(113,27,55,2,0,'Текст послания','у','textarea'),(114,28,56,4,0,'Дата доставки','25.06.2014','date'),(115,28,56,8,0,'Время доставки','234','text'),(116,28,56,7,0,'ФИО получателя','324','text'),(117,28,56,3,0,'Адрес доставки','sd','text'),(118,28,56,6,0,'Телефон получателя','+7 (234) 234 2342','text'),(119,28,56,5,0,'Текст послания','sdf','textarea'),(120,29,57,4,0,'Дата доставки','25.06.2014','date'),(121,29,57,8,0,'Время доставки','234','text'),(122,29,57,7,0,'ФИО получателя','324','text'),(123,29,57,3,0,'Адрес доставки','sd','text'),(124,29,57,6,0,'Телефон получателя','+7 (234) 234 2342','text'),(125,29,57,5,0,'Текст послания','sdf','textarea'),(126,30,58,4,0,'Дата доставки','25.06.2014','date'),(127,30,58,8,0,'Время доставки','234','text'),(128,30,58,7,0,'ФИО получателя','324','text'),(129,30,58,3,0,'Адрес доставки','sd','text'),(130,30,58,6,0,'Телефон получателя','+7 (234) 234 2342','text'),(131,30,58,5,0,'Текст послания','sdf','textarea'),(132,31,59,4,0,'Дата доставки','25.06.2014','date'),(133,31,59,8,0,'Время доставки','234','text'),(134,31,59,7,0,'ФИО получателя','324','text'),(135,31,59,3,0,'Адрес доставки','sd','text'),(136,31,59,6,0,'Телефон получателя','+7 (234) 234 2342','text'),(137,31,59,5,0,'Текст послания','sdf','textarea'),(138,32,60,4,0,'Дата доставки','25.06.2014','date'),(139,32,60,8,0,'Время доставки','234','text'),(140,32,60,7,0,'ФИО получателя','324','text'),(141,32,60,3,0,'Адрес доставки','sd','text'),(142,32,60,6,0,'Телефон получателя','+7 (234) 234 2342','text'),(143,32,60,5,0,'Текст послания','sdf','textarea'),(144,33,61,4,0,'Дата доставки','25.06.2014','date'),(145,33,61,8,0,'Время доставки','234','text'),(146,33,61,7,0,'ФИО получателя','324','text'),(147,33,61,3,0,'Адрес доставки','sd','text'),(148,33,61,6,0,'Телефон получателя','+7 (234) 234 2342','text'),(149,33,61,5,0,'Текст послания','sdf','textarea'),(150,34,62,4,0,'Дата доставки','25.06.2014','date'),(151,34,62,8,0,'Время доставки','234','text'),(152,34,62,7,0,'ФИО получателя','324','text'),(153,34,62,3,0,'Адрес доставки','sd','text'),(154,34,62,6,0,'Телефон получателя','+7 (234) 234 2342','text'),(155,34,62,5,0,'Текст послания','sdf','textarea'),(156,35,63,4,0,'Дата доставки','25.06.2014','date'),(157,35,63,8,0,'Время доставки','234','text'),(158,35,63,7,0,'ФИО получателя','324','text'),(159,35,63,3,0,'Адрес доставки','sd','text'),(160,35,63,6,0,'Телефон получателя','+7 (234) 234 2342','text'),(161,35,63,5,0,'Текст послания','sdf','textarea'),(162,36,64,4,0,'Дата доставки','25.06.2014','date'),(163,36,64,8,0,'Время доставки','234','text'),(164,36,64,7,0,'ФИО получателя','324','text'),(165,36,64,3,0,'Адрес доставки','sd','text'),(166,36,64,6,0,'Телефон получателя','+7 (234) 234 2342','text'),(167,36,64,5,0,'Текст послания','sdf','textarea'),(168,37,65,4,0,'Дата доставки','25.06.2014','date'),(169,37,65,8,0,'Время доставки','234','text'),(170,37,65,7,0,'ФИО получателя','324','text'),(171,37,65,3,0,'Адрес доставки','sd','text'),(172,37,65,6,0,'Телефон получателя','+7 (234) 234 2342','text'),(173,37,65,5,0,'Текст послания','sdf','textarea'),(174,38,66,4,0,'Дата доставки','25.06.2014','date'),(175,38,66,8,0,'Время доставки','234','text'),(176,38,66,7,0,'ФИО получателя','324','text'),(177,38,66,3,0,'Адрес доставки','sd','text'),(178,38,66,6,0,'Телефон получателя','+7 (234) 234 2342','text'),(179,38,66,5,0,'Текст послания','sdf','textarea'),(180,39,67,4,0,'Дата доставки','18.06.2014','date'),(181,39,67,8,0,'Время доставки','34','text'),(182,39,67,7,0,'ФИО получателя','345','text'),(183,39,67,3,0,'Адрес доставки','345','text'),(184,39,67,6,0,'Телефон получателя','+7 (534) 534 5345','text'),(185,39,67,5,0,'Текст послания','ert','textarea'),(186,39,68,4,0,'Дата доставки','25.06.2014','date'),(187,39,68,8,0,'Время доставки','234','text'),(188,39,68,7,0,'ФИО получателя','324','text'),(189,39,68,3,0,'Адрес доставки','sd','text'),(190,39,68,6,0,'Телефон получателя','+7 (234) 234 2342','text'),(191,39,68,5,0,'Текст послания','sdf','textarea'),(192,40,69,4,0,'Дата доставки','18.06.2014','date'),(193,40,69,8,0,'Время доставки','34','text'),(194,40,69,7,0,'ФИО получателя','345','text'),(195,40,69,3,0,'Адрес доставки','345','text'),(196,40,69,6,0,'Телефон получателя','+7 (534) 534 5345','text'),(197,40,69,5,0,'Текст послания','ert','textarea'),(198,40,70,4,0,'Дата доставки','25.06.2014','date'),(199,40,70,8,0,'Время доставки','234','text'),(200,40,70,7,0,'ФИО получателя','324','text'),(201,40,70,3,0,'Адрес доставки','sd','text'),(202,40,70,6,0,'Телефон получателя','+7 (234) 234 2342','text'),(203,40,70,5,0,'Текст послания','sdf','textarea'),(204,41,71,4,0,'Дата доставки','18.06.2014','date'),(205,41,71,8,0,'Время доставки','34','text'),(206,41,71,7,0,'ФИО получателя','345','text'),(207,41,71,3,0,'Адрес доставки','345','text'),(208,41,71,6,0,'Телефон получателя','+7 (534) 534 5345','text'),(209,41,71,5,0,'Текст послания','ert','textarea'),(210,41,72,4,0,'Дата доставки','25.06.2014','date'),(211,41,72,8,0,'Время доставки','234','text'),(212,41,72,7,0,'ФИО получателя','324','text'),(213,41,72,3,0,'Адрес доставки','sd','text'),(214,41,72,6,0,'Телефон получателя','+7 (234) 234 2342','text'),(215,41,72,5,0,'Текст послания','sdf','textarea'),(216,224,274,1,0,'Дата доставки','10.06.2014 21:13','date'),(217,224,274,2,0,'Текст послания','test','textarea'),(218,225,276,1,0,'Дата доставки','10.06.2014 21:13','date'),(219,225,276,2,0,'Текст послания','test','textarea');
/*!40000 ALTER TABLE `order_option` ENABLE KEYS */;
UNLOCK TABLES;

--
-- Table structure for table `order_product`
--

DROP TABLE IF EXISTS `order_product`;
/*!40101 SET @saved_cs_client     = @@character_set_client */;
/*!40101 SET character_set_client = utf8 */;
CREATE TABLE `order_product` (
  `order_product_id` int(11) NOT NULL AUTO_INCREMENT,
  `order_id` int(11) NOT NULL,
  `product_id` int(11) NOT NULL,
  `name` varchar(255) NOT NULL,
  `model` varchar(64) NOT NULL,
  `quantity` int(4) NOT NULL,
  `price` decimal(15,4) NOT NULL DEFAULT '0.0000',
  `total` decimal(15,4) NOT NULL DEFAULT '0.0000',
  `tax` decimal(15,4) NOT NULL DEFAULT '0.0000',
  `reward` int(8) NOT NULL,
  PRIMARY KEY (`order_product_id`)
) ENGINE=MyISAM AUTO_INCREMENT=325 DEFAULT CHARSET=utf8;
/*!40101 SET character_set_client = @saved_cs_client */;

--
-- Dumping data for table `order_product`
--

LOCK TABLES `order_product` WRITE;
/*!40000 ALTER TABLE `order_product` DISABLE KEYS */;
INSERT INTO `order_product` VALUES (1,1,41,'No 2','Товар 14',2,'3200.0000','6400.0000','0.0000',0),(2,1,41,'No 2','Товар 14',1,'3200.0000','3200.0000','0.0000',0),(3,2,41,'No 2','Товар 14',2,'3200.0000','6400.0000','0.0000',0),(4,2,41,'No 2','Товар 14',1,'3200.0000','3200.0000','0.0000',0),(5,3,41,'No 2','Товар 14',2,'3200.0000','6400.0000','0.0000',0),(6,3,41,'No 2','Товар 14',1,'3200.0000','3200.0000','0.0000',0),(7,4,41,'No 2','Товар 14',2,'3200.0000','6400.0000','0.0000',0),(8,4,41,'No 2','Товар 14',1,'3200.0000','3200.0000','0.0000',0),(9,5,41,'No 2','Товар 14',2,'3200.0000','6400.0000','0.0000',0),(10,5,41,'No 2','Товар 14',1,'3200.0000','3200.0000','0.0000',0),(11,6,41,'No 2','Товар 14',2,'3200.0000','6400.0000','0.0000',0),(12,6,41,'No 2','Товар 14',1,'3200.0000','3200.0000','0.0000',0),(13,7,41,'No 2','Товар 14',2,'3200.0000','6400.0000','0.0000',0),(14,7,41,'No 2','Товар 14',1,'3200.0000','3200.0000','0.0000',0),(15,8,41,'No 2','Товар 14',2,'3200.0000','6400.0000','0.0000',0),(16,8,41,'No 2','Товар 14',1,'3200.0000','3200.0000','0.0000',0),(17,9,41,'No 2','Товар 14',2,'3200.0000','6400.0000','0.0000',0),(18,9,41,'No 2','Товар 14',1,'3200.0000','3200.0000','0.0000',0),(19,10,41,'No 2','Товар 14',2,'3200.0000','6400.0000','0.0000',0),(20,10,41,'No 2','Товар 14',1,'3200.0000','3200.0000','0.0000',0),(21,11,41,'No 2','Товар 14',1,'3200.0000','3200.0000','0.0000',0),(22,11,41,'No 2','Товар 14',1,'3200.0000','3200.0000','0.0000',0),(23,11,40,'No 1','Товар 11',1,'101.0000','101.0000','0.0000',0),(24,12,41,'No 2','Товар 14',1,'3200.0000','3200.0000','0.0000',0),(25,12,41,'No 2','Товар 14',1,'3200.0000','3200.0000','0.0000',0),(26,12,40,'No 1','Товар 11',1,'101.0000','101.0000','0.0000',0),(27,13,41,'No 2','Товар 14',1,'3200.0000','3200.0000','0.0000',0),(28,13,41,'No 2','Товар 14',1,'3200.0000','3200.0000','0.0000',0),(29,13,40,'No 1','Товар 11',1,'101.0000','101.0000','0.0000',0),(30,14,41,'No 2','Товар 14',1,'3200.0000','3200.0000','0.0000',0),(31,15,41,'No 2','Товар 14',1,'3200.0000','3200.0000','0.0000',0),(32,16,41,'No 2','Товар 14',1,'3200.0000','3200.0000','0.0000',0),(33,17,41,'No 2','Товар 14',1,'3200.0000','3200.0000','0.0000',0),(34,18,40,'No 1','Товар 11',1,'101.0000','101.0000','0.0000',0),(35,18,28,'No 4','Товар 1',1,'100.0000','100.0000','0.0000',400),(36,18,42,'No 7','Товар 15',4,'90.0000','360.0000','0.0000',0),(37,19,40,'No 1','Товар 11',1,'101.0000','101.0000','0.0000',0),(38,19,28,'No 4','Товар 1',1,'100.0000','100.0000','0.0000',400),(39,19,42,'No 7','Товар 15',4,'90.0000','360.0000','0.0000',0),(40,20,40,'No 1','Товар 11',1,'101.0000','101.0000','0.0000',0),(41,20,28,'No 4','Товар 1',1,'100.0000','100.0000','0.0000',400),(42,20,42,'No 7','Товар 15',4,'90.0000','360.0000','0.0000',0),(43,21,40,'No 1','Товар 11',1,'101.0000','101.0000','0.0000',0),(44,21,28,'No 4','Товар 1',1,'100.0000','100.0000','0.0000',400),(45,21,42,'No 7','Товар 15',4,'90.0000','360.0000','0.0000',0),(46,22,41,'No 2','Товар 14',1,'3200.0000','3200.0000','0.0000',0),(47,23,41,'No 2','Товар 14',1,'3200.0000','3200.0000','0.0000',0),(48,24,41,'No 2','Товар 14',1,'3200.0000','3200.0000','0.0000',0),(49,25,41,'No 2','Товар 14',1,'3200.0000','3200.0000','0.0000',0),(50,26,41,'No 2','Товар 14',1,'3200.0000','3200.0000','0.0000',0),(51,26,40,'No 1','Товар 11',1,'101.0000','101.0000','0.0000',0),(52,26,41,'No 2','Товар 14',1,'3200.0000','3200.0000','0.0000',0),(53,27,41,'No 2','Товар 14',1,'3200.0000','3200.0000','0.0000',0),(54,27,40,'No 1','Товар 11',1,'101.0000','101.0000','0.0000',0),(55,27,41,'No 2','Товар 14',1,'3200.0000','3200.0000','0.0000',0),(56,28,40,'No 1','Товар 11',1,'101.0000','101.0000','0.0000',0),(57,29,40,'No 1','Товар 11',1,'101.0000','101.0000','0.0000',0),(58,30,40,'No 1','Товар 11',1,'101.0000','101.0000','0.0000',0),(59,31,40,'No 1','Товар 11',1,'101.0000','101.0000','0.0000',0),(60,32,40,'No 1','Товар 11',1,'101.0000','101.0000','0.0000',0),(61,33,40,'No 1','Товар 11',1,'101.0000','101.0000','0.0000',0),(62,34,40,'No 1','Товар 11',1,'101.0000','101.0000','0.0000',0),(63,35,40,'No 1','Товар 11',1,'101.0000','101.0000','0.0000',0),(64,36,40,'No 1','Товар 11',1,'101.0000','101.0000','0.0000',0),(65,37,40,'No 1','Товар 11',1,'101.0000','101.0000','0.0000',0),(66,38,40,'No 1','Товар 11',1,'101.0000','101.0000','0.0000',0),(67,39,40,'No 1','Товар 11',1,'101.0000','101.0000','0.0000',0),(68,39,40,'No 1','Товар 11',1,'101.0000','101.0000','0.0000',0),(69,40,40,'No 1','Товар 11',1,'101.0000','101.0000','0.0000',0),(70,40,40,'No 1','Товар 11',1,'101.0000','101.0000','0.0000',0),(71,41,40,'No 1','Товар 11',1,'101.0000','101.0000','0.0000',0),(72,41,40,'No 1','Товар 11',1,'101.0000','101.0000','0.0000',0),(73,42,47,'No 5','Товар 21',1,'100.0000','100.0000','0.0000',300),(74,43,47,'No 5','',1,'100.0000','100.0000','0.0000',300),(75,44,40,'No 1','Товар 11',3,'101.0000','303.0000','0.0000',0),(76,45,40,'No 1','Товар 11',3,'101.0000','303.0000','0.0000',0),(77,46,40,'No 1','Товар 11',3,'101.0000','303.0000','0.0000',0),(78,47,40,'No 1','Товар 11',3,'101.0000','303.0000','0.0000',0),(79,48,40,'No 1','Товар 11',1,'101.0000','101.0000','0.0000',0),(80,49,40,'No 1','Товар 11',1,'101.0000','101.0000','0.0000',0),(81,50,40,'No 1','Товар 11',1,'101.0000','101.0000','0.0000',0),(82,51,40,'No 1','Товар 11',1,'101.0000','101.0000','0.0000',0),(83,52,40,'No 1','Товар 11',1,'101.0000','101.0000','0.0000',0),(84,53,40,'No 1','Товар 11',1,'101.0000','101.0000','0.0000',0),(85,54,40,'No 1','Товар 11',1,'101.0000','101.0000','0.0000',0),(86,55,40,'No 1','Товар 11',1,'101.0000','101.0000','0.0000',0),(87,56,40,'No 1','Товар 11',1,'101.0000','101.0000','0.0000',0),(88,57,40,'No 1','Товар 11',1,'101.0000','101.0000','0.0000',0),(89,58,40,'No 1','Товар 11',1,'101.0000','101.0000','0.0000',0),(90,59,40,'No 1','Товар 11',1,'101.0000','101.0000','0.0000',0),(91,60,40,'No 1','Товар 11',1,'101.0000','101.0000','0.0000',0),(92,61,40,'No 1','Товар 11',1,'101.0000','101.0000','0.0000',0),(93,62,40,'No 1','Товар 11',1,'101.0000','101.0000','0.0000',0),(94,63,40,'No 1','Товар 11',1,'101.0000','101.0000','0.0000',0),(95,64,40,'No 1','Товар 11',1,'101.0000','101.0000','0.0000',0),(96,65,40,'No 1','Товар 11',1,'101.0000','101.0000','0.0000',0),(97,66,40,'No 1','Товар 11',1,'101.0000','101.0000','0.0000',0),(98,67,40,'No 1','Товар 11',1,'101.0000','101.0000','0.0000',0),(99,68,40,'No 1','Товар 11',1,'101.0000','101.0000','0.0000',0),(100,69,40,'No 1','Товар 11',1,'101.0000','101.0000','0.0000',0),(101,70,40,'No 1','Товар 11',1,'101.0000','101.0000','0.0000',0),(102,71,40,'No 1','Товар 11',1,'101.0000','101.0000','0.0000',0),(103,72,40,'No 1','Товар 11',1,'101.0000','101.0000','0.0000',0),(104,73,40,'No 1','Товар 11',1,'101.0000','101.0000','0.0000',0),(105,74,40,'No 1','Товар 11',1,'101.0000','101.0000','0.0000',0),(106,75,40,'No 1','Товар 11',1,'101.0000','101.0000','0.0000',0),(107,76,40,'No 1','Товар 11',1,'101.0000','101.0000','0.0000',0),(108,77,40,'No 1','Товар 11',1,'101.0000','101.0000','0.0000',0),(109,78,40,'No 1','Товар 11',1,'101.0000','101.0000','0.0000',0),(110,79,40,'No 1','Товар 11',1,'101.0000','101.0000','0.0000',0),(111,80,40,'No 1','Товар 11',1,'101.0000','101.0000','0.0000',0),(112,81,40,'No 1','Товар 11',1,'101.0000','101.0000','0.0000',0),(113,82,40,'No 1','Товар 11',1,'101.0000','101.0000','0.0000',0),(114,83,40,'No 1','Товар 11',1,'101.0000','101.0000','0.0000',0),(115,84,40,'No 1','Товар 11',1,'101.0000','101.0000','0.0000',0),(116,85,40,'No 1','Товар 11',1,'101.0000','101.0000','0.0000',0),(117,86,40,'No 1','Товар 11',1,'101.0000','101.0000','0.0000',0),(118,87,40,'No 1','Товар 11',1,'101.0000','101.0000','0.0000',0),(119,88,40,'No 1','Товар 11',1,'101.0000','101.0000','0.0000',0),(120,89,40,'No 1','Товар 11',1,'101.0000','101.0000','0.0000',0),(121,90,40,'No 1','Товар 11',1,'101.0000','101.0000','0.0000',0),(122,91,40,'No 1','Товар 11',1,'101.0000','101.0000','0.0000',0),(123,92,40,'No 1','Товар 11',1,'101.0000','101.0000','0.0000',0),(124,93,40,'No 1','Товар 11',1,'101.0000','101.0000','0.0000',0),(125,94,40,'No 1','Товар 11',1,'101.0000','101.0000','0.0000',0),(126,95,40,'No 1','Товар 11',1,'101.0000','101.0000','0.0000',0),(127,96,40,'No 1','Товар 11',1,'101.0000','101.0000','0.0000',0),(128,97,40,'No 1','Товар 11',1,'101.0000','101.0000','0.0000',0),(129,98,40,'No 1','Товар 11',1,'101.0000','101.0000','0.0000',0),(130,99,40,'No 1','Товар 11',1,'101.0000','101.0000','0.0000',0),(131,100,40,'No 1','Товар 11',1,'101.0000','101.0000','0.0000',0),(132,101,40,'No 1','Товар 11',1,'101.0000','101.0000','0.0000',0),(133,102,40,'No 1','Товар 11',1,'101.0000','101.0000','0.0000',0),(134,103,40,'No 1','Товар 11',1,'101.0000','101.0000','0.0000',0),(135,104,40,'No 1','Товар 11',1,'101.0000','101.0000','0.0000',0),(136,105,40,'No 1','Товар 11',1,'101.0000','101.0000','0.0000',0),(137,106,40,'No 1','Товар 11',1,'101.0000','101.0000','0.0000',0),(138,107,40,'No 1','Товар 11',1,'101.0000','101.0000','0.0000',0),(139,108,40,'No 1','Товар 11',1,'101.0000','101.0000','0.0000',0),(140,109,40,'No 1','Товар 11',1,'101.0000','101.0000','0.0000',0),(141,110,40,'No 1','Товар 11',1,'101.0000','101.0000','0.0000',0),(142,111,40,'No 1','Товар 11',1,'101.0000','101.0000','0.0000',0),(143,112,40,'No 1','Товар 11',1,'101.0000','101.0000','0.0000',0),(144,113,40,'No 1','Товар 11',1,'101.0000','101.0000','0.0000',0),(145,114,40,'No 1','Товар 11',1,'101.0000','101.0000','0.0000',0),(146,115,40,'No 1','Товар 11',1,'101.0000','101.0000','0.0000',0),(147,116,40,'No 1','Товар 11',1,'101.0000','101.0000','0.0000',0),(148,117,40,'No 1','Товар 11',1,'101.0000','101.0000','0.0000',0),(149,118,40,'No 1','Товар 11',1,'101.0000','101.0000','0.0000',0),(150,119,40,'No 1','Товар 11',1,'101.0000','101.0000','0.0000',0),(151,120,40,'No 1','Товар 11',1,'101.0000','101.0000','0.0000',0),(152,121,40,'No 1','Товар 11',1,'101.0000','101.0000','0.0000',0),(153,122,40,'No 1','Товар 11',1,'101.0000','101.0000','0.0000',0),(154,123,40,'No 1','Товар 11',3,'101.0000','303.0000','0.0000',0),(155,124,40,'No 1','Товар 11',3,'101.0000','303.0000','0.0000',0),(156,125,40,'No 1','Товар 11',3,'101.0000','303.0000','0.0000',0),(157,126,40,'No 1','Товар 11',1,'101.0000','101.0000','0.0000',0),(158,127,40,'No 1','Товар 11',1,'101.0000','101.0000','0.0000',0),(159,128,40,'No 1','Товар 11',1,'101.0000','101.0000','0.0000',0),(160,129,40,'No 1','Товар 11',1,'101.0000','101.0000','0.0000',0),(161,130,40,'No 1','Товар 11',1,'101.0000','101.0000','0.0000',0),(162,131,40,'No 1','Товар 11',1,'101.0000','101.0000','0.0000',0),(163,132,40,'No 1','Товар 11',1,'101.0000','101.0000','0.0000',0),(164,133,40,'No 1','Товар 11',1,'101.0000','101.0000','0.0000',0),(165,134,40,'No 1','Товар 11',1,'101.0000','101.0000','0.0000',0),(166,135,40,'No 1','Товар 11',1,'101.0000','101.0000','0.0000',0),(167,136,40,'No 1','Товар 11',1,'101.0000','101.0000','0.0000',0),(168,137,40,'No 1','Товар 11',2,'101.0000','202.0000','0.0000',0),(169,138,40,'No 1','Товар 11',2,'101.0000','202.0000','0.0000',0),(170,139,40,'No 1','Товар 11',2,'101.0000','202.0000','0.0000',0),(171,140,40,'No 1','Товар 11',2,'101.0000','202.0000','0.0000',0),(172,141,40,'No 1','Товар 11',2,'101.0000','202.0000','0.0000',0),(173,142,40,'No 1','Товар 11',1,'101.0000','101.0000','0.0000',0),(174,143,40,'No 1','Товар 11',1,'101.0000','101.0000','0.0000',0),(175,144,40,'No 1','Товар 11',1,'101.0000','101.0000','0.0000',0),(176,145,40,'No 1','Товар 11',1,'101.0000','101.0000','0.0000',0),(177,146,40,'No 1','Товар 11',1,'101.0000','101.0000','0.0000',0),(178,147,40,'No 1','Товар 11',2,'101.0000','202.0000','0.0000',0),(179,147,47,'No 5','',3,'100.0000','300.0000','0.0000',900),(180,148,40,'No 1','Товар 11',2,'101.0000','202.0000','0.0000',0),(181,148,47,'No 5','',3,'100.0000','300.0000','0.0000',900),(182,149,40,'No 1','Товар 11',2,'101.0000','202.0000','0.0000',0),(183,149,47,'No 5','',3,'100.0000','300.0000','0.0000',900),(184,150,40,'No 1','Товар 11',2,'101.0000','202.0000','0.0000',0),(185,150,47,'No 5','',3,'100.0000','300.0000','0.0000',900),(186,151,40,'No 1','Товар 11',2,'101.0000','202.0000','0.0000',0),(187,151,47,'No 5','',3,'100.0000','300.0000','0.0000',900),(188,152,40,'No 1','Товар 11',2,'101.0000','202.0000','0.0000',0),(189,152,47,'No 5','',3,'100.0000','300.0000','0.0000',900),(190,153,40,'No 1','Товар 11',2,'101.0000','202.0000','0.0000',0),(191,153,47,'No 5','',3,'100.0000','300.0000','0.0000',900),(192,154,40,'No 1','Товар 11',2,'101.0000','202.0000','0.0000',0),(193,154,47,'No 5','',3,'100.0000','300.0000','0.0000',900),(194,155,40,'No 1','Товар 11',2,'101.0000','202.0000','0.0000',0),(195,155,47,'No 5','',3,'100.0000','300.0000','0.0000',900),(196,156,40,'No 1','Товар 11',2,'101.0000','202.0000','0.0000',0),(197,156,47,'No 5','',3,'100.0000','300.0000','0.0000',900),(198,157,40,'No 1','Товар 11',2,'101.0000','202.0000','0.0000',0),(199,157,47,'No 5','',3,'100.0000','300.0000','0.0000',900),(200,158,40,'No 1','Товар 11',2,'101.0000','202.0000','0.0000',0),(201,158,47,'No 5','',3,'100.0000','300.0000','0.0000',900),(202,159,40,'No 1','Товар 11',3,'101.0000','303.0000','0.0000',0),(203,159,28,'No 4','Товар 1',2,'100.0000','200.0000','0.0000',800),(204,160,40,'No 1','Товар 11',2,'101.0000','202.0000','0.0000',0),(205,161,40,'No 1','Товар 11',2,'101.0000','202.0000','0.0000',0),(206,162,40,'No 1','Товар 11',1,'101.0000','101.0000','0.0000',0),(207,163,40,'No 1','Товар 11',1,'101.0000','101.0000','0.0000',0),(208,164,40,'No 1','Товар 11',1,'101.0000','101.0000','0.0000',0),(209,165,40,'No 1','Товар 11',1,'101.0000','101.0000','0.0000',0),(210,166,40,'No 1','Товар 11',1,'101.0000','101.0000','0.0000',0),(211,167,40,'No 1','Товар 11',1,'101.0000','101.0000','0.0000',0),(212,168,40,'No 1','Товар 11',1,'101.0000','101.0000','0.0000',0),(213,169,40,'No 1','Товар 11',1,'101.0000','101.0000','0.0000',0),(214,170,40,'No 1','Товар 11',1,'101.0000','101.0000','0.0000',0),(215,171,40,'No 1','Товар 11',1,'101.0000','101.0000','0.0000',0),(216,172,40,'No 1','Товар 11',1,'101.0000','101.0000','0.0000',0),(217,173,40,'No 1','Товар 11',1,'101.0000','101.0000','0.0000',0),(218,174,40,'No 1','Товар 11',1,'101.0000','101.0000','0.0000',0),(219,175,40,'No 1','Товар 11',1,'101.0000','101.0000','0.0000',0),(220,176,40,'No 1','Товар 11',1,'101.0000','101.0000','0.0000',0),(221,177,40,'No 1','Товар 11',1,'101.0000','101.0000','0.0000',0),(222,178,40,'No 1','Товар 11',1,'101.0000','101.0000','0.0000',0),(223,179,40,'No 1','Товар 11',1,'101.0000','101.0000','0.0000',0),(224,180,40,'No 1','Товар 11',1,'101.0000','101.0000','0.0000',0),(225,181,40,'No 1','Товар 11',1,'101.0000','101.0000','0.0000',0),(226,182,40,'No 1','Товар 11',1,'101.0000','101.0000','0.0000',0),(227,183,40,'No 1','Товар 11',1,'101.0000','101.0000','0.0000',0),(228,184,40,'No 1','Товар 11',1,'101.0000','101.0000','0.0000',0),(229,185,40,'No 1','Товар 11',1,'101.0000','101.0000','0.0000',0),(230,186,40,'No 1','Товар 11',1,'101.0000','101.0000','0.0000',0),(231,187,40,'No 1','Товар 11',1,'101.0000','101.0000','0.0000',0),(232,188,40,'No 1','Товар 11',1,'101.0000','101.0000','0.0000',0),(233,189,40,'No 1','Товар 11',1,'101.0000','101.0000','0.0000',0),(234,190,40,'No 1','Товар 11',1,'101.0000','101.0000','0.0000',0),(235,191,40,'No 1','Товар 11',1,'101.0000','101.0000','0.0000',0),(236,192,40,'No 1','Товар 11',1,'101.0000','101.0000','0.0000',0),(237,193,40,'No 1','Товар 11',1,'101.0000','101.0000','0.0000',0),(238,194,40,'No 1','Товар 11',1,'101.0000','101.0000','0.0000',0),(239,195,40,'No 1','Товар 11',1,'101.0000','101.0000','0.0000',0),(240,196,40,'No 1','Товар 11',1,'101.0000','101.0000','0.0000',0),(241,197,40,'No 1','Товар 11',1,'101.0000','101.0000','0.0000',0),(242,198,40,'No 1','Товар 11',1,'101.0000','101.0000','0.0000',0),(243,199,40,'No 1','Товар 11',1,'101.0000','101.0000','0.0000',0),(244,200,40,'No 1','Товар 11',1,'101.0000','101.0000','0.0000',0),(245,201,40,'No 1','Товар 11',1,'101.0000','101.0000','0.0000',0),(246,202,40,'No 1','Товар 11',1,'101.0000','101.0000','0.0000',0),(247,203,40,'No 1','Товар 11',1,'101.0000','101.0000','0.0000',0),(248,204,40,'No 1','Товар 11',1,'101.0000','101.0000','0.0000',0),(249,205,40,'No 1','Товар 11',1,'101.0000','101.0000','0.0000',0),(250,206,40,'No 1','Товар 11',1,'101.0000','101.0000','0.0000',0),(251,207,40,'No 1','Товар 11',1,'101.0000','101.0000','0.0000',0),(252,208,40,'No 1','Товар 11',1,'101.0000','101.0000','0.0000',0),(253,209,40,'No 1','Товар 11',1,'101.0000','101.0000','0.0000',0),(254,210,40,'No 1','Товар 11',1,'101.0000','101.0000','0.0000',0),(255,211,40,'No 1','Товар 11',1,'101.0000','101.0000','0.0000',0),(256,212,40,'No 1','Товар 11',1,'101.0000','101.0000','0.0000',0),(257,213,40,'No 1','Товар 11',1,'101.0000','101.0000','0.0000',0),(258,214,40,'No 1','Товар 11',1,'101.0000','101.0000','0.0000',0),(259,215,40,'No 1','Товар 11',1,'101.0000','101.0000','0.0000',0),(260,216,40,'No 1','Товар 11',1,'101.0000','101.0000','0.0000',0),(261,217,40,'No 1','Товар 11',1,'101.0000','101.0000','0.0000',0),(262,217,64,'No 3','Товар 01',1,'500.0000','500.0000','0.0000',0),(263,218,40,'No 1','Товар 11',1,'101.0000','101.0000','0.0000',0),(264,218,64,'No 3','Товар 01',1,'500.0000','500.0000','0.0000',0),(265,219,40,'No 1','Товар 11',1,'101.0000','101.0000','0.0000',0),(266,219,64,'No 3','Товар 01',1,'500.0000','500.0000','0.0000',0),(267,220,40,'No 1','Товар 11',1,'101.0000','101.0000','0.0000',0),(268,220,64,'No 3','Товар 01',1,'500.0000','500.0000','0.0000',0),(269,221,40,'No 1','Товар 11',1,'101.0000','101.0000','0.0000',0),(270,221,64,'No 3','Товар 01',1,'500.0000','500.0000','0.0000',0),(271,222,40,'No 1','Товар 11',1,'101.0000','101.0000','0.0000',0),(272,223,40,'No 1','Товар 11',1,'101.0000','101.0000','0.0000',0),(273,224,40,'No 1','Товар 11',2,'101.0000','202.0000','0.0000',0),(274,224,41,'No 2','Товар 14',1,'3200.0000','3200.0000','0.0000',0),(275,225,40,'No 1','Товар 11',2,'101.0000','202.0000','0.0000',0),(276,225,41,'No 2','Товар 14',1,'3200.0000','3200.0000','0.0000',0),(277,226,42,'No 8','Товар 15',3,'3800.0000','11400.0000','0.0000',0),(278,226,47,'No 5','',1,'4400.0000','4400.0000','0.0000',300),(279,226,73,'Спец.2','Товар 15',1,'4000.0000','4000.0000','0.0000',0),(280,227,42,'No 8','Товар 15',3,'3800.0000','11400.0000','0.0000',0),(281,227,47,'No 5','',1,'4400.0000','4400.0000','0.0000',300),(282,227,73,'Спец.2','Товар 15',1,'4000.0000','4000.0000','0.0000',0),(283,228,40,'No 1','',1,'5000.0000','5000.0000','0.0000',0),(284,229,40,'No 1','',1,'5000.0000','5000.0000','0.0000',0),(285,230,40,'No 1','',1,'5000.0000','5000.0000','0.0000',0),(286,231,40,'No 1','',1,'5000.0000','5000.0000','0.0000',0),(287,232,40,'No 1','',1,'5000.0000','5000.0000','0.0000',0),(288,233,40,'No 1','',1,'5000.0000','5000.0000','0.0000',0),(289,234,40,'No 1','',1,'5000.0000','5000.0000','0.0000',0),(290,235,40,'No 1','',1,'5000.0000','5000.0000','0.0000',0),(291,236,40,'No 1','',1,'5000.0000','5000.0000','0.0000',0),(292,237,40,'No 1','',1,'5000.0000','5000.0000','0.0000',0),(293,238,40,'No 1','',1,'5000.0000','5000.0000','0.0000',0),(294,239,40,'No 1','',1,'5000.0000','5000.0000','0.0000',0),(295,240,40,'No 1','',1,'5000.0000','5000.0000','0.0000',0),(296,241,40,'No 1','',1,'5000.0000','5000.0000','0.0000',0),(297,242,40,'No 1','',1,'5000.0000','5000.0000','0.0000',0),(298,243,40,'No 1','',1,'5000.0000','5000.0000','0.0000',0),(299,244,40,'No 1','',1,'5000.0000','5000.0000','0.0000',0),(300,245,40,'No 1','',1,'5000.0000','5000.0000','0.0000',0),(301,246,40,'No 1','',2,'5000.0000','10000.0000','0.0000',0),(302,247,40,'No 1','',1,'5000.0000','5000.0000','0.0000',0),(303,248,41,'No 2','Товар 14',1,'5500.0000','5500.0000','0.0000',0),(304,249,41,'No 2','Товар 14',1,'5500.0000','5500.0000','0.0000',0),(305,250,40,'No 1','',1,'5000.0000','5000.0000','0.0000',0),(306,250,41,'No 2','Товар 14',1,'5500.0000','5500.0000','0.0000',0),(307,251,41,'No 2','Товар 14',1,'5500.0000','5500.0000','0.0000',0),(308,252,41,'No 2','Товар 14',1,'5500.0000','5500.0000','0.0000',0),(309,253,41,'No 2','Товар 14',1,'5500.0000','5500.0000','0.0000',0),(310,254,41,'No 2','Товар 14',1,'5500.0000','5500.0000','0.0000',0),(311,255,41,'No 2','Товар 14',1,'5500.0000','5500.0000','0.0000',0),(312,256,41,'No 2','Товар 14',1,'5500.0000','5500.0000','0.0000',0),(313,257,41,'No 2','Товар 14',1,'5500.0000','5500.0000','0.0000',0),(314,258,41,'No 2','Товар 14',1,'5500.0000','5500.0000','0.0000',0),(315,259,41,'No 2','Товар 14',1,'5500.0000','5500.0000','0.0000',0),(316,260,41,'No 2','Товар 14',1,'5500.0000','5500.0000','0.0000',0),(317,261,41,'No 2','Товар 14',1,'5500.0000','5500.0000','0.0000',0),(318,261,64,'No 3','Товар 01',1,'4500.0000','4500.0000','0.0000',0),(319,262,41,'No 2','Товар 14',1,'5500.0000','5500.0000','0.0000',0),(320,262,64,'No 3','Товар 01',1,'4500.0000','4500.0000','0.0000',0),(321,263,41,'No 2','Товар 14',1,'5500.0000','5500.0000','0.0000',0),(322,263,64,'No 3','Товар 01',1,'4500.0000','4500.0000','0.0000',0),(323,264,40,'No 1','',1,'5000.0000','5000.0000','0.0000',0),(324,265,40,'No 1','',1,'5000.0000','5000.0000','0.0000',0);
/*!40000 ALTER TABLE `order_product` ENABLE KEYS */;
UNLOCK TABLES;

--
-- Table structure for table `order_status`
--

DROP TABLE IF EXISTS `order_status`;
/*!40101 SET @saved_cs_client     = @@character_set_client */;
/*!40101 SET character_set_client = utf8 */;
CREATE TABLE `order_status` (
  `order_status_id` int(11) NOT NULL AUTO_INCREMENT,
  `language_id` int(11) NOT NULL,
  `name` varchar(32) NOT NULL,
  PRIMARY KEY (`order_status_id`,`language_id`)
) ENGINE=MyISAM AUTO_INCREMENT=14 DEFAULT CHARSET=utf8;
/*!40101 SET character_set_client = @saved_cs_client */;

--
-- Dumping data for table `order_status`
--

LOCK TABLES `order_status` WRITE;
/*!40000 ALTER TABLE `order_status` DISABLE KEYS */;
INSERT INTO `order_status` VALUES (1,1,'Ожидание'),(2,1,'В обработке'),(3,1,'Доставлено'),(7,1,'Отменено'),(5,1,'Сделка завершена'),(8,1,'Возврат'),(9,1,'Отмена и аннулирование'),(10,1,'Неудавшийся'),(11,1,'Возмещенный'),(12,1,'Полностью измененный'),(13,1,'Полный возврат');
/*!40000 ALTER TABLE `order_status` ENABLE KEYS */;
UNLOCK TABLES;

--
-- Table structure for table `order_total`
--

DROP TABLE IF EXISTS `order_total`;
/*!40101 SET @saved_cs_client     = @@character_set_client */;
/*!40101 SET character_set_client = utf8 */;
CREATE TABLE `order_total` (
  `order_total_id` int(10) NOT NULL AUTO_INCREMENT,
  `order_id` int(11) NOT NULL,
  `code` varchar(32) NOT NULL,
  `title` varchar(255) NOT NULL,
  `text` varchar(255) NOT NULL,
  `value` decimal(15,4) NOT NULL DEFAULT '0.0000',
  `sort_order` int(3) NOT NULL,
  PRIMARY KEY (`order_total_id`),
  KEY `idx_orders_total_orders_id` (`order_id`)
) ENGINE=MyISAM AUTO_INCREMENT=859 DEFAULT CHARSET=utf8;
/*!40101 SET character_set_client = @saved_cs_client */;

--
-- Dumping data for table `order_total`
--

LOCK TABLES `order_total` WRITE;
/*!40000 ALTER TABLE `order_total` DISABLE KEYS */;
INSERT INTO `order_total` VALUES (1,1,'sub_total','Сумма','9 600 р.','9600.0000',1),(2,1,'shipping','Фиксированная стоимость доставки','5 р.','5.0000',3),(3,1,'total','Итого','9 605 р.','9605.0000',9),(4,2,'sub_total','Сумма','9 600 р.','9600.0000',1),(5,2,'shipping','Фиксированная стоимость доставки','5 р.','5.0000',3),(6,2,'total','Итого','9 605 р.','9605.0000',9),(7,3,'sub_total','Сумма','9 600 р.','9600.0000',1),(8,3,'shipping','Фиксированная стоимость доставки','5 р.','5.0000',3),(9,3,'total','Итого','9 605 р.','9605.0000',9),(10,4,'sub_total','Сумма','9 600 р.','9600.0000',1),(11,4,'shipping','Фиксированная стоимость доставки','5 р.','5.0000',3),(12,4,'total','Итого','9 605 р.','9605.0000',9),(13,5,'sub_total','Сумма','9 600 р.','9600.0000',1),(14,5,'shipping','Фиксированная стоимость доставки','5 р.','5.0000',3),(15,5,'total','Итого','9 605 р.','9605.0000',9),(16,6,'sub_total','Сумма','9 600 р.','9600.0000',1),(17,6,'shipping','Фиксированная стоимость доставки','5 р.','5.0000',3),(18,6,'total','Итого','9 605 р.','9605.0000',9),(19,7,'sub_total','Сумма','9 600 р.','9600.0000',1),(20,7,'shipping','Фиксированная стоимость доставки','5 р.','5.0000',3),(21,7,'total','Итого','9 605 р.','9605.0000',9),(22,8,'sub_total','Сумма','9 600 р.','9600.0000',1),(23,8,'shipping','Фиксированная стоимость доставки','5 р.','5.0000',3),(24,8,'total','Итого','9 605 р.','9605.0000',9),(25,9,'sub_total','Сумма','9 600 р.','9600.0000',1),(26,9,'shipping','Фиксированная стоимость доставки','5 р.','5.0000',3),(27,9,'total','Итого','9 605 р.','9605.0000',9),(28,10,'sub_total','Сумма','9 600 р.','9600.0000',1),(29,10,'shipping','Фиксированная стоимость доставки','5 р.','5.0000',3),(30,10,'total','Итого','9 605 р.','9605.0000',9),(31,11,'sub_total','Сумма','6 501 р.','6501.0000',1),(32,11,'shipping','Фиксированная стоимость доставки','5 р.','5.0000',3),(33,11,'total','Итого','6 506 р.','6506.0000',9),(34,12,'sub_total','Сумма','6 501 р.','6501.0000',1),(35,12,'shipping','Фиксированная стоимость доставки','5 р.','5.0000',3),(36,12,'total','Итого','6 506 р.','6506.0000',9),(37,13,'sub_total','Сумма','6 501 р.','6501.0000',1),(38,13,'shipping','Фиксированная стоимость доставки','5 р.','5.0000',3),(39,13,'total','Итого','6 506 р.','6506.0000',9),(40,14,'sub_total','Сумма','3 200 р.','3200.0000',1),(41,14,'shipping','Фиксированная стоимость доставки','5 р.','5.0000',3),(42,14,'total','Итого','3 205 р.','3205.0000',9),(43,15,'sub_total','Сумма','3 200 р.','3200.0000',1),(44,15,'shipping','Фиксированная стоимость доставки','5 р.','5.0000',3),(45,15,'total','Итого','3 205 р.','3205.0000',9),(46,16,'sub_total','Сумма','3 200 р.','3200.0000',1),(47,16,'shipping','Фиксированная стоимость доставки','5 р.','5.0000',3),(48,16,'total','Итого','3 205 р.','3205.0000',9),(49,17,'sub_total','Сумма','3 200 р.','3200.0000',1),(50,17,'shipping','Фиксированная стоимость доставки','5 р.','5.0000',3),(51,17,'total','Итого','3 205 р.','3205.0000',9),(52,18,'sub_total','Сумма','561 р.','561.0000',1),(53,18,'shipping','Доставка в пределах МКАД (бесплатно)','0 р.','0.0000',3),(54,18,'coupon','Купон (1111):','-10 р.','-10.0000',4),(55,18,'total','Итого','551 р.','551.0000',9),(56,19,'sub_total','Сумма','561 р.','561.0000',1),(57,19,'shipping','Доставка в пределах МКАД (бесплатно)','0 р.','0.0000',3),(58,19,'coupon','Купон (1111):','-10 р.','-10.0000',4),(59,19,'total','Итого','551 р.','551.0000',9),(60,20,'sub_total','Сумма','561 р.','561.0000',1),(61,20,'shipping','Доставка в пределах МКАД (бесплатно)','0 р.','0.0000',3),(62,20,'coupon','Купон (1111):','-10 р.','-10.0000',4),(63,20,'total','Итого','551 р.','551.0000',9),(64,21,'sub_total','Сумма','561 р.','561.0000',1),(65,21,'shipping','Доставка в пределах МКАД (бесплатно)','0 р.','0.0000',3),(66,21,'coupon','Купон (1111):','-10 р.','-10.0000',4),(67,21,'total','Итого','551 р.','551.0000',9),(68,22,'sub_total','Сумма','3 200 р.','3200.0000',1),(69,22,'shipping','Доставка в пределах МКАД (бесплатно)','0 р.','0.0000',3),(70,22,'total','Итого','3 200 р.','3200.0000',9),(71,23,'sub_total','Сумма','3 200 р.','3200.0000',1),(72,23,'shipping','Доставка в пределах МКАД (бесплатно)','0 р.','0.0000',3),(73,23,'total','Итого','3 200 р.','3200.0000',9),(74,24,'sub_total','Сумма','3 200 р.','3200.0000',1),(75,24,'shipping','Доставка в пределах МКАД (бесплатно)','0 р.','0.0000',3),(76,24,'total','Итого','3 200 р.','3200.0000',9),(77,25,'sub_total','Сумма','3 200 р.','3200.0000',1),(78,25,'shipping','Доставка в пределах МКАД (бесплатно)','0 р.','0.0000',3),(79,25,'total','Итого','3 200 р.','3200.0000',9),(80,26,'sub_total','Сумма','6 501<font class=\'rur\'>p</font>','6501.0000',1),(81,26,'shipping','Доставка в пределах МКАД (бесплатно)','0<font class=\'rur\'>p</font>','0.0000',3),(82,26,'total','Итого','6 501<font class=\'rur\'>p</font>','6501.0000',9),(83,27,'sub_total','Сумма','6 501<font class=\'rur\'>p</font>','6501.0000',1),(84,27,'shipping','Доставка в пределах МКАД (бесплатно)','0<font class=\'rur\'>p</font>','0.0000',3),(85,27,'total','Итого','6 501<font class=\'rur\'>p</font>','6501.0000',9),(86,28,'sub_total','Сумма','101<font class=\'rur\'>p</font>','101.0000',1),(87,28,'shipping','Доставка в пределах МКАД (бесплатно)','0<font class=\'rur\'>p</font>','0.0000',3),(88,28,'total','Итого','101<font class=\'rur\'>p</font>','101.0000',9),(89,29,'sub_total','Сумма','101<font class=\'rur\'>p</font>','101.0000',1),(90,29,'shipping','Доставка в пределах МКАД (бесплатно)','0<font class=\'rur\'>p</font>','0.0000',3),(91,29,'total','Итого','101<font class=\'rur\'>p</font>','101.0000',9),(92,30,'sub_total','Сумма','101<font class=\'rur\'>p</font>','101.0000',1),(93,30,'shipping','Доставка в пределах МКАД (бесплатно)','0<font class=\'rur\'>p</font>','0.0000',3),(94,30,'total','Итого','101<font class=\'rur\'>p</font>','101.0000',9),(95,31,'sub_total','Сумма','101<font class=\'rur\'>p</font>','101.0000',1),(96,31,'shipping','Доставка в пределах МКАД (бесплатно)','0<font class=\'rur\'>p</font>','0.0000',3),(97,31,'total','Итого','101<font class=\'rur\'>p</font>','101.0000',9),(98,32,'sub_total','Сумма','101<font class=\'rur\'>p</font>','101.0000',1),(99,32,'shipping','Доставка в пределах МКАД (бесплатно)','0<font class=\'rur\'>p</font>','0.0000',3),(100,32,'total','Итого','101<font class=\'rur\'>p</font>','101.0000',9),(101,33,'sub_total','Сумма','101<font class=\'rur\'>p</font>','101.0000',1),(102,33,'shipping','Доставка в пределах МКАД (бесплатно)','0<font class=\'rur\'>p</font>','0.0000',3),(103,33,'total','Итого','101<font class=\'rur\'>p</font>','101.0000',9),(104,34,'sub_total','Сумма','101<font class=\'rur\'>p</font>','101.0000',1),(105,34,'shipping','Доставка в пределах МКАД (бесплатно)','0<font class=\'rur\'>p</font>','0.0000',3),(106,34,'total','Итого','101<font class=\'rur\'>p</font>','101.0000',9),(107,35,'sub_total','Сумма','101<font class=\'rur\'>p</font>','101.0000',1),(108,35,'shipping','Доставка в пределах МКАД (бесплатно)','0<font class=\'rur\'>p</font>','0.0000',3),(109,35,'total','Итого','101<font class=\'rur\'>p</font>','101.0000',9),(110,36,'sub_total','Сумма','101<font class=\'rur\'>p</font>','101.0000',1),(111,36,'shipping','Доставка в пределах МКАД (бесплатно)','0<font class=\'rur\'>p</font>','0.0000',3),(112,36,'total','Итого','101<font class=\'rur\'>p</font>','101.0000',9),(113,37,'sub_total','Сумма','101<font class=\'rur\'>p</font>','101.0000',1),(114,37,'shipping','Доставка в пределах МКАД (бесплатно)','0<font class=\'rur\'>p</font>','0.0000',3),(115,37,'total','Итого','101<font class=\'rur\'>p</font>','101.0000',9),(116,38,'sub_total','Сумма','101<font class=\'rur\'>p</font>','101.0000',1),(117,38,'shipping','Доставка в пределах МКАД (бесплатно)','0<font class=\'rur\'>p</font>','0.0000',3),(118,38,'total','Итого','101<font class=\'rur\'>p</font>','101.0000',9),(119,39,'sub_total','Сумма','202<font class=\'rur\'>p</font>','202.0000',1),(120,39,'shipping','Доставка в пределах МКАД (бесплатно)','0<font class=\'rur\'>p</font>','0.0000',3),(121,39,'total','Итого','202<font class=\'rur\'>p</font>','202.0000',9),(122,40,'sub_total','Сумма','202<font class=\'rur\'>p</font>','202.0000',1),(123,40,'shipping','Доставка в пределах МКАД (бесплатно)','0<font class=\'rur\'>p</font>','0.0000',3),(124,40,'total','Итого','202<font class=\'rur\'>p</font>','202.0000',9),(125,41,'sub_total','Сумма','202<font class=\'rur\'>p</font>','202.0000',1),(126,41,'shipping','Доставка в пределах МКАД (бесплатно)','0<font class=\'rur\'>p</font>','0.0000',3),(127,41,'total','Итого','202<font class=\'rur\'>p</font>','202.0000',9),(128,42,'sub_total','Сумма','100<font class=\'rur\'>p</font>','100.0000',1),(129,42,'shipping','Доставка в пределах МКАД (бесплатно)','0<font class=\'rur\'>p</font>','0.0000',3),(130,42,'total','Итого','100<font class=\'rur\'>p</font>','100.0000',9),(131,43,'sub_total','Сумма','100<font class=\'rur\'>p</font>','100.0000',1),(132,43,'shipping','Доставка в пределах МКАД (бесплатно)','0<font class=\'rur\'>p</font>','0.0000',3),(133,43,'total','Итого','100<font class=\'rur\'>p</font>','100.0000',9),(134,44,'sub_total','Сумма','303<font class=\'rur\'>p</font>','303.0000',1),(135,44,'shipping','Доставка в пределах МКАД (бесплатно)','0<font class=\'rur\'>p</font>','0.0000',3),(136,44,'total','Итого','303<font class=\'rur\'>p</font>','303.0000',9),(137,45,'sub_total','Сумма','303<font class=\'rur\'>p</font>','303.0000',1),(138,45,'shipping','Доставка в пределах МКАД (бесплатно)','0<font class=\'rur\'>p</font>','0.0000',3),(139,45,'total','Итого','303<font class=\'rur\'>p</font>','303.0000',9),(140,46,'sub_total','Сумма','303<font class=\'rur\'>p</font>','303.0000',1),(141,46,'shipping','Доставка в пределах МКАД (бесплатно)','0<font class=\'rur\'>p</font>','0.0000',3),(142,46,'total','Итого','303<font class=\'rur\'>p</font>','303.0000',9),(143,47,'sub_total','Сумма','303<font class=\'rur\'>p</font>','303.0000',1),(144,47,'shipping','Доставка в пределах МКАД (бесплатно)','0<font class=\'rur\'>p</font>','0.0000',3),(145,47,'total','Итого','303<font class=\'rur\'>p</font>','303.0000',9),(146,48,'sub_total','Сумма','101<font class=\'rur\'>p</font>','101.0000',1),(147,48,'shipping','Доставка в пределах МКАД (бесплатно)','0<font class=\'rur\'>p</font>','0.0000',3),(148,48,'total','Итого','101<font class=\'rur\'>p</font>','101.0000',9),(149,49,'sub_total','Сумма','101<font class=\'rur\'>p</font>','101.0000',1),(150,49,'shipping','Доставка в пределах МКАД (бесплатно)','0<font class=\'rur\'>p</font>','0.0000',3),(151,49,'total','Итого','101<font class=\'rur\'>p</font>','101.0000',9),(152,50,'sub_total','Сумма','101<font class=\'rur\'>p</font>','101.0000',1),(153,50,'shipping','Доставка в пределах МКАД (бесплатно)','0<font class=\'rur\'>p</font>','0.0000',3),(154,50,'total','Итого','101<font class=\'rur\'>p</font>','101.0000',9),(155,51,'sub_total','Сумма','101<font class=\'rur\'>p</font>','101.0000',1),(156,51,'shipping','Доставка в пределах МКАД (бесплатно)','0<font class=\'rur\'>p</font>','0.0000',3),(157,51,'total','Итого','101<font class=\'rur\'>p</font>','101.0000',9),(158,52,'sub_total','Сумма','101<font class=\'rur\'>p</font>','101.0000',1),(159,52,'shipping','Доставка в пределах МКАД (бесплатно)','0<font class=\'rur\'>p</font>','0.0000',3),(160,52,'total','Итого','101<font class=\'rur\'>p</font>','101.0000',9),(161,53,'sub_total','Сумма','101<font class=\'rur\'>p</font>','101.0000',1),(162,53,'shipping','Доставка в пределах МКАД (бесплатно)','0<font class=\'rur\'>p</font>','0.0000',3),(163,53,'total','Итого','101<font class=\'rur\'>p</font>','101.0000',9),(164,54,'sub_total','Сумма','101<font class=\'rur\'>p</font>','101.0000',1),(165,54,'shipping','Доставка в пределах МКАД (бесплатно)','0<font class=\'rur\'>p</font>','0.0000',3),(166,54,'total','Итого','101<font class=\'rur\'>p</font>','101.0000',9),(167,55,'sub_total','Сумма','101<font class=\'rur\'>p</font>','101.0000',1),(168,55,'shipping','Доставка в пределах МКАД (бесплатно)','0<font class=\'rur\'>p</font>','0.0000',3),(169,55,'total','Итого','101<font class=\'rur\'>p</font>','101.0000',9),(170,56,'sub_total','Сумма','101<font class=\'rur\'>p</font>','101.0000',1),(171,56,'shipping','Доставка в пределах МКАД (бесплатно)','0<font class=\'rur\'>p</font>','0.0000',3),(172,56,'total','Итого','101<font class=\'rur\'>p</font>','101.0000',9),(173,57,'sub_total','Сумма','101<font class=\'rur\'>p</font>','101.0000',1),(174,57,'shipping','Доставка в пределах МКАД (бесплатно)','0<font class=\'rur\'>p</font>','0.0000',3),(175,57,'total','Итого','101<font class=\'rur\'>p</font>','101.0000',9),(176,58,'sub_total','Сумма','101<font class=\'rur\'>p</font>','101.0000',1),(177,58,'shipping','Доставка в пределах МКАД (бесплатно)','0<font class=\'rur\'>p</font>','0.0000',3),(178,58,'total','Итого','101<font class=\'rur\'>p</font>','101.0000',9),(179,59,'sub_total','Сумма','101<font class=\'rur\'>p</font>','101.0000',1),(180,59,'shipping','Доставка в пределах МКАД (бесплатно)','0<font class=\'rur\'>p</font>','0.0000',3),(181,59,'total','Итого','101<font class=\'rur\'>p</font>','101.0000',9),(182,60,'sub_total','Сумма','101<font class=\'rur\'>p</font>','101.0000',1),(183,60,'shipping','Доставка в пределах МКАД (бесплатно)','0<font class=\'rur\'>p</font>','0.0000',3),(184,60,'total','Итого','101<font class=\'rur\'>p</font>','101.0000',9),(185,61,'sub_total','Сумма','101<font class=\'rur\'>p</font>','101.0000',1),(186,61,'shipping','Доставка в пределах МКАД (бесплатно)','0<font class=\'rur\'>p</font>','0.0000',3),(187,61,'total','Итого','101<font class=\'rur\'>p</font>','101.0000',9),(188,62,'sub_total','Сумма','101<font class=\'rur\'>p</font>','101.0000',1),(189,62,'shipping','Доставка в пределах МКАД (бесплатно)','0<font class=\'rur\'>p</font>','0.0000',3),(190,62,'total','Итого','101<font class=\'rur\'>p</font>','101.0000',9),(191,63,'sub_total','Сумма','101<font class=\'rur\'>p</font>','101.0000',1),(192,63,'shipping','Доставка в пределах МКАД (бесплатно)','0<font class=\'rur\'>p</font>','0.0000',3),(193,63,'total','Итого','101<font class=\'rur\'>p</font>','101.0000',9),(194,64,'sub_total','Сумма','101<font class=\'rur\'>p</font>','101.0000',1),(195,64,'shipping','Доставка в пределах МКАД (бесплатно)','0<font class=\'rur\'>p</font>','0.0000',3),(196,64,'total','Итого','101<font class=\'rur\'>p</font>','101.0000',9),(197,65,'sub_total','Сумма','101<font class=\'rur\'>p</font>','101.0000',1),(198,65,'shipping','Доставка в пределах МКАД (бесплатно)','0<font class=\'rur\'>p</font>','0.0000',3),(199,65,'total','Итого','101<font class=\'rur\'>p</font>','101.0000',9),(200,66,'sub_total','Сумма','101<font class=\'rur\'>p</font>','101.0000',1),(201,66,'shipping','Доставка в пределах МКАД (бесплатно)','0<font class=\'rur\'>p</font>','0.0000',3),(202,66,'total','Итого','101<font class=\'rur\'>p</font>','101.0000',9),(203,67,'sub_total','Сумма','101<font class=\'rur\'>p</font>','101.0000',1),(204,67,'shipping','Доставка в пределах МКАД (бесплатно)','0<font class=\'rur\'>p</font>','0.0000',3),(205,67,'total','Итого','101<font class=\'rur\'>p</font>','101.0000',9),(206,68,'sub_total','Сумма','101<font class=\'rur\'>p</font>','101.0000',1),(207,68,'shipping','Доставка в пределах МКАД (бесплатно)','0<font class=\'rur\'>p</font>','0.0000',3),(208,68,'total','Итого','101<font class=\'rur\'>p</font>','101.0000',9),(209,69,'sub_total','Сумма','101<font class=\'rur\'>p</font>','101.0000',1),(210,69,'shipping','Доставка в пределах МКАД (бесплатно)','0<font class=\'rur\'>p</font>','0.0000',3),(211,69,'total','Итого','101<font class=\'rur\'>p</font>','101.0000',9),(212,70,'sub_total','Сумма','101<font class=\'rur\'>p</font>','101.0000',1),(213,70,'shipping','Доставка в пределах МКАД (бесплатно)','0<font class=\'rur\'>p</font>','0.0000',3),(214,70,'total','Итого','101<font class=\'rur\'>p</font>','101.0000',9),(215,71,'sub_total','Сумма','101<font class=\'rur\'>p</font>','101.0000',1),(216,71,'shipping','Доставка в пределах МКАД (бесплатно)','0<font class=\'rur\'>p</font>','0.0000',3),(217,71,'total','Итого','101<font class=\'rur\'>p</font>','101.0000',9),(218,72,'sub_total','Сумма','101<font class=\'rur\'>p</font>','101.0000',1),(219,72,'shipping','Доставка в пределах МКАД (бесплатно)','0<font class=\'rur\'>p</font>','0.0000',3),(220,72,'total','Итого','101<font class=\'rur\'>p</font>','101.0000',9),(221,73,'sub_total','Сумма','101<font class=\'rur\'>p</font>','101.0000',1),(222,73,'shipping','Доставка в пределах МКАД (бесплатно)','0<font class=\'rur\'>p</font>','0.0000',3),(223,73,'total','Итого','101<font class=\'rur\'>p</font>','101.0000',9),(224,74,'sub_total','Сумма','101<font class=\'rur\'>p</font>','101.0000',1),(225,74,'shipping','Доставка в пределах МКАД (бесплатно)','0<font class=\'rur\'>p</font>','0.0000',3),(226,74,'total','Итого','101<font class=\'rur\'>p</font>','101.0000',9),(227,75,'sub_total','Сумма','101<font class=\'rur\'>p</font>','101.0000',1),(228,75,'shipping','Доставка в пределах МКАД (бесплатно)','0<font class=\'rur\'>p</font>','0.0000',3),(229,75,'total','Итого','101<font class=\'rur\'>p</font>','101.0000',9),(230,76,'sub_total','Сумма','101<font class=\'rur\'>p</font>','101.0000',1),(231,76,'shipping','Доставка в пределах МКАД (бесплатно)','0<font class=\'rur\'>p</font>','0.0000',3),(232,76,'total','Итого','101<font class=\'rur\'>p</font>','101.0000',9),(233,77,'sub_total','Сумма','101<font class=\'rur\'>p</font>','101.0000',1),(234,77,'shipping','Доставка в пределах МКАД (бесплатно)','0<font class=\'rur\'>p</font>','0.0000',3),(235,77,'total','Итого','101<font class=\'rur\'>p</font>','101.0000',9),(236,78,'sub_total','Сумма','101<font class=\'rur\'>p</font>','101.0000',1),(237,78,'shipping','Доставка в пределах МКАД (бесплатно)','0<font class=\'rur\'>p</font>','0.0000',3),(238,78,'total','Итого','101<font class=\'rur\'>p</font>','101.0000',9),(239,79,'sub_total','Сумма','101<font class=\'rur\'>p</font>','101.0000',1),(240,79,'shipping','Доставка в пределах МКАД (бесплатно)','0<font class=\'rur\'>p</font>','0.0000',3),(241,79,'total','Итого','101<font class=\'rur\'>p</font>','101.0000',9),(242,80,'sub_total','Сумма','101<font class=\'rur\'>p</font>','101.0000',1),(243,80,'shipping','Доставка в пределах МКАД (бесплатно)','0<font class=\'rur\'>p</font>','0.0000',3),(244,80,'total','Итого','101<font class=\'rur\'>p</font>','101.0000',9),(245,81,'sub_total','Сумма','101<font class=\'rur\'>p</font>','101.0000',1),(246,81,'shipping','Доставка в пределах МКАД (бесплатно)','0<font class=\'rur\'>p</font>','0.0000',3),(247,81,'total','Итого','101<font class=\'rur\'>p</font>','101.0000',9),(248,82,'sub_total','Сумма','101<font class=\'rur\'>p</font>','101.0000',1),(249,82,'shipping','Доставка в пределах МКАД (бесплатно)','0<font class=\'rur\'>p</font>','0.0000',3),(250,82,'total','Итого','101<font class=\'rur\'>p</font>','101.0000',9),(251,83,'sub_total','Сумма','101<font class=\'rur\'>p</font>','101.0000',1),(252,83,'shipping','Доставка в пределах МКАД (бесплатно)','0<font class=\'rur\'>p</font>','0.0000',3),(253,83,'total','Итого','101<font class=\'rur\'>p</font>','101.0000',9),(254,84,'sub_total','Сумма','101<font class=\'rur\'>p</font>','101.0000',1),(255,84,'shipping','Доставка в пределах МКАД (бесплатно)','0<font class=\'rur\'>p</font>','0.0000',3),(256,84,'total','Итого','101<font class=\'rur\'>p</font>','101.0000',9),(257,85,'sub_total','Сумма','101<font class=\'rur\'>p</font>','101.0000',1),(258,85,'shipping','Доставка в пределах МКАД (бесплатно)','0<font class=\'rur\'>p</font>','0.0000',3),(259,85,'total','Итого','101<font class=\'rur\'>p</font>','101.0000',9),(260,86,'sub_total','Сумма','101<font class=\'rur\'>p</font>','101.0000',1),(261,86,'shipping','Доставка в пределах МКАД (бесплатно)','0<font class=\'rur\'>p</font>','0.0000',3),(262,86,'total','Итого','101<font class=\'rur\'>p</font>','101.0000',9),(263,87,'sub_total','Сумма','101<font class=\'rur\'>p</font>','101.0000',1),(264,87,'shipping','Доставка в пределах МКАД (бесплатно)','0<font class=\'rur\'>p</font>','0.0000',3),(265,87,'total','Итого','101<font class=\'rur\'>p</font>','101.0000',9),(266,88,'sub_total','Сумма','101<font class=\'rur\'>p</font>','101.0000',1),(267,88,'shipping','Доставка в пределах МКАД (бесплатно)','0<font class=\'rur\'>p</font>','0.0000',3),(268,88,'total','Итого','101<font class=\'rur\'>p</font>','101.0000',9),(269,89,'sub_total','Сумма','101<font class=\'rur\'>p</font>','101.0000',1),(270,89,'shipping','Доставка в пределах МКАД (бесплатно)','0<font class=\'rur\'>p</font>','0.0000',3),(271,89,'total','Итого','101<font class=\'rur\'>p</font>','101.0000',9),(272,90,'sub_total','Сумма','101<font class=\'rur\'>p</font>','101.0000',1),(273,90,'shipping','Доставка в пределах МКАД (бесплатно)','0<font class=\'rur\'>p</font>','0.0000',3),(274,90,'total','Итого','101<font class=\'rur\'>p</font>','101.0000',9),(275,91,'sub_total','Сумма','101<font class=\'rur\'>p</font>','101.0000',1),(276,91,'shipping','Доставка в пределах МКАД (бесплатно)','0<font class=\'rur\'>p</font>','0.0000',3),(277,91,'total','Итого','101<font class=\'rur\'>p</font>','101.0000',9),(278,92,'sub_total','Сумма','101<font class=\'rur\'>p</font>','101.0000',1),(279,92,'shipping','Доставка в пределах МКАД (бесплатно)','0<font class=\'rur\'>p</font>','0.0000',3),(280,92,'total','Итого','101<font class=\'rur\'>p</font>','101.0000',9),(281,93,'sub_total','Сумма','101<font class=\'rur\'>p</font>','101.0000',1),(282,93,'shipping','Доставка в пределах МКАД (бесплатно)','0<font class=\'rur\'>p</font>','0.0000',3),(283,93,'total','Итого','101<font class=\'rur\'>p</font>','101.0000',9),(284,94,'sub_total','Сумма','101<font class=\'rur\'>p</font>','101.0000',1),(285,94,'shipping','Доставка в пределах МКАД (бесплатно)','0<font class=\'rur\'>p</font>','0.0000',3),(286,94,'total','Итого','101<font class=\'rur\'>p</font>','101.0000',9),(287,95,'sub_total','Сумма','101<font class=\'rur\'>p</font>','101.0000',1),(288,95,'shipping','Доставка в пределах МКАД (бесплатно)','0<font class=\'rur\'>p</font>','0.0000',3),(289,95,'total','Итого','101<font class=\'rur\'>p</font>','101.0000',9),(290,96,'sub_total','Сумма','101<font class=\'rur\'>p</font>','101.0000',1),(291,96,'shipping','Доставка в пределах МКАД (бесплатно)','0<font class=\'rur\'>p</font>','0.0000',3),(292,96,'total','Итого','101<font class=\'rur\'>p</font>','101.0000',9),(293,97,'sub_total','Сумма','101<font class=\'rur\'>p</font>','101.0000',1),(294,97,'shipping','Доставка в пределах МКАД (бесплатно)','0<font class=\'rur\'>p</font>','0.0000',3),(295,97,'total','Итого','101<font class=\'rur\'>p</font>','101.0000',9),(296,98,'sub_total','Сумма','101<font class=\'rur\'>p</font>','101.0000',1),(297,98,'shipping','Доставка в пределах МКАД (бесплатно)','0<font class=\'rur\'>p</font>','0.0000',3),(298,98,'total','Итого','101<font class=\'rur\'>p</font>','101.0000',9),(299,99,'sub_total','Сумма','101<font class=\'rur\'>p</font>','101.0000',1),(300,99,'shipping','Доставка в пределах МКАД (бесплатно)','0<font class=\'rur\'>p</font>','0.0000',3),(301,99,'total','Итого','101<font class=\'rur\'>p</font>','101.0000',9),(302,100,'sub_total','Сумма','101<font class=\'rur\'>p</font>','101.0000',1),(303,100,'shipping','Доставка в пределах МКАД (бесплатно)','0<font class=\'rur\'>p</font>','0.0000',3),(304,100,'total','Итого','101<font class=\'rur\'>p</font>','101.0000',9),(305,101,'sub_total','Сумма','101<font class=\'rur\'>p</font>','101.0000',1),(306,101,'shipping','Доставка в пределах МКАД (бесплатно)','0<font class=\'rur\'>p</font>','0.0000',3),(307,101,'total','Итого','101<font class=\'rur\'>p</font>','101.0000',9),(308,102,'sub_total','Сумма','101<font class=\'rur\'>p</font>','101.0000',1),(309,102,'shipping','Доставка в пределах МКАД (бесплатно)','0<font class=\'rur\'>p</font>','0.0000',3),(310,102,'total','Итого','101<font class=\'rur\'>p</font>','101.0000',9),(311,103,'sub_total','Сумма','101<font class=\'rur\'>p</font>','101.0000',1),(312,103,'shipping','Доставка в пределах МКАД (бесплатно)','0<font class=\'rur\'>p</font>','0.0000',3),(313,103,'total','Итого','101<font class=\'rur\'>p</font>','101.0000',9),(314,104,'sub_total','Сумма','101<font class=\'rur\'>p</font>','101.0000',1),(315,104,'shipping','Доставка в пределах МКАД (бесплатно)','0<font class=\'rur\'>p</font>','0.0000',3),(316,104,'total','Итого','101<font class=\'rur\'>p</font>','101.0000',9),(317,105,'sub_total','Сумма','101<font class=\'rur\'>p</font>','101.0000',1),(318,105,'shipping','Доставка в пределах МКАД (бесплатно)','0<font class=\'rur\'>p</font>','0.0000',3),(319,105,'total','Итого','101<font class=\'rur\'>p</font>','101.0000',9),(320,106,'sub_total','Сумма','101<font class=\'rur\'>p</font>','101.0000',1),(321,106,'shipping','Доставка в пределах МКАД (бесплатно)','0<font class=\'rur\'>p</font>','0.0000',3),(322,106,'total','Итого','101<font class=\'rur\'>p</font>','101.0000',9),(323,107,'sub_total','Сумма','101<font class=\'rur\'>p</font>','101.0000',1),(324,107,'shipping','Доставка в пределах МКАД (бесплатно)','0<font class=\'rur\'>p</font>','0.0000',3),(325,107,'total','Итого','101<font class=\'rur\'>p</font>','101.0000',9),(326,108,'sub_total','Сумма','101<font class=\'rur\'>p</font>','101.0000',1),(327,108,'shipping','Доставка в пределах МКАД (бесплатно)','0<font class=\'rur\'>p</font>','0.0000',3),(328,108,'total','Итого','101<font class=\'rur\'>p</font>','101.0000',9),(329,109,'sub_total','Сумма','101<font class=\'rur\'>p</font>','101.0000',1),(330,109,'shipping','Доставка в пределах МКАД (бесплатно)','0<font class=\'rur\'>p</font>','0.0000',3),(331,109,'total','Итого','101<font class=\'rur\'>p</font>','101.0000',9),(332,110,'sub_total','Сумма','101<font class=\'rur\'>p</font>','101.0000',1),(333,110,'shipping','Доставка в пределах МКАД (бесплатно)','0<font class=\'rur\'>p</font>','0.0000',3),(334,110,'total','Итого','101<font class=\'rur\'>p</font>','101.0000',9),(335,111,'sub_total','Сумма','101<font class=\'rur\'>p</font>','101.0000',1),(336,111,'shipping','Доставка в пределах МКАД (бесплатно)','0<font class=\'rur\'>p</font>','0.0000',3),(337,111,'total','Итого','101<font class=\'rur\'>p</font>','101.0000',9),(338,112,'sub_total','Сумма','101<font class=\'rur\'>p</font>','101.0000',1),(339,112,'shipping','Доставка в пределах МКАД (бесплатно)','0<font class=\'rur\'>p</font>','0.0000',3),(340,112,'total','Итого','101<font class=\'rur\'>p</font>','101.0000',9),(341,113,'sub_total','Сумма','101<font class=\'rur\'>p</font>','101.0000',1),(342,113,'shipping','Доставка в пределах МКАД (бесплатно)','0<font class=\'rur\'>p</font>','0.0000',3),(343,113,'total','Итого','101<font class=\'rur\'>p</font>','101.0000',9),(344,114,'sub_total','Сумма','101<font class=\'rur\'>p</font>','101.0000',1),(345,114,'shipping','Доставка в пределах МКАД (бесплатно)','0<font class=\'rur\'>p</font>','0.0000',3),(346,114,'total','Итого','101<font class=\'rur\'>p</font>','101.0000',9),(347,115,'sub_total','Сумма','101<font class=\'rur\'>p</font>','101.0000',1),(348,115,'shipping','Доставка в пределах МКАД (бесплатно)','0<font class=\'rur\'>p</font>','0.0000',3),(349,115,'total','Итого','101<font class=\'rur\'>p</font>','101.0000',9),(350,116,'sub_total','Сумма','101<font class=\'rur\'>p</font>','101.0000',1),(351,116,'shipping','Доставка в пределах МКАД (бесплатно)','0<font class=\'rur\'>p</font>','0.0000',3),(352,116,'total','Итого','101<font class=\'rur\'>p</font>','101.0000',9),(353,117,'sub_total','Сумма','101<font class=\'rur\'>p</font>','101.0000',1),(354,117,'shipping','Доставка в пределах МКАД (бесплатно)','0<font class=\'rur\'>p</font>','0.0000',3),(355,117,'total','Итого','101<font class=\'rur\'>p</font>','101.0000',9),(356,118,'sub_total','Сумма','101<font class=\'rur\'>p</font>','101.0000',1),(357,118,'shipping','Доставка в пределах МКАД (бесплатно)','0<font class=\'rur\'>p</font>','0.0000',3),(358,118,'total','Итого','101<font class=\'rur\'>p</font>','101.0000',9),(359,119,'sub_total','Сумма','101<font class=\'rur\'>p</font>','101.0000',1),(360,119,'shipping','Доставка в пределах МКАД (бесплатно)','0<font class=\'rur\'>p</font>','0.0000',3),(361,119,'total','Итого','101<font class=\'rur\'>p</font>','101.0000',9),(362,120,'sub_total','Сумма','101<font class=\'rur\'>p</font>','101.0000',1),(363,120,'shipping','Доставка в пределах МКАД (бесплатно)','0<font class=\'rur\'>p</font>','0.0000',3),(364,120,'total','Итого','101<font class=\'rur\'>p</font>','101.0000',9),(365,121,'sub_total','Сумма','101<font class=\'rur\'>p</font>','101.0000',1),(366,121,'shipping','Доставка в пределах МКАД (бесплатно)','0<font class=\'rur\'>p</font>','0.0000',3),(367,121,'total','Итого','101<font class=\'rur\'>p</font>','101.0000',9),(368,122,'sub_total','Сумма','101<font class=\'rur\'>p</font>','101.0000',1),(369,122,'shipping','Доставка в пределах МКАД (бесплатно)','0<font class=\'rur\'>p</font>','0.0000',3),(370,122,'total','Итого','101<font class=\'rur\'>p</font>','101.0000',9),(371,123,'sub_total','Сумма','303<font class=\'rur\'>p</font>','303.0000',1),(372,123,'shipping','Доставка в пределах МКАД (бесплатно)','0<font class=\'rur\'>p</font>','0.0000',3),(373,123,'total','Итого','303<font class=\'rur\'>p</font>','303.0000',9),(374,124,'sub_total','Сумма','303<font class=\'rur\'>p</font>','303.0000',1),(375,124,'shipping','Доставка в пределах МКАД (бесплатно)','0<font class=\'rur\'>p</font>','0.0000',3),(376,124,'total','Итого','303<font class=\'rur\'>p</font>','303.0000',9),(377,125,'sub_total','Сумма','303<font class=\'rur\'>p</font>','303.0000',1),(378,125,'shipping','Доставка в пределах МКАД (бесплатно)','0<font class=\'rur\'>p</font>','0.0000',3),(379,125,'total','Итого','303<font class=\'rur\'>p</font>','303.0000',9),(380,126,'sub_total','Сумма','101<font class=\'rur\'>p</font>','101.0000',1),(381,126,'shipping','Доставка в пределах МКАД (бесплатно)','0<font class=\'rur\'>p</font>','0.0000',3),(382,126,'total','Итого','101<font class=\'rur\'>p</font>','101.0000',9),(383,127,'sub_total','Сумма','101<font class=\'rur\'>p</font>','101.0000',1),(384,127,'shipping','Доставка в пределах МКАД (бесплатно)','0<font class=\'rur\'>p</font>','0.0000',3),(385,127,'total','Итого','101<font class=\'rur\'>p</font>','101.0000',9),(386,128,'sub_total','Сумма','101<font class=\'rur\'>p</font>','101.0000',1),(387,128,'shipping','Доставка в пределах МКАД (бесплатно)','0<font class=\'rur\'>p</font>','0.0000',3),(388,128,'total','Итого','101<font class=\'rur\'>p</font>','101.0000',9),(389,129,'sub_total','Сумма','101<font class=\'rur\'>p</font>','101.0000',1),(390,129,'shipping','Доставка в пределах МКАД (бесплатно)','0<font class=\'rur\'>p</font>','0.0000',3),(391,129,'total','Итого','101<font class=\'rur\'>p</font>','101.0000',9),(392,130,'sub_total','Сумма','101<font class=\'rur\'>p</font>','101.0000',1),(393,130,'shipping','Доставка в пределах МКАД (бесплатно)','0<font class=\'rur\'>p</font>','0.0000',3),(394,130,'total','Итого','101<font class=\'rur\'>p</font>','101.0000',9),(395,131,'sub_total','Сумма','101<font class=\'rur\'>p</font>','101.0000',1),(396,131,'shipping','Доставка в пределах МКАД (бесплатно)','0<font class=\'rur\'>p</font>','0.0000',3),(397,131,'total','Итого','101<font class=\'rur\'>p</font>','101.0000',9),(398,132,'sub_total','Сумма','101<font class=\'rur\'>p</font>','101.0000',1),(399,132,'shipping','Доставка в пределах МКАД (бесплатно)','0<font class=\'rur\'>p</font>','0.0000',3),(400,132,'total','Итого','101<font class=\'rur\'>p</font>','101.0000',9),(401,133,'sub_total','Сумма','101<font class=\'rur\'>p</font>','101.0000',1),(402,133,'shipping','Доставка в пределах МКАД (бесплатно)','0<font class=\'rur\'>p</font>','0.0000',3),(403,133,'total','Итого','101<font class=\'rur\'>p</font>','101.0000',9),(404,134,'sub_total','Сумма','101<font class=\'rur\'>p</font>','101.0000',1),(405,134,'shipping','Доставка в пределах МКАД (бесплатно)','0<font class=\'rur\'>p</font>','0.0000',3),(406,134,'total','Итого','101<font class=\'rur\'>p</font>','101.0000',9),(407,135,'sub_total','Сумма','101<font class=\'rur\'>p</font>','101.0000',1),(408,135,'shipping','Доставка в пределах МКАД (бесплатно)','0<font class=\'rur\'>p</font>','0.0000',3),(409,135,'total','Итого','101<font class=\'rur\'>p</font>','101.0000',9),(410,136,'sub_total','Сумма','101<font class=\'rur\'>p</font>','101.0000',1),(411,136,'shipping','Доставка в пределах МКАД (бесплатно)','0<font class=\'rur\'>p</font>','0.0000',3),(412,136,'total','Итого','101<font class=\'rur\'>p</font>','101.0000',9),(413,137,'sub_total','Сумма','202<font class=\'rur\'>p</font>','202.0000',1),(414,137,'shipping','Доставка в пределах МКАД (бесплатно)','0<font class=\'rur\'>p</font>','0.0000',3),(415,137,'total','Итого','202<font class=\'rur\'>p</font>','202.0000',9),(416,138,'sub_total','Сумма','202<font class=\'rur\'>p</font>','202.0000',1),(417,138,'shipping','Доставка в пределах МКАД (бесплатно)','0<font class=\'rur\'>p</font>','0.0000',3),(418,138,'total','Итого','202<font class=\'rur\'>p</font>','202.0000',9),(419,139,'sub_total','Сумма','202<font class=\'rur\'>p</font>','202.0000',1),(420,139,'shipping','Доставка в пределах МКАД (бесплатно)','0<font class=\'rur\'>p</font>','0.0000',3),(421,139,'total','Итого','202<font class=\'rur\'>p</font>','202.0000',9),(422,140,'sub_total','Сумма','202<font class=\'rur\'>p</font>','202.0000',1),(423,140,'shipping','Доставка в пределах МКАД (бесплатно)','0<font class=\'rur\'>p</font>','0.0000',3),(424,140,'total','Итого','202<font class=\'rur\'>p</font>','202.0000',9),(425,141,'sub_total','Сумма','202<font class=\'rur\'>p</font>','202.0000',1),(426,141,'shipping','Доставка в пределах МКАД (бесплатно)','0<font class=\'rur\'>p</font>','0.0000',3),(427,141,'total','Итого','202<font class=\'rur\'>p</font>','202.0000',9),(428,142,'sub_total','Сумма','101<font class=\'rur\'>p</font>','101.0000',1),(429,142,'shipping','Доставка в пределах МКАД (бесплатно)','0<font class=\'rur\'>p</font>','0.0000',3),(430,142,'total','Итого','101<font class=\'rur\'>p</font>','101.0000',9),(431,143,'sub_total','Сумма','101<font class=\'rur\'>p</font>','101.0000',1),(432,143,'shipping','Доставка в пределах МКАД (бесплатно)','0<font class=\'rur\'>p</font>','0.0000',3),(433,143,'total','Итого','101<font class=\'rur\'>p</font>','101.0000',9),(434,144,'sub_total','Сумма','101<font class=\'rur\'>p</font>','101.0000',1),(435,144,'shipping','Доставка в пределах МКАД (бесплатно)','0<font class=\'rur\'>p</font>','0.0000',3),(436,144,'total','Итого','101<font class=\'rur\'>p</font>','101.0000',9),(437,145,'sub_total','Сумма','101<font class=\'rur\'>p</font>','101.0000',1),(438,145,'shipping','Доставка в пределах МКАД (бесплатно)','0<font class=\'rur\'>p</font>','0.0000',3),(439,145,'total','Итого','101<font class=\'rur\'>p</font>','101.0000',9),(440,146,'sub_total','Сумма','101<font class=\'rur\'>p</font>','101.0000',1),(441,146,'shipping','Доставка в пределах МКАД (бесплатно)','0<font class=\'rur\'>p</font>','0.0000',3),(442,146,'total','Итого','101<font class=\'rur\'>p</font>','101.0000',9),(443,147,'sub_total','Сумма','502<font class=\'rur\'>p</font>','502.0000',1),(444,147,'reward','Бонусные баллы (1)','0<font class=\'rur\'>p</font>','-0.2500',2),(445,147,'shipping','Доставка в пределах МКАД (бесплатно)','0<font class=\'rur\'>p</font>','0.0000',3),(446,147,'coupon','Купон (1111)','-10<font class=\'rur\'>p</font>','-10.0000',4),(447,147,'total','Итого','492<font class=\'rur\'>p</font>','491.7500',9),(448,148,'sub_total','Сумма','502<font class=\'rur\'>p</font>','502.0000',1),(449,148,'reward','Бонусные баллы (1)','0<font class=\'rur\'>p</font>','-0.2500',2),(450,148,'shipping','Доставка в пределах МКАД (бесплатно)','0<font class=\'rur\'>p</font>','0.0000',3),(451,148,'coupon','Купон (1111)','-10<font class=\'rur\'>p</font>','-10.0000',4),(452,148,'total','Итого','492<font class=\'rur\'>p</font>','491.7500',9),(453,149,'sub_total','Сумма','502<font class=\'rur\'>p</font>','502.0000',1),(454,149,'reward','Бонусные баллы (1)','0<font class=\'rur\'>p</font>','-0.2500',2),(455,149,'shipping','Доставка в пределах МКАД (бесплатно)','0<font class=\'rur\'>p</font>','0.0000',3),(456,149,'coupon','Купон (1111)','-10<font class=\'rur\'>p</font>','-10.0000',4),(457,149,'total','Итого','492<font class=\'rur\'>p</font>','491.7500',9),(458,150,'sub_total','Сумма','502<font class=\'rur\'>p</font>','502.0000',1),(459,150,'reward','Бонусные баллы (1)','0<font class=\'rur\'>p</font>','-0.2500',2),(460,150,'shipping','Доставка в пределах МКАД (бесплатно)','0<font class=\'rur\'>p</font>','0.0000',3),(461,150,'coupon','Купон (1111)','-10<font class=\'rur\'>p</font>','-10.0000',4),(462,150,'total','Итого','492<font class=\'rur\'>p</font>','491.7500',9),(463,151,'sub_total','Сумма','502<font class=\'rur\'>p</font>','502.0000',1),(464,151,'reward','Бонусные баллы (1)','0<font class=\'rur\'>p</font>','-0.2500',2),(465,151,'shipping','Доставка в пределах МКАД (бесплатно)','0<font class=\'rur\'>p</font>','0.0000',3),(466,151,'coupon','Купон (1111)','-10<font class=\'rur\'>p</font>','-10.0000',4),(467,151,'total','Итого','492<font class=\'rur\'>p</font>','491.7500',9),(468,152,'sub_total','Сумма','502<font class=\'rur\'>p</font>','502.0000',1),(469,152,'reward','Бонусные баллы (1)','0<font class=\'rur\'>p</font>','-0.2500',2),(470,152,'shipping','Доставка в пределах МКАД (бесплатно)','0<font class=\'rur\'>p</font>','0.0000',3),(471,152,'coupon','Купон (1111)','-10<font class=\'rur\'>p</font>','-10.0000',4),(472,152,'total','Итого','492<font class=\'rur\'>p</font>','491.7500',9),(473,153,'sub_total','Сумма','502<font class=\'rur\'>p</font>','502.0000',1),(474,153,'reward','Бонусные баллы (1)','0<font class=\'rur\'>p</font>','-0.2500',2),(475,153,'shipping','Доставка в пределах МКАД (бесплатно)','0<font class=\'rur\'>p</font>','0.0000',3),(476,153,'coupon','Купон (1111)','-10<font class=\'rur\'>p</font>','-10.0000',4),(477,153,'total','Итого','492<font class=\'rur\'>p</font>','491.7500',9),(478,154,'sub_total','Сумма','502<font class=\'rur\'>p</font>','502.0000',1),(479,154,'reward','Бонусные баллы (1)','0<font class=\'rur\'>p</font>','-0.2500',2),(480,154,'shipping','Доставка в пределах МКАД (бесплатно)','0<font class=\'rur\'>p</font>','0.0000',3),(481,154,'coupon','Купон (1111)','-10<font class=\'rur\'>p</font>','-10.0000',4),(482,154,'total','Итого','492<font class=\'rur\'>p</font>','491.7500',9),(483,155,'sub_total','Сумма','502<font class=\'rur\'>p</font>','502.0000',1),(484,155,'reward','Бонусные баллы (1)','0<font class=\'rur\'>p</font>','-0.2500',2),(485,155,'shipping','Доставка в пределах МКАД (бесплатно)','0<font class=\'rur\'>p</font>','0.0000',3),(486,155,'coupon','Купон (1111)','-10<font class=\'rur\'>p</font>','-10.0000',4),(487,155,'total','Итого','492<font class=\'rur\'>p</font>','491.7500',9),(488,156,'sub_total','Сумма','502<font class=\'rur\'>p</font>','502.0000',1),(489,156,'reward','Бонусные баллы (1)','0<font class=\'rur\'>p</font>','-0.2500',2),(490,156,'shipping','Доставка в пределах МКАД (бесплатно)','0<font class=\'rur\'>p</font>','0.0000',3),(491,156,'coupon','Купон (1111)','-10<font class=\'rur\'>p</font>','-10.0000',4),(492,156,'total','Итого','492<font class=\'rur\'>p</font>','491.7500',9),(493,157,'sub_total','Сумма','502<font class=\'rur\'>p</font>','502.0000',1),(494,157,'reward','Бонусные баллы (1)','0<font class=\'rur\'>p</font>','-0.2500',2),(495,157,'shipping','Доставка в пределах МКАД (бесплатно)','0<font class=\'rur\'>p</font>','0.0000',3),(496,157,'coupon','Купон (1111)','-10<font class=\'rur\'>p</font>','-10.0000',4),(497,157,'total','Итого','492<font class=\'rur\'>p</font>','491.7500',9),(498,158,'sub_total','Сумма','502<font class=\'rur\'>p</font>','502.0000',1),(499,158,'reward','Бонусные баллы (1)','0<font class=\'rur\'>p</font>','-0.2500',2),(500,158,'shipping','Доставка в пределах МКАД (бесплатно)','0<font class=\'rur\'>p</font>','0.0000',3),(501,158,'coupon','Купон (1111)','-10<font class=\'rur\'>p</font>','-10.0000',4),(502,158,'total','Итого','492<font class=\'rur\'>p</font>','491.7500',9),(503,159,'sub_total','Сумма','503<font class=\'rur\'>p</font>','503.0000',1),(504,159,'shipping','Доставка в пределах МКАД (бесплатно)','0<font class=\'rur\'>p</font>','0.0000',3),(505,159,'total','Итого','503<font class=\'rur\'>p</font>','503.0000',9),(506,160,'sub_total','Сумма','202<font class=\'rur\'>p</font>','202.0000',1),(507,160,'shipping','Доставка в пределах МКАД (бесплатно)','0<font class=\'rur\'>p</font>','0.0000',3),(508,160,'total','Итого','202<font class=\'rur\'>p</font>','202.0000',9),(509,161,'sub_total','Сумма','202<font class=\'rur\'>p</font>','202.0000',1),(510,161,'shipping','Доставка в пределах МКАД (бесплатно)','0<font class=\'rur\'>p</font>','0.0000',3),(511,161,'total','Итого','202<font class=\'rur\'>p</font>','202.0000',9),(512,162,'sub_total','Сумма','101<font class=\'rur\'>p</font>','101.0000',1),(513,162,'shipping','Доставка в пределах МКАД (бесплатно)','0<font class=\'rur\'>p</font>','0.0000',3),(514,162,'total','Итого','101<font class=\'rur\'>p</font>','101.0000',9),(515,163,'sub_total','Сумма','101<font class=\'rur\'>p</font>','101.0000',1),(516,163,'shipping','Доставка в пределах МКАД (бесплатно)','0<font class=\'rur\'>p</font>','0.0000',3),(517,163,'total','Итого','101<font class=\'rur\'>p</font>','101.0000',9),(518,164,'sub_total','Сумма','101<font class=\'rur\'>p</font>','101.0000',1),(519,164,'shipping','Доставка в пределах МКАД (бесплатно)','0<font class=\'rur\'>p</font>','0.0000',3),(520,164,'total','Итого','101<font class=\'rur\'>p</font>','101.0000',9),(521,165,'sub_total','Сумма','101<font class=\'rur\'>p</font>','101.0000',1),(522,165,'shipping','Доставка в пределах МКАД (бесплатно)','0<font class=\'rur\'>p</font>','0.0000',3),(523,165,'total','Итого','101<font class=\'rur\'>p</font>','101.0000',9),(524,166,'sub_total','Сумма','101<font class=\'rur\'>p</font>','101.0000',1),(525,166,'shipping','Доставка в пределах МКАД (бесплатно)','0<font class=\'rur\'>p</font>','0.0000',3),(526,166,'total','Итого','101<font class=\'rur\'>p</font>','101.0000',9),(527,167,'sub_total','Сумма','101<font class=\'rur\'>p</font>','101.0000',1),(528,167,'shipping','Доставка в пределах МКАД (бесплатно)','0<font class=\'rur\'>p</font>','0.0000',3),(529,167,'total','Итого','101<font class=\'rur\'>p</font>','101.0000',9),(530,168,'sub_total','Сумма','101<font class=\'rur\'>p</font>','101.0000',1),(531,168,'shipping','Доставка в пределах МКАД (бесплатно)','0<font class=\'rur\'>p</font>','0.0000',3),(532,168,'total','Итого','101<font class=\'rur\'>p</font>','101.0000',9),(533,169,'sub_total','Сумма','101<font class=\'rur\'>p</font>','101.0000',1),(534,169,'shipping','Доставка в пределах МКАД (бесплатно)','0<font class=\'rur\'>p</font>','0.0000',3),(535,169,'total','Итого','101<font class=\'rur\'>p</font>','101.0000',9),(536,170,'sub_total','Сумма','101<font class=\'rur\'>p</font>','101.0000',1),(537,170,'shipping','Доставка в пределах МКАД (бесплатно)','0<font class=\'rur\'>p</font>','0.0000',3),(538,170,'total','Итого','101<font class=\'rur\'>p</font>','101.0000',9),(539,171,'sub_total','Сумма','101<font class=\'rur\'>p</font>','101.0000',1),(540,171,'shipping','Доставка в пределах МКАД (бесплатно)','0<font class=\'rur\'>p</font>','0.0000',3),(541,171,'total','Итого','101<font class=\'rur\'>p</font>','101.0000',9),(542,172,'sub_total','Сумма','101<font class=\'rur\'>p</font>','101.0000',1),(543,172,'shipping','Доставка в пределах МКАД (бесплатно)','0<font class=\'rur\'>p</font>','0.0000',3),(544,172,'total','Итого','101<font class=\'rur\'>p</font>','101.0000',9),(545,173,'sub_total','Сумма','101<font class=\'rur\'>p</font>','101.0000',1),(546,173,'shipping','Доставка в пределах МКАД (бесплатно)','0<font class=\'rur\'>p</font>','0.0000',3),(547,173,'total','Итого','101<font class=\'rur\'>p</font>','101.0000',9),(548,174,'sub_total','Сумма','101<font class=\'rur\'>p</font>','101.0000',1),(549,174,'shipping','Доставка в пределах МКАД (бесплатно)','0<font class=\'rur\'>p</font>','0.0000',3),(550,174,'total','Итого','101<font class=\'rur\'>p</font>','101.0000',9),(551,175,'sub_total','Сумма','101<font class=\'rur\'>p</font>','101.0000',1),(552,175,'shipping','Доставка в пределах МКАД (бесплатно)','0<font class=\'rur\'>p</font>','0.0000',3),(553,175,'total','Итого','101<font class=\'rur\'>p</font>','101.0000',9),(554,176,'sub_total','Сумма','101<font class=\'rur\'>p</font>','101.0000',1),(555,176,'shipping','Доставка в пределах МКАД (бесплатно)','0<font class=\'rur\'>p</font>','0.0000',3),(556,176,'total','Итого','101<font class=\'rur\'>p</font>','101.0000',9),(557,177,'sub_total','Сумма','101<font class=\'rur\'>p</font>','101.0000',1),(558,177,'shipping','Доставка в пределах МКАД (бесплатно)','0<font class=\'rur\'>p</font>','0.0000',3),(559,177,'total','Итого','101<font class=\'rur\'>p</font>','101.0000',9),(560,178,'sub_total','Сумма','101<font class=\'rur\'>p</font>','101.0000',1),(561,178,'shipping','Доставка в пределах МКАД (бесплатно)','0<font class=\'rur\'>p</font>','0.0000',3),(562,178,'total','Итого','101<font class=\'rur\'>p</font>','101.0000',9),(563,179,'sub_total','Сумма','101<font class=\'rur\'>p</font>','101.0000',1),(564,179,'shipping','Доставка в пределах МКАД (бесплатно)','0<font class=\'rur\'>p</font>','0.0000',3),(565,179,'total','Итого','101<font class=\'rur\'>p</font>','101.0000',9),(566,180,'sub_total','Сумма','101<font class=\'rur\'>p</font>','101.0000',1),(567,180,'shipping','Доставка в пределах МКАД (бесплатно)','0<font class=\'rur\'>p</font>','0.0000',3),(568,180,'coupon','Купон (1111)','-10<font class=\'rur\'>p</font>','-10.0000',4),(569,180,'total','Итого','91<font class=\'rur\'>p</font>','91.0000',9),(570,181,'sub_total','Сумма','101<font class=\'rur\'>p</font>','101.0000',1),(571,181,'shipping','Доставка в пределах МКАД (бесплатно)','0<font class=\'rur\'>p</font>','0.0000',3),(572,181,'coupon','Купон (1111)','-10<font class=\'rur\'>p</font>','-10.0000',4),(573,181,'total','Итого','91<font class=\'rur\'>p</font>','91.0000',9),(574,182,'sub_total','Сумма','101<font class=\'rur\'>p</font>','101.0000',1),(575,182,'shipping','Доставка в пределах МКАД (бесплатно)','0<font class=\'rur\'>p</font>','0.0000',3),(576,182,'coupon','Купон (1111)','-10<font class=\'rur\'>p</font>','-10.0000',4),(577,182,'total','Итого','91<font class=\'rur\'>p</font>','91.0000',9),(578,183,'sub_total','Сумма','101<font class=\'rur\'>p</font>','101.0000',1),(579,183,'shipping','Доставка в пределах МКАД (бесплатно)','0<font class=\'rur\'>p</font>','0.0000',3),(580,183,'coupon','Купон (1111)','-10<font class=\'rur\'>p</font>','-10.0000',4),(581,183,'total','Итого','91<font class=\'rur\'>p</font>','91.0000',9),(582,184,'sub_total','Сумма','101<font class=\'rur\'>p</font>','101.0000',1),(583,184,'shipping','Доставка в пределах МКАД (бесплатно)','0<font class=\'rur\'>p</font>','0.0000',3),(584,184,'coupon','Купон (1111)','-10<font class=\'rur\'>p</font>','-10.0000',4),(585,184,'total','Итого','91<font class=\'rur\'>p</font>','91.0000',9),(586,185,'sub_total','Сумма','101<font class=\'rur\'>p</font>','101.0000',1),(587,185,'shipping','Доставка в пределах МКАД (бесплатно)','0<font class=\'rur\'>p</font>','0.0000',3),(588,185,'coupon','Купон (1111)','-10<font class=\'rur\'>p</font>','-10.0000',4),(589,185,'total','Итого','91<font class=\'rur\'>p</font>','91.0000',9),(590,186,'sub_total','Сумма','101<font class=\'rur\'>p</font>','101.0000',1),(591,186,'shipping','Доставка в пределах МКАД (бесплатно)','0<font class=\'rur\'>p</font>','0.0000',3),(592,186,'coupon','Купон (1111)','-10<font class=\'rur\'>p</font>','-10.0000',4),(593,186,'total','Итого','91<font class=\'rur\'>p</font>','91.0000',9),(594,187,'sub_total','Сумма','101<font class=\'rur\'>p</font>','101.0000',1),(595,187,'shipping','Доставка в пределах МКАД (бесплатно)','0<font class=\'rur\'>p</font>','0.0000',3),(596,187,'coupon','Купон (1111)','-10<font class=\'rur\'>p</font>','-10.0000',4),(597,187,'total','Итого','91<font class=\'rur\'>p</font>','91.0000',9),(598,188,'sub_total','Сумма','101<font class=\'rur\'>p</font>','101.0000',1),(599,188,'shipping','Доставка в пределах МКАД (бесплатно)','0<font class=\'rur\'>p</font>','0.0000',3),(600,188,'coupon','Купон (1111)','-10<font class=\'rur\'>p</font>','-10.0000',4),(601,188,'total','Итого','91<font class=\'rur\'>p</font>','91.0000',9),(602,189,'sub_total','Сумма','101<font class=\'rur\'>p</font>','101.0000',1),(603,189,'shipping','Доставка в пределах МКАД (бесплатно)','0<font class=\'rur\'>p</font>','0.0000',3),(604,189,'coupon','Купон (1111)','-10<font class=\'rur\'>p</font>','-10.0000',4),(605,189,'total','Итого','91<font class=\'rur\'>p</font>','91.0000',9),(606,190,'sub_total','Сумма','101<font class=\'rur\'>p</font>','101.0000',1),(607,190,'shipping','Доставка в пределах МКАД (бесплатно)','0<font class=\'rur\'>p</font>','0.0000',3),(608,190,'coupon','Купон (1111)','-10<font class=\'rur\'>p</font>','-10.0000',4),(609,190,'total','Итого','91<font class=\'rur\'>p</font>','91.0000',9),(610,191,'sub_total','Сумма','101<font class=\'rur\'>p</font>','101.0000',1),(611,191,'shipping','Доставка в пределах МКАД (бесплатно)','0<font class=\'rur\'>p</font>','0.0000',3),(612,191,'coupon','Купон (1111)','-10<font class=\'rur\'>p</font>','-10.0000',4),(613,191,'total','Итого','91<font class=\'rur\'>p</font>','91.0000',9),(614,192,'sub_total','Сумма','101<font class=\'rur\'>p</font>','101.0000',1),(615,192,'shipping','Доставка в пределах МКАД (бесплатно)','0<font class=\'rur\'>p</font>','0.0000',3),(616,192,'coupon','Купон (1111)','-10<font class=\'rur\'>p</font>','-10.0000',4),(617,192,'total','Итого','91<font class=\'rur\'>p</font>','91.0000',9),(618,193,'sub_total','Сумма','101<font class=\'rur\'>p</font>','101.0000',1),(619,193,'shipping','Доставка в пределах МКАД (бесплатно)','0<font class=\'rur\'>p</font>','0.0000',3),(620,193,'coupon','Купон (1111)','-10<font class=\'rur\'>p</font>','-10.0000',4),(621,193,'total','Итого','91<font class=\'rur\'>p</font>','91.0000',9),(622,194,'sub_total','Сумма','101<font class=\'rur\'>p</font>','101.0000',1),(623,194,'shipping','Доставка в пределах МКАД (бесплатно)','0<font class=\'rur\'>p</font>','0.0000',3),(624,194,'coupon','Купон (1111)','-10<font class=\'rur\'>p</font>','-10.0000',4),(625,194,'total','Итого','91<font class=\'rur\'>p</font>','91.0000',9),(626,195,'sub_total','Сумма','101<font class=\'rur\'>p</font>','101.0000',1),(627,195,'shipping','Доставка в пределах МКАД (бесплатно)','0<font class=\'rur\'>p</font>','0.0000',3),(628,195,'coupon','Купон (1111)','-10<font class=\'rur\'>p</font>','-10.0000',4),(629,195,'total','Итого','91<font class=\'rur\'>p</font>','91.0000',9),(630,196,'sub_total','Сумма','101<font class=\'rur\'>p</font>','101.0000',1),(631,196,'shipping','Доставка в пределах МКАД (бесплатно)','0<font class=\'rur\'>p</font>','0.0000',3),(632,196,'coupon','Купон (1111)','-10<font class=\'rur\'>p</font>','-10.0000',4),(633,196,'total','Итого','91<font class=\'rur\'>p</font>','91.0000',9),(634,197,'sub_total','Сумма','101<font class=\'rur\'>p</font>','101.0000',1),(635,197,'shipping','Доставка в пределах МКАД (бесплатно)','0<font class=\'rur\'>p</font>','0.0000',3),(636,197,'coupon','Купон (1111)','-10<font class=\'rur\'>p</font>','-10.0000',4),(637,197,'total','Итого','91<font class=\'rur\'>p</font>','91.0000',9),(638,198,'sub_total','Сумма','101<font class=\'rur\'>p</font>','101.0000',1),(639,198,'shipping','Доставка в пределах МКАД (бесплатно)','0<font class=\'rur\'>p</font>','0.0000',3),(640,198,'coupon','Купон (1111)','-10<font class=\'rur\'>p</font>','-10.0000',4),(641,198,'total','Итого','91<font class=\'rur\'>p</font>','91.0000',9),(642,199,'sub_total','Сумма','101<font class=\'rur\'>p</font>','101.0000',1),(643,199,'shipping','Доставка в пределах МКАД (бесплатно)','0<font class=\'rur\'>p</font>','0.0000',3),(644,199,'coupon','Купон (1111)','-10<font class=\'rur\'>p</font>','-10.0000',4),(645,199,'total','Итого','91<font class=\'rur\'>p</font>','91.0000',9),(646,200,'sub_total','Сумма','101<font class=\'rur\'>p</font>','101.0000',1),(647,200,'shipping','Доставка в пределах МКАД (бесплатно)','0<font class=\'rur\'>p</font>','0.0000',3),(648,200,'coupon','Купон (1111)','-10<font class=\'rur\'>p</font>','-10.0000',4),(649,200,'total','Итого','91<font class=\'rur\'>p</font>','91.0000',9),(650,201,'sub_total','Сумма','101<font class=\'rur\'>p</font>','101.0000',1),(651,201,'shipping','Доставка в пределах МКАД (бесплатно)','0<font class=\'rur\'>p</font>','0.0000',3),(652,201,'coupon','Купон (1111)','-10<font class=\'rur\'>p</font>','-10.0000',4),(653,201,'total','Итого','91<font class=\'rur\'>p</font>','91.0000',9),(654,202,'sub_total','Сумма','101<font class=\'rur\'>p</font>','101.0000',1),(655,202,'shipping','Доставка в пределах МКАД (бесплатно)','0<font class=\'rur\'>p</font>','0.0000',3),(656,202,'coupon','Купон (1111)','-10<font class=\'rur\'>p</font>','-10.0000',4),(657,202,'total','Итого','91<font class=\'rur\'>p</font>','91.0000',9),(658,203,'sub_total','Сумма','101<font class=\'rur\'>p</font>','101.0000',1),(659,203,'shipping','Доставка в пределах МКАД (бесплатно)','0<font class=\'rur\'>p</font>','0.0000',3),(660,203,'coupon','Купон (1111)','-10<font class=\'rur\'>p</font>','-10.0000',4),(661,203,'total','Итого','91<font class=\'rur\'>p</font>','91.0000',9),(662,204,'sub_total','Сумма','101<font class=\'rur\'>p</font>','101.0000',1),(663,204,'shipping','Доставка в пределах МКАД (бесплатно)','0<font class=\'rur\'>p</font>','0.0000',3),(664,204,'coupon','Купон (1111)','-10<font class=\'rur\'>p</font>','-10.0000',4),(665,204,'total','Итого','91<font class=\'rur\'>p</font>','91.0000',9),(666,205,'sub_total','Сумма','101<font class=\'rur\'>p</font>','101.0000',1),(667,205,'shipping','Доставка в пределах МКАД (бесплатно)','0<font class=\'rur\'>p</font>','0.0000',3),(668,205,'coupon','Купон (1111)','-10<font class=\'rur\'>p</font>','-10.0000',4),(669,205,'total','Итого','91<font class=\'rur\'>p</font>','91.0000',9),(670,206,'sub_total','Сумма','101<font class=\'rur\'>p</font>','101.0000',1),(671,206,'shipping','Доставка в пределах МКАД (бесплатно)','0<font class=\'rur\'>p</font>','0.0000',3),(672,206,'coupon','Купон (1111)','-10<font class=\'rur\'>p</font>','-10.0000',4),(673,206,'total','Итого','91<font class=\'rur\'>p</font>','91.0000',9),(674,207,'sub_total','Сумма','101<font class=\'rur\'>p</font>','101.0000',1),(675,207,'shipping','Доставка в пределах МКАД (бесплатно)','0<font class=\'rur\'>p</font>','0.0000',3),(676,207,'coupon','Купон (1111)','-10<font class=\'rur\'>p</font>','-10.0000',4),(677,207,'total','Итого','91<font class=\'rur\'>p</font>','91.0000',9),(678,208,'sub_total','Сумма','101<font class=\'rur\'>p</font>','101.0000',1),(679,208,'shipping','Доставка в пределах МКАД (бесплатно)','0<font class=\'rur\'>p</font>','0.0000',3),(680,208,'total','Итого','101<font class=\'rur\'>p</font>','101.0000',9),(681,209,'sub_total','Сумма','101<font class=\'rur\'>p</font>','101.0000',1),(682,209,'shipping','Доставка в пределах МКАД (бесплатно)','0<font class=\'rur\'>p</font>','0.0000',3),(683,209,'total','Итого','101<font class=\'rur\'>p</font>','101.0000',9),(684,210,'sub_total','Сумма','101<font class=\'rur\'>p</font>','101.0000',1),(685,210,'shipping','Доставка в пределах МКАД (бесплатно)','0<font class=\'rur\'>p</font>','0.0000',3),(686,210,'total','Итого','101<font class=\'rur\'>p</font>','101.0000',9),(687,211,'sub_total','Сумма','101<font class=\'rur\'>p</font>','101.0000',1),(688,211,'shipping','Доставка в пределах МКАД (бесплатно)','0<font class=\'rur\'>p</font>','0.0000',3),(689,211,'total','Итого','101<font class=\'rur\'>p</font>','101.0000',9),(690,212,'sub_total','Сумма','101<font class=\'rur\'>p</font>','101.0000',1),(691,212,'shipping','Доставка в пределах МКАД (бесплатно)','0<font class=\'rur\'>p</font>','0.0000',3),(692,212,'total','Итого','101<font class=\'rur\'>p</font>','101.0000',9),(693,213,'sub_total','Сумма','101<font class=\'rur\'>p</font>','101.0000',1),(694,213,'shipping','Доставка в пределах МКАД (бесплатно)','0<font class=\'rur\'>p</font>','0.0000',3),(695,213,'total','Итого','101<font class=\'rur\'>p</font>','101.0000',9),(696,214,'sub_total','Сумма','101<font class=\'rur\'>p</font>','101.0000',1),(697,214,'shipping','Доставка в пределах МКАД (бесплатно)','0<font class=\'rur\'>p</font>','0.0000',3),(698,214,'total','Итого','101<font class=\'rur\'>p</font>','101.0000',9),(699,215,'sub_total','Сумма','101<font class=\'rur\'>p</font>','101.0000',1),(700,215,'shipping','Доставка в пределах МКАД (бесплатно)','0<font class=\'rur\'>p</font>','0.0000',3),(701,215,'total','Итого','101<font class=\'rur\'>p</font>','101.0000',9),(702,216,'sub_total','Сумма','101<font class=\'rur\'>p</font>','101.0000',1),(703,216,'shipping','Доставка в пределах МКАД (бесплатно)','0<font class=\'rur\'>p</font>','0.0000',3),(704,216,'total','Итого','101<font class=\'rur\'>p</font>','101.0000',9),(705,217,'sub_total','Сумма','601<font class=\'rur\'>p</font>','601.0000',1),(706,217,'reward','Бонусные баллы (101)','-253<font class=\'rur\'>p</font>','-252.5000',2),(707,217,'shipping','Доставка в пределах МКАД (бесплатно)','0<font class=\'rur\'>p</font>','0.0000',3),(708,217,'coupon','Купон (3333)','-301<font class=\'rur\'>p</font>','-300.5000',4),(709,217,'total','Итого','48<font class=\'rur\'>p</font>','48.0000',9),(710,218,'sub_total','Сумма','601<font class=\'rur\'>p</font>','601.0000',1),(711,218,'shipping','Доставка в пределах МКАД (бесплатно)','0<font class=\'rur\'>p</font>','0.0000',3),(712,218,'coupon','Купон (3333)','-301<font class=\'rur\'>p</font>','-300.5000',4),(713,218,'total','Итого','301<font class=\'rur\'>p</font>','300.5000',9),(714,219,'sub_total','Сумма','601<font class=\'rur\'>p</font>','601.0000',1),(715,219,'shipping','Доставка в пределах МКАД (бесплатно)','0<font class=\'rur\'>p</font>','0.0000',3),(716,219,'coupon','Купон (3333)','-301<font class=\'rur\'>p</font>','-300.5000',4),(717,219,'total','Итого','301<font class=\'rur\'>p</font>','300.5000',9),(718,220,'sub_total','Сумма','601<font class=\'rur\'>p</font>','601.0000',1),(719,220,'shipping','Доставка в пределах МКАД (бесплатно)','0<font class=\'rur\'>p</font>','0.0000',3),(720,220,'coupon','Купон (3333)','-301<font class=\'rur\'>p</font>','-300.5000',4),(721,220,'total','Итого','301<font class=\'rur\'>p</font>','300.5000',9),(722,221,'sub_total','Сумма','601<font class=\'rur\'>p</font>','601.0000',1),(723,221,'shipping','Доставка в пределах МКАД (бесплатно)','0<font class=\'rur\'>p</font>','0.0000',3),(724,221,'coupon','Купон (3333)','-301<font class=\'rur\'>p</font>','-300.5000',4),(725,221,'total','Итого','301<font class=\'rur\'>p</font>','300.5000',9),(726,222,'sub_total','Сумма','101<font class=\'rur\'>p</font>','101.0000',1),(727,222,'shipping','Доставка в пределах МКАД (бесплатно)','0<font class=\'rur\'>p</font>','0.0000',3),(728,222,'total','Итого','101<font class=\'rur\'>p</font>','101.0000',9),(729,223,'sub_total','Сумма','101<font class=\'rur\'>p</font>','101.0000',1),(730,223,'shipping','Доставка в пределах МКАД (бесплатно)','0<font class=\'rur\'>p</font>','0.0000',3),(731,223,'total','Итого','101<font class=\'rur\'>p</font>','101.0000',9),(732,224,'sub_total','Сумма','3 402<font class=\'rur\'>p</font>','3402.0000',1),(733,224,'shipping','Доставка в пределах МКАД (бесплатно)','0<font class=\'rur\'>p</font>','0.0000',3),(734,224,'total','Итого','3 402<font class=\'rur\'>p</font>','3402.0000',9),(735,225,'sub_total','Сумма','3 402<font class=\'rur\'>p</font>','3402.0000',1),(736,225,'shipping','Доставка в пределах МКАД (бесплатно)','0<font class=\'rur\'>p</font>','0.0000',3),(737,225,'total','Итого','3 402<font class=\'rur\'>p</font>','3402.0000',9),(738,226,'sub_total','Сумма','19 800<font class=\'rur\'>p</font>','19800.0000',1),(739,226,'shipping','Самовывоз из магазина','0<font class=\'rur\'>p</font>','0.0000',3),(740,226,'total','Итого','19 800<font class=\'rur\'>p</font>','19800.0000',9),(741,227,'sub_total','Сумма','19 800<font class=\'rur\'>p</font>','19800.0000',1),(742,227,'shipping','Доставка в пределах МКАД (бесплатно)','0<font class=\'rur\'>p</font>','0.0000',3),(743,227,'total','Итого','19 800<font class=\'rur\'>p</font>','19800.0000',9),(744,228,'sub_total','Сумма','5 000<font class=\'rur\'>p</font>','5000.0000',1),(745,228,'shipping','Доставка в пределах МКАД (бесплатно)','0<font class=\'rur\'>p</font>','0.0000',3),(746,228,'total','Итого','5 000<font class=\'rur\'>p</font>','5000.0000',9),(747,229,'sub_total','Сумма','5 000<font class=\'rur\'>p</font>','5000.0000',1),(748,229,'shipping','Доставка в пределах МКАД (бесплатно)','0<font class=\'rur\'>p</font>','0.0000',3),(749,229,'total','Итого','5 000<font class=\'rur\'>p</font>','5000.0000',9),(750,230,'sub_total','Сумма','5 000<font class=\'rur\'>p</font>','5000.0000',1),(751,230,'shipping','Доставка в пределах МКАД (бесплатно)','0<font class=\'rur\'>p</font>','0.0000',3),(752,230,'total','Итого','5 000<font class=\'rur\'>p</font>','5000.0000',9),(753,231,'sub_total','Сумма','5 000<font class=\'rur\'>p</font>','5000.0000',1),(754,231,'shipping','Доставка в пределах МКАД (бесплатно)','0<font class=\'rur\'>p</font>','0.0000',3),(755,231,'total','Итого','5 000<font class=\'rur\'>p</font>','5000.0000',9),(756,232,'sub_total','Сумма','5 000<font class=\'rur\'>p</font>','5000.0000',1),(757,232,'shipping','Доставка в пределах МКАД (бесплатно)','0<font class=\'rur\'>p</font>','0.0000',3),(758,232,'total','Итого','5 000<font class=\'rur\'>p</font>','5000.0000',9),(759,233,'sub_total','Сумма','5 000<font class=\'rur\'>p</font>','5000.0000',1),(760,233,'shipping','Доставка в пределах МКАД (бесплатно)','0<font class=\'rur\'>p</font>','0.0000',3),(761,233,'total','Итого','5 000<font class=\'rur\'>p</font>','5000.0000',9),(762,234,'sub_total','Сумма','5 000<font class=\'rur\'>p</font>','5000.0000',1),(763,234,'shipping','Доставка в пределах МКАД (бесплатно)','0<font class=\'rur\'>p</font>','0.0000',3),(764,234,'total','Итого','5 000<font class=\'rur\'>p</font>','5000.0000',9),(765,235,'sub_total','Сумма','5 000<font class=\'rur\'>p</font>','5000.0000',1),(766,235,'shipping','Доставка в пределах МКАД (бесплатно)','0<font class=\'rur\'>p</font>','0.0000',3),(767,235,'total','Итого','5 000<font class=\'rur\'>p</font>','5000.0000',9),(768,236,'sub_total','Сумма','5 000<font class=\'rur\'>p</font>','5000.0000',1),(769,236,'shipping','Доставка в пределах МКАД (бесплатно)','0<font class=\'rur\'>p</font>','0.0000',3),(770,236,'total','Итого','5 000<font class=\'rur\'>p</font>','5000.0000',9),(771,237,'sub_total','Сумма','5 000<font class=\'rur\'>p</font>','5000.0000',1),(772,237,'shipping','Доставка в пределах МКАД (бесплатно)','0<font class=\'rur\'>p</font>','0.0000',3),(773,237,'total','Итого','5 000<font class=\'rur\'>p</font>','5000.0000',9),(774,238,'sub_total','Сумма','5 000<font class=\'rur\'>p</font>','5000.0000',1),(775,238,'shipping','Доставка в пределах МКАД (бесплатно)','0<font class=\'rur\'>p</font>','0.0000',3),(776,238,'total','Итого','5 000<font class=\'rur\'>p</font>','5000.0000',9),(777,239,'sub_total','Сумма','5 000<font class=\'rur\'>p</font>','5000.0000',1),(778,239,'shipping','Доставка в пределах МКАД (бесплатно)','0<font class=\'rur\'>p</font>','0.0000',3),(779,239,'total','Итого','5 000<font class=\'rur\'>p</font>','5000.0000',9),(780,240,'sub_total','Сумма','5 000<font class=\'rur\'>p</font>','5000.0000',1),(781,240,'shipping','Доставка в пределах МКАД (бесплатно)','0<font class=\'rur\'>p</font>','0.0000',3),(782,240,'total','Итого','5 000<font class=\'rur\'>p</font>','5000.0000',9),(783,241,'sub_total','Сумма','5 000<font class=\'rur\'>p</font>','5000.0000',1),(784,241,'shipping','Доставка в пределах МКАД (бесплатно)','0<font class=\'rur\'>p</font>','0.0000',3),(785,241,'coupon','Купон (79390037)','-750<font class=\'rur\'>p</font>','-750.0000',4),(786,241,'total','Итого','4 250<font class=\'rur\'>p</font>','4250.0000',9),(787,242,'sub_total','Сумма','5 000<font class=\'rur\'>p</font>','5000.0000',1),(788,242,'shipping','Доставка в пределах МКАД (бесплатно)','0<font class=\'rur\'>p</font>','0.0000',3),(789,242,'total','Итого','5 000<font class=\'rur\'>p</font>','5000.0000',9),(790,243,'sub_total','Сумма','5 000<font class=\'rur\'>p</font>','5000.0000',1),(791,243,'shipping','Самовывоз из магазина','0<font class=\'rur\'>p</font>','0.0000',3),(792,243,'total','Итого','5 000<font class=\'rur\'>p</font>','5000.0000',9),(793,244,'sub_total','Сумма','5 000<font class=\'rur\'>p</font>','5000.0000',1),(794,244,'shipping','Самовывоз из магазина','0<font class=\'rur\'>p</font>','0.0000',3),(795,244,'total','Итого','5 000<font class=\'rur\'>p</font>','5000.0000',9),(796,245,'sub_total','Сумма','5 000<font class=\'rur\'>p</font>','5000.0000',1),(797,245,'shipping','Самовывоз из магазина','0<font class=\'rur\'>p</font>','0.0000',3),(798,245,'total','Итого','5 000<font class=\'rur\'>p</font>','5000.0000',9),(799,246,'sub_total','Сумма','10 000<font class=\'rur\'>p</font>','10000.0000',1),(800,246,'shipping','Самовывоз из магазина','0<font class=\'rur\'>p</font>','0.0000',3),(801,246,'total','Итого','10 000<font class=\'rur\'>p</font>','10000.0000',9),(802,247,'sub_total','Сумма','5 000<font class=\'rur\'>p</font>','5000.0000',1),(803,247,'shipping','Самовывоз из магазина','0<font class=\'rur\'>p</font>','0.0000',3),(804,247,'total','Итого','5 000<font class=\'rur\'>p</font>','5000.0000',9),(805,248,'sub_total','Сумма','5 500<font class=\'rur\'>p</font>','5500.0000',1),(806,248,'shipping','Самовывоз из магазина','0<font class=\'rur\'>p</font>','0.0000',3),(807,248,'total','Итого','5 500<font class=\'rur\'>p</font>','5500.0000',9),(808,249,'sub_total','Сумма','5 500<font class=\'rur\'>p</font>','5500.0000',1),(809,249,'shipping','Самовывоз из магазина','0<font class=\'rur\'>p</font>','0.0000',3),(810,249,'total','Итого','5 500<font class=\'rur\'>p</font>','5500.0000',9),(811,250,'sub_total','Сумма','10 500<font class=\'rur\'>p</font>','10500.0000',1),(812,250,'shipping','Доставка в пределах МКАД (бесплатно)','0<font class=\'rur\'>p</font>','0.0000',3),(813,250,'total','Итого','10 500<font class=\'rur\'>p</font>','10500.0000',9),(814,251,'sub_total','Сумма','5 500<font class=\'rur\'>p</font>','5500.0000',1),(815,251,'shipping','Доставка в пределах МКАД (бесплатно)','0<font class=\'rur\'>p</font>','0.0000',3),(816,251,'total','Итого','5 500<font class=\'rur\'>p</font>','5500.0000',9),(817,252,'sub_total','Сумма','5 500<font class=\'rur\'>p</font>','5500.0000',1),(818,252,'shipping','Доставка в пределах МКАД (бесплатно)','0<font class=\'rur\'>p</font>','0.0000',3),(819,252,'total','Итого','5 500<font class=\'rur\'>p</font>','5500.0000',9),(820,253,'sub_total','Сумма','5 500<font class=\'rur\'>p</font>','5500.0000',1),(821,253,'shipping','Доставка в пределах МКАД (бесплатно)','0<font class=\'rur\'>p</font>','0.0000',3),(822,253,'total','Итого','5 500<font class=\'rur\'>p</font>','5500.0000',9),(823,254,'sub_total','Сумма','5 500<font class=\'rur\'>p</font>','5500.0000',1),(824,254,'shipping','Доставка в пределах МКАД (бесплатно)','0<font class=\'rur\'>p</font>','0.0000',3),(825,254,'total','Итого','5 500<font class=\'rur\'>p</font>','5500.0000',9),(826,255,'sub_total','Сумма','5 500<font class=\'rur\'>p</font>','5500.0000',1),(827,255,'shipping','Доставка в пределах МКАД (бесплатно)','0<font class=\'rur\'>p</font>','0.0000',3),(828,255,'total','Итого','5 500<font class=\'rur\'>p</font>','5500.0000',9),(829,256,'sub_total','Сумма','5 500<font class=\'rur\'>p</font>','5500.0000',1),(830,256,'shipping','Доставка в пределах МКАД (бесплатно)','0<font class=\'rur\'>p</font>','0.0000',3),(831,256,'total','Итого','5 500<font class=\'rur\'>p</font>','5500.0000',9),(832,257,'sub_total','Сумма','5 500<font class=\'rur\'>p</font>','5500.0000',1),(833,257,'shipping','Доставка в пределах МКАД (бесплатно)','0<font class=\'rur\'>p</font>','0.0000',3),(834,257,'total','Итого','5 500<font class=\'rur\'>p</font>','5500.0000',9),(835,258,'sub_total','Сумма','5 500<font class=\'rur\'>p</font>','5500.0000',1),(836,258,'shipping','Доставка в пределах МКАД (бесплатно)','0<font class=\'rur\'>p</font>','0.0000',3),(837,258,'total','Итого','5 500<font class=\'rur\'>p</font>','5500.0000',9),(838,259,'sub_total','Сумма','5 500<font class=\'rur\'>p</font>','5500.0000',1),(839,259,'shipping','Доставка в пределах МКАД (бесплатно)','0<font class=\'rur\'>p</font>','0.0000',3),(840,259,'total','Итого','5 500<font class=\'rur\'>p</font>','5500.0000',9),(841,260,'sub_total','Сумма','5 500<font class=\'rur\'>p</font>','5500.0000',1),(842,260,'shipping','Доставка в пределах МКАД (бесплатно)','0<font class=\'rur\'>p</font>','0.0000',3),(843,260,'total','Итого','5 500<font class=\'rur\'>p</font>','5500.0000',9),(844,261,'sub_total','Сумма','10 000<font class=\'rur\'>p</font>','10000.0000',1),(845,261,'shipping','Доставка в пределах МКАД (бесплатно)','0<font class=\'rur\'>p</font>','0.0000',3),(846,261,'total','Итого','10 000<font class=\'rur\'>p</font>','10000.0000',9),(847,262,'sub_total','Сумма','10 000<font class=\'rur\'>p</font>','10000.0000',1),(848,262,'shipping','Самовывоз из магазина','0<font class=\'rur\'>p</font>','0.0000',3),(849,262,'total','Итого','10 000<font class=\'rur\'>p</font>','10000.0000',9),(850,263,'sub_total','Сумма','10 000<font class=\'rur\'>p</font>','10000.0000',1),(851,263,'shipping','Самовывоз из магазина','0<font class=\'rur\'>p</font>','0.0000',3),(852,263,'total','Итого','10 000<font class=\'rur\'>p</font>','10000.0000',9),(853,264,'sub_total','Сумма','5 000<font class=\'rur\'>p</font>','5000.0000',1),(854,264,'shipping','Доставка в пределах МКАД (бесплатно)','0<font class=\'rur\'>p</font>','0.0000',3),(855,264,'total','Итого','5 000<font class=\'rur\'>p</font>','5000.0000',9),(856,265,'sub_total','Сумма','5 000<font class=\'rur\'>p</font>','5000.0000',1),(857,265,'shipping','Доставка в пределах МКАД (бесплатно)','0<font class=\'rur\'>p</font>','0.0000',3),(858,265,'total','Итого','5 000<font class=\'rur\'>p</font>','5000.0000',9);
/*!40000 ALTER TABLE `order_total` ENABLE KEYS */;
UNLOCK TABLES;

--
-- Table structure for table `order_voucher`
--

DROP TABLE IF EXISTS `order_voucher`;
/*!40101 SET @saved_cs_client     = @@character_set_client */;
/*!40101 SET character_set_client = utf8 */;
CREATE TABLE `order_voucher` (
  `order_voucher_id` int(11) NOT NULL AUTO_INCREMENT,
  `order_id` int(11) NOT NULL,
  `voucher_id` int(11) NOT NULL,
  `description` varchar(255) NOT NULL,
  `code` varchar(10) NOT NULL,
  `from_name` varchar(64) NOT NULL,
  `from_email` varchar(96) NOT NULL,
  `to_name` varchar(64) NOT NULL,
  `to_email` varchar(96) NOT NULL,
  `voucher_theme_id` int(11) NOT NULL,
  `message` text NOT NULL,
  `amount` decimal(15,4) NOT NULL,
  PRIMARY KEY (`order_voucher_id`)
) ENGINE=MyISAM DEFAULT CHARSET=utf8;
/*!40101 SET character_set_client = @saved_cs_client */;

--
-- Dumping data for table `order_voucher`
--

LOCK TABLES `order_voucher` WRITE;
/*!40000 ALTER TABLE `order_voucher` DISABLE KEYS */;
/*!40000 ALTER TABLE `order_voucher` ENABLE KEYS */;
UNLOCK TABLES;

--
-- Table structure for table `product`
--

DROP TABLE IF EXISTS `product`;
/*!40101 SET @saved_cs_client     = @@character_set_client */;
/*!40101 SET character_set_client = utf8 */;
CREATE TABLE `product` (
  `product_id` int(11) NOT NULL AUTO_INCREMENT,
  `model` varchar(64) NOT NULL,
  `sku` varchar(64) NOT NULL,
  `upc` varchar(12) NOT NULL,
  `ean` varchar(14) NOT NULL,
  `jan` varchar(13) NOT NULL,
  `isbn` varchar(13) NOT NULL,
  `mpn` varchar(64) NOT NULL,
  `location` varchar(128) NOT NULL,
  `quantity` int(4) NOT NULL DEFAULT '0',
  `stock_status_id` int(11) NOT NULL,
  `image` varchar(255) DEFAULT NULL,
  `manufacturer_id` int(11) NOT NULL,
  `shipping` tinyint(1) NOT NULL DEFAULT '1',
  `price` decimal(15,4) NOT NULL DEFAULT '0.0000',
  `points` int(8) NOT NULL DEFAULT '0',
  `tax_class_id` int(11) NOT NULL,
  `date_available` date NOT NULL,
  `weight` decimal(15,8) NOT NULL DEFAULT '0.00000000',
  `weight_class_id` int(11) NOT NULL DEFAULT '0',
  `length` decimal(15,8) NOT NULL DEFAULT '0.00000000',
  `width` decimal(15,8) NOT NULL DEFAULT '0.00000000',
  `height` decimal(15,8) NOT NULL DEFAULT '0.00000000',
  `length_class_id` int(11) NOT NULL DEFAULT '0',
  `subtract` tinyint(1) NOT NULL DEFAULT '1',
  `minimum` int(11) NOT NULL DEFAULT '1',
  `sort_order` int(11) NOT NULL DEFAULT '0',
  `status` tinyint(1) NOT NULL DEFAULT '0',
  `date_added` datetime NOT NULL DEFAULT '0000-00-00 00:00:00',
  `date_modified` datetime NOT NULL DEFAULT '0000-00-00 00:00:00',
  `viewed` int(5) NOT NULL DEFAULT '0',
  `isNew` int(1) NOT NULL DEFAULT '0',
  `isTwoDaysDelivery` int(1) NOT NULL DEFAULT '0',
  `isSpec` int(11) NOT NULL,
  PRIMARY KEY (`product_id`)
) ENGINE=MyISAM AUTO_INCREMENT=77 DEFAULT CHARSET=utf8;
/*!40101 SET character_set_client = @saved_cs_client */;

--
-- Dumping data for table `product`
--

LOCK TABLES `product` WRITE;
/*!40000 ALTER TABLE `product` DISABLE KEYS */;
INSERT INTO `product` VALUES (28,'Товар 1','','','','','','','',10,7,'data/10.png',0,1,'4500.0000',0,0,'2009-02-03','146.40000000',2,'0.00000000','0.00000000','0.00000000',1,1,1,0,1,'2009-02-03 16:06:50','2014-09-30 10:17:38',23,0,0,0),(30,'Товар 3','','','','','','','',7,6,'data/5.png',0,1,'4000.0000',0,0,'2009-02-03','0.00000000',1,'0.00000000','0.00000000','0.00000000',1,1,1,0,1,'2009-02-03 16:59:00','2014-08-09 17:53:15',9,0,0,0),(40,'','','','','','','','',9,7,'data/1.png',0,1,'5000.0000',0,0,'2009-02-03','10.00000000',1,'0.00000000','0.00000000','0.00000000',1,1,1,0,1,'2009-02-03 21:07:12','2014-11-21 01:19:09',471,0,0,0),(41,'Товар 14','','','','','','','',966,5,'data/2.png',0,1,'5500.0000',0,0,'2009-02-03','5.00000000',1,'0.00000000','0.00000000','0.00000000',1,1,1,0,1,'2009-02-03 21:07:26','2014-08-29 01:08:50',189,0,1,0),(42,'Товар 15','','','','','','','',7,7,'data/8.png',0,1,'3800.0000',0,0,'2009-02-04','12.50000000',1,'1.00000000','2.00000000','3.00000000',1,1,1,0,1,'2009-02-03 21:07:37','2014-08-09 17:59:36',16,0,0,0),(47,'','','','','','','','',10,7,'data/7.png',0,1,'4400.0000',400,0,'2009-02-03','1.00000000',1,'0.00000000','0.00000000','0.00000000',1,0,1,0,1,'2009-02-03 21:08:40','2014-08-09 17:52:24',42,0,0,0),(64,'Товар 01','','','','','','','',9,7,'data/17.png',0,1,'4500.0000',0,0,'2009-02-03','146.40000000',2,'0.00000000','0.00000000','0.00000000',1,1,1,0,1,'2011-05-24 23:48:34','2014-09-30 10:17:25',33,0,0,0),(67,'Товар 15','','','','','','','',10,7,'data/15.png',0,1,'4000.0000',0,0,'2009-02-04','12.50000000',1,'1.00000000','2.00000000','3.00000000',1,1,2,0,1,'2014-06-23 11:39:47','2014-09-22 20:00:12',5,0,0,0),(65,'Товар 15','','','','','','','',10,7,'data/4.png',0,1,'4000.0000',0,0,'2009-02-04','12.50000000',1,'1.00000000','2.00000000','3.00000000',1,1,1,0,1,'2014-06-23 11:39:38','2014-08-09 18:01:34',2,0,0,0),(68,'','','','','','','','',10,7,'data/5.png',0,1,'7300.0000',0,0,'2014-08-08','0.00000000',1,'0.00000000','0.00000000','0.00000000',1,1,1,1,1,'2014-08-09 16:56:10','2014-08-29 01:12:40',3,1,0,0),(69,'','','','','','','','',10,7,'data/9.png',0,1,'6000.0000',0,0,'2014-08-08','0.00000000',1,'0.00000000','0.00000000','0.00000000',1,1,1,1,1,'2014-08-09 16:58:23','2014-08-09 17:22:37',7,0,0,0),(70,'','','','','','','','',10,7,'data/13.png',0,1,'5500.0000',0,0,'2014-08-08','0.00000000',1,'0.00000000','0.00000000','0.00000000',1,1,1,1,1,'2014-08-09 17:12:36','2014-08-09 17:22:52',5,0,0,0),(71,'Товар 15','','','','','','','',10,7,'data/15.png',0,1,'4000.0000',0,0,'2009-02-04','12.50000000',1,'1.00000000','2.00000000','3.00000000',1,1,1,0,1,'2014-08-30 18:17:36','2014-08-31 00:42:19',0,0,0,1),(72,'Товар 15','','','','','','','',10,7,'data/8.png',0,1,'3800.0000',0,0,'2009-02-04','12.50000000',1,'1.00000000','2.00000000','3.00000000',1,1,1,0,1,'2014-08-30 18:17:36','2014-08-30 18:18:56',0,0,0,1),(73,'Товар 15','','','','','','','',9,7,'data/4.png',0,1,'4000.0000',0,0,'2009-02-04','12.50000000',1,'1.00000000','2.00000000','3.00000000',1,1,1,0,1,'2014-08-30 18:17:36','2014-08-30 18:18:45',0,0,0,1),(74,'','','','','','','','',1,5,'data/5.png',0,1,'1200.0000',0,0,'2014-11-19','0.00000000',1,'0.00000000','0.00000000','0.00000000',1,1,1,1,1,'2014-11-21 00:17:05','2014-11-23 17:22:32',0,0,0,0),(75,'','','','','','','','',1,5,'data/5.png',0,1,'1200.0000',0,0,'2014-11-19','0.00000000',1,'0.00000000','0.00000000','0.00000000',1,1,1,1,1,'2014-11-23 21:39:29','2014-11-23 21:40:33',0,0,0,0),(76,'Товар 15','','','','','','','',10,7,'data/4.png',0,1,'4000.0000',0,0,'2009-02-04','12.50000000',1,'1.00000000','2.00000000','3.00000000',1,1,1,0,1,'2014-11-23 21:40:12','2014-11-23 21:40:46',1,0,0,0);
/*!40000 ALTER TABLE `product` ENABLE KEYS */;
UNLOCK TABLES;

--
-- Table structure for table `product_attribute`
--

DROP TABLE IF EXISTS `product_attribute`;
/*!40101 SET @saved_cs_client     = @@character_set_client */;
/*!40101 SET character_set_client = utf8 */;
CREATE TABLE `product_attribute` (
  `product_id` int(11) NOT NULL,
  `attribute_id` int(11) NOT NULL,
  `language_id` int(11) NOT NULL,
  `text` text NOT NULL,
  PRIMARY KEY (`product_id`,`attribute_id`,`language_id`)
) ENGINE=MyISAM DEFAULT CHARSET=utf8;
/*!40101 SET character_set_client = @saved_cs_client */;

--
-- Dumping data for table `product_attribute`
--

LOCK TABLES `product_attribute` WRITE;
/*!40000 ALTER TABLE `product_attribute` DISABLE KEYS */;
/*!40000 ALTER TABLE `product_attribute` ENABLE KEYS */;
UNLOCK TABLES;

--
-- Table structure for table `product_description`
--

DROP TABLE IF EXISTS `product_description`;
/*!40101 SET @saved_cs_client     = @@character_set_client */;
/*!40101 SET character_set_client = utf8 */;
CREATE TABLE `product_description` (
  `product_id` int(11) NOT NULL,
  `language_id` int(11) NOT NULL,
  `name` varchar(255) NOT NULL,
  `description` text NOT NULL,
  `short_descr` text NOT NULL,
  `meta_description` varchar(255) NOT NULL,
  `meta_keyword` varchar(255) NOT NULL,
  `seo_title` varchar(255) NOT NULL,
  `seo_h1` varchar(255) NOT NULL,
  `tag` text NOT NULL,
  PRIMARY KEY (`product_id`,`language_id`),
  KEY `name` (`name`)
) ENGINE=MyISAM DEFAULT CHARSET=utf8;
/*!40101 SET character_set_client = @saved_cs_client */;

--
-- Dumping data for table `product_description`
--

LOCK TABLES `product_description` WRITE;
/*!40000 ALTER TABLE `product_description` DISABLE KEYS */;
INSERT INTO `product_description` VALUES (40,1,'No 1','&lt;p&gt;\r\n	Классика в её лучшем исполнении. 25 красных роз с бархатистыми лепестками и чарующим ароматом.&lt;/p&gt;\r\n','Классика в её лучшем исполнении. 25 красных роз с бархатистыми лепестками и чарующим ароматом.','','','','',''),(47,1,'No 5','&lt;p&gt;\r\n	Сотня маленьких солнышек для ярких особ.&amp;nbsp;&lt;/p&gt;\r\n','Сотня маленьких солнышек для ярких особ. ','','','','',''),(67,1,'No 7','&lt;p&gt;\r\n	Алые искры, собранные в букет.&amp;nbsp;&lt;/p&gt;\r\n','Алые искры, собранные в букет. ','','','','',''),(41,1,'No 2','&lt;div&gt;\r\n	Классика в её лучшем исполнении. 25 красных роз с бархатистыми лепестками и чарующим ароматом.&lt;/div&gt;\r\n','Классика в её лучшем исполнении. 25 красных роз с бархатистыми лепестками и чарующим ароматом.','','','','',''),(42,1,'No 8','&lt;p&gt;\r\n	Классика в её лучшем исполнении. 25 красных роз с бархатистыми лепестками и чарующим ароматом.&lt;/p&gt;\r\n','Классика в её лучшем исполнении. 25 красных роз с бархатистыми лепестками и чарующим ароматом.','','','','',''),(30,1,'No 6','&lt;p&gt;\r\n	Классика в её лучшем исполнении. 25 красных роз с бархатистыми лепестками и чарующим ароматом.&lt;/p&gt;\r\n','Классика в её лучшем исполнении. 25 красных роз с бархатистыми лепестками и чарующим ароматом.','','','','',''),(65,1,'No 9','&lt;p&gt;\r\n	Классика в её лучшем исполнении. 25 красных роз с бархатистыми лепестками и чарующим ароматом.&lt;/p&gt;\r\n','Классика в её лучшем исполнении. 25 красных роз с бархатистыми лепестками и чарующим ароматом.','','','','',''),(28,1,'No 4','&lt;p&gt;\r\n	Пушистый букет из миниатюрных роз цвета персикового крема.&lt;/p&gt;\r\n&lt;p&gt;\r\n	Кустовая роза с большим количеством мелких бутонов на ветке. Отличается особой стойкостью и производимым эффектом умиления.&amp;nbsp;&lt;/p&gt;\r\n','Пушистый букет из миниатюрных роз цвета персикового крема.','','','','',''),(64,1,'No 3','&lt;p&gt;\r\n	Букет из роз цвета взбитых сливок с капелькой розового сиропа.&lt;/p&gt;\r\n&lt;p&gt;\r\n	Кремовые, розовато-бежевые крупные бутоны, изящно раскрываются в шикарные объемные розы.&lt;/p&gt;\r\n&lt;p&gt;\r\n	&amp;nbsp;&lt;/p&gt;\r\n','Букет из роз цвета взбитых сливок с капелькой розового сиропа. ','','','','',''),(68,1,'No 10','&lt;p&gt;\r\n	пионовое облако&lt;/p&gt;\r\n','','','','','',''),(69,1,'No 11','&lt;p&gt;\r\n	Нежные, как ванильные облака, пионовидные розы Анжей Романтик. Утонченные и благородные, благоухающие элегантной сладостью.&lt;/p&gt;\r\n&lt;p&gt;\r\n	Цветок, достойный бесконечного признания в любви!&lt;/p&gt;\r\n&lt;p&gt;\r\n	&lt;span style=&quot;font-family: arial, helvetica, sans-serif;&quot;&gt;&lt;strong&gt;ВАЖНО:&amp;nbsp;&lt;/strong&gt;&lt;/span&gt;данный букет собирается под заказ. Пожалуйста, размещайте заказ не менее, чем за&amp;nbsp;&lt;strong&gt;3 дня&lt;/strong&gt;&amp;nbsp;до доставки. &amp;nbsp;&amp;nbsp;&lt;/p&gt;\r\n','Нежные, как ванильные облака, пионовидные розы Анжей Романтик.','','','','',''),(70,1,'No 12','','яркие пионовидные кустовые','','','','',''),(72,1,'Спец.3','&lt;p&gt;\r\n	Классика в её лучшем исполнении. 25 красных роз с бархатистыми лепестками и чарующим ароматом.&lt;/p&gt;\r\n','Классика в её лучшем исполнении. 25 красных роз с бархатистыми лепестками и чарующим ароматом.','','','','',''),(73,1,'Спец.2','&lt;p&gt;\r\n	Классика в её лучшем исполнении. 25 красных роз с бархатистыми лепестками и чарующим ароматом.&lt;/p&gt;\r\n','Классика в её лучшем исполнении. 25 красных роз с бархатистыми лепестками и чарующим ароматом.','','','','',''),(71,1,'Спец.1','&lt;p&gt;\r\n	Алые искры, собранные в букет.&amp;nbsp;&lt;/p&gt;\r\n','Алые искры, собранные в букет. ','','','','',''),(74,1,'No1','&lt;p&gt;\r\n	букет в ульяновске&lt;/p&gt;\r\n','','','','','',''),(75,1,'No1','&lt;p&gt;\r\n	букет в казани&lt;/p&gt;\r\n','','','','','',''),(76,1,'No 9','&lt;p&gt;\r\n	Классика в её лучшем исполнении. 25 красных роз с бархатистыми лепестками и чарующим ароматом.&lt;/p&gt;\r\n','Классика в её лучшем исполнении. 25 красных роз с бархатистыми лепестками и чарующим ароматом.','','','','','');
/*!40000 ALTER TABLE `product_description` ENABLE KEYS */;
UNLOCK TABLES;

--
-- Table structure for table `product_discount`
--

DROP TABLE IF EXISTS `product_discount`;
/*!40101 SET @saved_cs_client     = @@character_set_client */;
/*!40101 SET character_set_client = utf8 */;
CREATE TABLE `product_discount` (
  `product_discount_id` int(11) NOT NULL AUTO_INCREMENT,
  `product_id` int(11) NOT NULL,
  `customer_group_id` int(11) NOT NULL,
  `quantity` int(4) NOT NULL DEFAULT '0',
  `priority` int(5) NOT NULL DEFAULT '1',
  `price` decimal(15,4) NOT NULL DEFAULT '0.0000',
  `date_start` date NOT NULL DEFAULT '0000-00-00',
  `date_end` date NOT NULL DEFAULT '0000-00-00',
  PRIMARY KEY (`product_discount_id`),
  KEY `product_id` (`product_id`)
) ENGINE=MyISAM AUTO_INCREMENT=528 DEFAULT CHARSET=utf8;
/*!40101 SET character_set_client = @saved_cs_client */;

--
-- Dumping data for table `product_discount`
--

LOCK TABLES `product_discount` WRITE;
/*!40000 ALTER TABLE `product_discount` DISABLE KEYS */;
INSERT INTO `product_discount` VALUES (527,71,1,30,1,'66.0000','0000-00-00','0000-00-00'),(526,71,1,20,1,'77.0000','0000-00-00','0000-00-00'),(525,71,1,10,1,'88.0000','0000-00-00','0000-00-00');
/*!40000 ALTER TABLE `product_discount` ENABLE KEYS */;
UNLOCK TABLES;

--
-- Table structure for table `product_filter`
--

DROP TABLE IF EXISTS `product_filter`;
/*!40101 SET @saved_cs_client     = @@character_set_client */;
/*!40101 SET character_set_client = utf8 */;
CREATE TABLE `product_filter` (
  `product_id` int(11) NOT NULL,
  `filter_id` int(11) NOT NULL,
  PRIMARY KEY (`product_id`,`filter_id`)
) ENGINE=MyISAM DEFAULT CHARSET=utf8;
/*!40101 SET character_set_client = @saved_cs_client */;

--
-- Dumping data for table `product_filter`
--

LOCK TABLES `product_filter` WRITE;
/*!40000 ALTER TABLE `product_filter` DISABLE KEYS */;
/*!40000 ALTER TABLE `product_filter` ENABLE KEYS */;
UNLOCK TABLES;

--
-- Table structure for table `product_image`
--

DROP TABLE IF EXISTS `product_image`;
/*!40101 SET @saved_cs_client     = @@character_set_client */;
/*!40101 SET character_set_client = utf8 */;
CREATE TABLE `product_image` (
  `product_image_id` int(11) NOT NULL AUTO_INCREMENT,
  `product_id` int(11) NOT NULL,
  `image` varchar(255) DEFAULT NULL,
  `sort_order` int(3) NOT NULL DEFAULT '0',
  PRIMARY KEY (`product_image_id`)
) ENGINE=MyISAM AUTO_INCREMENT=75 DEFAULT CHARSET=utf8;
/*!40101 SET character_set_client = @saved_cs_client */;

--
-- Dumping data for table `product_image`
--

LOCK TABLES `product_image` WRITE;
/*!40000 ALTER TABLE `product_image` DISABLE KEYS */;
INSERT INTO `product_image` VALUES (29,65,'data/Big_Bear_Valley,_California.jpg',0),(50,41,'no_image.jpg',0),(71,40,'data/a-11.jpg',0),(64,73,'data/Big_Bear_Valley,_California.jpg',0),(72,40,'data/1.png',0),(74,76,'data/Big_Bear_Valley,_California.jpg',0);
/*!40000 ALTER TABLE `product_image` ENABLE KEYS */;
UNLOCK TABLES;

--
-- Table structure for table `product_option`
--

DROP TABLE IF EXISTS `product_option`;
/*!40101 SET @saved_cs_client     = @@character_set_client */;
/*!40101 SET character_set_client = utf8 */;
CREATE TABLE `product_option` (
  `product_option_id` int(11) NOT NULL AUTO_INCREMENT,
  `product_id` int(11) NOT NULL,
  `option_id` int(11) NOT NULL,
  `option_value` text NOT NULL,
  `required` tinyint(1) NOT NULL,
  PRIMARY KEY (`product_option_id`)
) ENGINE=MyISAM AUTO_INCREMENT=10 DEFAULT CHARSET=utf8;
/*!40101 SET character_set_client = @saved_cs_client */;

--
-- Dumping data for table `product_option`
--

LOCK TABLES `product_option` WRITE;
/*!40000 ALTER TABLE `product_option` DISABLE KEYS */;
/*!40000 ALTER TABLE `product_option` ENABLE KEYS */;
UNLOCK TABLES;

--
-- Table structure for table `product_option_value`
--

DROP TABLE IF EXISTS `product_option_value`;
/*!40101 SET @saved_cs_client     = @@character_set_client */;
/*!40101 SET character_set_client = utf8 */;
CREATE TABLE `product_option_value` (
  `product_option_value_id` int(11) NOT NULL AUTO_INCREMENT,
  `product_option_id` int(11) NOT NULL,
  `product_id` int(11) NOT NULL,
  `option_id` int(11) NOT NULL,
  `option_value_id` int(11) NOT NULL,
  `quantity` int(3) NOT NULL,
  `subtract` tinyint(1) NOT NULL,
  `price` decimal(15,4) NOT NULL,
  `price_prefix` varchar(1) NOT NULL,
  `points` int(8) NOT NULL,
  `points_prefix` varchar(1) NOT NULL,
  `weight` decimal(15,8) NOT NULL,
  `weight_prefix` varchar(1) NOT NULL,
  PRIMARY KEY (`product_option_value_id`)
) ENGINE=MyISAM AUTO_INCREMENT=3 DEFAULT CHARSET=utf8;
/*!40101 SET character_set_client = @saved_cs_client */;

--
-- Dumping data for table `product_option_value`
--

LOCK TABLES `product_option_value` WRITE;
/*!40000 ALTER TABLE `product_option_value` DISABLE KEYS */;
/*!40000 ALTER TABLE `product_option_value` ENABLE KEYS */;
UNLOCK TABLES;

--
-- Table structure for table `product_related`
--

DROP TABLE IF EXISTS `product_related`;
/*!40101 SET @saved_cs_client     = @@character_set_client */;
/*!40101 SET character_set_client = utf8 */;
CREATE TABLE `product_related` (
  `product_id` int(11) NOT NULL,
  `related_id` int(11) NOT NULL,
  PRIMARY KEY (`product_id`,`related_id`)
) ENGINE=MyISAM DEFAULT CHARSET=utf8;
/*!40101 SET character_set_client = @saved_cs_client */;

--
-- Dumping data for table `product_related`
--

LOCK TABLES `product_related` WRITE;
/*!40000 ALTER TABLE `product_related` DISABLE KEYS */;
INSERT INTO `product_related` VALUES (40,42),(40,65),(40,67),(40,71),(40,72),(40,73),(40,76),(42,40),(65,40),(67,40),(71,40),(72,40),(73,40),(76,40);
/*!40000 ALTER TABLE `product_related` ENABLE KEYS */;
UNLOCK TABLES;

--
-- Table structure for table `product_reward`
--

DROP TABLE IF EXISTS `product_reward`;
/*!40101 SET @saved_cs_client     = @@character_set_client */;
/*!40101 SET character_set_client = utf8 */;
CREATE TABLE `product_reward` (
  `product_reward_id` int(11) NOT NULL AUTO_INCREMENT,
  `product_id` int(11) NOT NULL DEFAULT '0',
  `customer_group_id` int(11) NOT NULL DEFAULT '0',
  `points` int(8) NOT NULL DEFAULT '0',
  PRIMARY KEY (`product_reward_id`)
) ENGINE=MyISAM AUTO_INCREMENT=696 DEFAULT CHARSET=utf8;
/*!40101 SET character_set_client = @saved_cs_client */;

--
-- Dumping data for table `product_reward`
--

LOCK TABLES `product_reward` WRITE;
/*!40000 ALTER TABLE `product_reward` DISABLE KEYS */;
INSERT INTO `product_reward` VALUES (657,42,1,0),(653,47,1,300),(687,28,1,0),(658,65,1,0),(689,40,1,0),(654,30,1,200),(685,67,1,0),(668,41,1,0),(686,64,1,0),(669,68,1,0),(648,69,1,0),(649,70,1,0),(683,71,1,0),(679,72,1,0),(678,73,1,0),(690,74,1,0),(694,75,1,0),(695,76,1,0);
/*!40000 ALTER TABLE `product_reward` ENABLE KEYS */;
UNLOCK TABLES;

--
-- Table structure for table `product_special`
--

DROP TABLE IF EXISTS `product_special`;
/*!40101 SET @saved_cs_client     = @@character_set_client */;
/*!40101 SET character_set_client = utf8 */;
CREATE TABLE `product_special` (
  `product_special_id` int(11) NOT NULL AUTO_INCREMENT,
  `product_id` int(11) NOT NULL,
  `customer_group_id` int(11) NOT NULL,
  `priority` int(5) NOT NULL DEFAULT '1',
  `price` decimal(15,4) NOT NULL DEFAULT '0.0000',
  `date_start` date NOT NULL DEFAULT '0000-00-00',
  `date_end` date NOT NULL DEFAULT '0000-00-00',
  PRIMARY KEY (`product_special_id`),
  KEY `product_id` (`product_id`)
) ENGINE=MyISAM AUTO_INCREMENT=483 DEFAULT CHARSET=utf8;
/*!40101 SET character_set_client = @saved_cs_client */;

--
-- Dumping data for table `product_special`
--

LOCK TABLES `product_special` WRITE;
/*!40000 ALTER TABLE `product_special` DISABLE KEYS */;
/*!40000 ALTER TABLE `product_special` ENABLE KEYS */;
UNLOCK TABLES;

--
-- Table structure for table `product_to_category`
--

DROP TABLE IF EXISTS `product_to_category`;
/*!40101 SET @saved_cs_client     = @@character_set_client */;
/*!40101 SET character_set_client = utf8 */;
CREATE TABLE `product_to_category` (
  `product_id` int(11) NOT NULL,
  `category_id` int(11) NOT NULL,
  `main_category` tinyint(1) NOT NULL DEFAULT '0',
  PRIMARY KEY (`product_id`,`category_id`)
) ENGINE=MyISAM DEFAULT CHARSET=utf8;
/*!40101 SET character_set_client = @saved_cs_client */;

--
-- Dumping data for table `product_to_category`
--

LOCK TABLES `product_to_category` WRITE;
/*!40000 ALTER TABLE `product_to_category` DISABLE KEYS */;
INSERT INTO `product_to_category` VALUES (67,59,1),(41,59,1),(64,59,1),(28,59,1),(47,59,1),(30,59,1),(65,59,1),(42,59,1),(40,59,1),(68,59,1),(69,59,1),(70,59,1),(71,59,1),(72,59,1),(73,59,1),(74,59,1),(75,59,1),(76,59,1);
/*!40000 ALTER TABLE `product_to_category` ENABLE KEYS */;
UNLOCK TABLES;

--
-- Table structure for table `product_to_download`
--

DROP TABLE IF EXISTS `product_to_download`;
/*!40101 SET @saved_cs_client     = @@character_set_client */;
/*!40101 SET character_set_client = utf8 */;
CREATE TABLE `product_to_download` (
  `product_id` int(11) NOT NULL,
  `download_id` int(11) NOT NULL,
  PRIMARY KEY (`product_id`,`download_id`)
) ENGINE=MyISAM DEFAULT CHARSET=utf8;
/*!40101 SET character_set_client = @saved_cs_client */;

--
-- Dumping data for table `product_to_download`
--

LOCK TABLES `product_to_download` WRITE;
/*!40000 ALTER TABLE `product_to_download` DISABLE KEYS */;
/*!40000 ALTER TABLE `product_to_download` ENABLE KEYS */;
UNLOCK TABLES;

--
-- Table structure for table `product_to_layout`
--

DROP TABLE IF EXISTS `product_to_layout`;
/*!40101 SET @saved_cs_client     = @@character_set_client */;
/*!40101 SET character_set_client = utf8 */;
CREATE TABLE `product_to_layout` (
  `product_id` int(11) NOT NULL,
  `store_id` int(11) NOT NULL,
  `layout_id` int(11) NOT NULL,
  PRIMARY KEY (`product_id`,`store_id`)
) ENGINE=MyISAM DEFAULT CHARSET=utf8;
/*!40101 SET character_set_client = @saved_cs_client */;

--
-- Dumping data for table `product_to_layout`
--

LOCK TABLES `product_to_layout` WRITE;
/*!40000 ALTER TABLE `product_to_layout` DISABLE KEYS */;
/*!40000 ALTER TABLE `product_to_layout` ENABLE KEYS */;
UNLOCK TABLES;

--
-- Table structure for table `product_to_store`
--

DROP TABLE IF EXISTS `product_to_store`;
/*!40101 SET @saved_cs_client     = @@character_set_client */;
/*!40101 SET character_set_client = utf8 */;
CREATE TABLE `product_to_store` (
  `product_id` int(11) NOT NULL,
  `store_id` int(11) NOT NULL DEFAULT '0',
  PRIMARY KEY (`product_id`,`store_id`)
) ENGINE=MyISAM DEFAULT CHARSET=utf8;
/*!40101 SET character_set_client = @saved_cs_client */;

--
-- Dumping data for table `product_to_store`
--

LOCK TABLES `product_to_store` WRITE;
/*!40000 ALTER TABLE `product_to_store` DISABLE KEYS */;
INSERT INTO `product_to_store` VALUES (28,0),(30,0),(40,0),(40,1),(41,0),(42,0),(47,0),(64,0),(65,0),(67,0),(68,0),(69,0),(70,0),(71,0),(72,0),(73,0),(74,1),(75,2),(76,2);
/*!40000 ALTER TABLE `product_to_store` ENABLE KEYS */;
UNLOCK TABLES;

--
-- Table structure for table `return`
--

DROP TABLE IF EXISTS `return`;
/*!40101 SET @saved_cs_client     = @@character_set_client */;
/*!40101 SET character_set_client = utf8 */;
CREATE TABLE `return` (
  `return_id` int(11) NOT NULL AUTO_INCREMENT,
  `order_id` int(11) NOT NULL,
  `product_id` int(11) NOT NULL,
  `customer_id` int(11) NOT NULL,
  `firstname` varchar(32) NOT NULL,
  `lastname` varchar(32) NOT NULL,
  `email` varchar(96) NOT NULL,
  `telephone` varchar(32) NOT NULL,
  `product` varchar(255) NOT NULL,
  `model` varchar(64) NOT NULL,
  `quantity` int(4) NOT NULL,
  `opened` tinyint(1) NOT NULL,
  `return_reason_id` int(11) NOT NULL,
  `return_action_id` int(11) NOT NULL,
  `return_status_id` int(11) NOT NULL,
  `comment` text,
  `date_ordered` date NOT NULL,
  `date_added` datetime NOT NULL,
  `date_modified` datetime NOT NULL,
  PRIMARY KEY (`return_id`)
) ENGINE=MyISAM DEFAULT CHARSET=utf8;
/*!40101 SET character_set_client = @saved_cs_client */;

--
-- Dumping data for table `return`
--

LOCK TABLES `return` WRITE;
/*!40000 ALTER TABLE `return` DISABLE KEYS */;
/*!40000 ALTER TABLE `return` ENABLE KEYS */;
UNLOCK TABLES;

--
-- Table structure for table `return_action`
--

DROP TABLE IF EXISTS `return_action`;
/*!40101 SET @saved_cs_client     = @@character_set_client */;
/*!40101 SET character_set_client = utf8 */;
CREATE TABLE `return_action` (
  `return_action_id` int(11) NOT NULL AUTO_INCREMENT,
  `language_id` int(11) NOT NULL DEFAULT '0',
  `name` varchar(64) NOT NULL,
  PRIMARY KEY (`return_action_id`,`language_id`)
) ENGINE=MyISAM AUTO_INCREMENT=4 DEFAULT CHARSET=utf8;
/*!40101 SET character_set_client = @saved_cs_client */;

--
-- Dumping data for table `return_action`
--

LOCK TABLES `return_action` WRITE;
/*!40000 ALTER TABLE `return_action` DISABLE KEYS */;
INSERT INTO `return_action` VALUES (1,1,'Возвращены средства'),(2,1,'Выдан в кредит'),(3,1,'Отправлена замена (отправлен другой товар для замены)');
/*!40000 ALTER TABLE `return_action` ENABLE KEYS */;
UNLOCK TABLES;

--
-- Table structure for table `return_history`
--

DROP TABLE IF EXISTS `return_history`;
/*!40101 SET @saved_cs_client     = @@character_set_client */;
/*!40101 SET character_set_client = utf8 */;
CREATE TABLE `return_history` (
  `return_history_id` int(11) NOT NULL AUTO_INCREMENT,
  `return_id` int(11) NOT NULL,
  `return_status_id` int(11) NOT NULL,
  `notify` tinyint(1) NOT NULL,
  `comment` text NOT NULL,
  `date_added` datetime NOT NULL,
  PRIMARY KEY (`return_history_id`)
) ENGINE=MyISAM DEFAULT CHARSET=utf8;
/*!40101 SET character_set_client = @saved_cs_client */;

--
-- Dumping data for table `return_history`
--

LOCK TABLES `return_history` WRITE;
/*!40000 ALTER TABLE `return_history` DISABLE KEYS */;
/*!40000 ALTER TABLE `return_history` ENABLE KEYS */;
UNLOCK TABLES;

--
-- Table structure for table `return_reason`
--

DROP TABLE IF EXISTS `return_reason`;
/*!40101 SET @saved_cs_client     = @@character_set_client */;
/*!40101 SET character_set_client = utf8 */;
CREATE TABLE `return_reason` (
  `return_reason_id` int(11) NOT NULL AUTO_INCREMENT,
  `language_id` int(11) NOT NULL DEFAULT '0',
  `name` varchar(128) NOT NULL,
  PRIMARY KEY (`return_reason_id`,`language_id`)
) ENGINE=MyISAM AUTO_INCREMENT=6 DEFAULT CHARSET=utf8;
/*!40101 SET character_set_client = @saved_cs_client */;

--
-- Dumping data for table `return_reason`
--

LOCK TABLES `return_reason` WRITE;
/*!40000 ALTER TABLE `return_reason` DISABLE KEYS */;
INSERT INTO `return_reason` VALUES (1,1,'Получен/доставлен неисправным (сломанным)'),(2,1,'Получен не тот (ошибочный) товар'),(4,1,'Ошибочный, пожалуйста укажите/приложите подробности'),(5,1,'Другое (другая причина), пожалуйста укажите/приложите подробности');
/*!40000 ALTER TABLE `return_reason` ENABLE KEYS */;
UNLOCK TABLES;

--
-- Table structure for table `return_status`
--

DROP TABLE IF EXISTS `return_status`;
/*!40101 SET @saved_cs_client     = @@character_set_client */;
/*!40101 SET character_set_client = utf8 */;
CREATE TABLE `return_status` (
  `return_status_id` int(11) NOT NULL AUTO_INCREMENT,
  `language_id` int(11) NOT NULL DEFAULT '0',
  `name` varchar(32) NOT NULL,
  PRIMARY KEY (`return_status_id`,`language_id`)
) ENGINE=MyISAM AUTO_INCREMENT=4 DEFAULT CHARSET=utf8;
/*!40101 SET character_set_client = @saved_cs_client */;

--
-- Dumping data for table `return_status`
--

LOCK TABLES `return_status` WRITE;
/*!40000 ALTER TABLE `return_status` DISABLE KEYS */;
INSERT INTO `return_status` VALUES (1,1,'Рассматриваемый / находящийся в '),(3,1,'Готов (к отправке) / или Заверше'),(2,1,'Заказ \"висит\" в ожидании поступл');
/*!40000 ALTER TABLE `return_status` ENABLE KEYS */;
UNLOCK TABLES;

--
-- Table structure for table `review`
--

DROP TABLE IF EXISTS `review`;
/*!40101 SET @saved_cs_client     = @@character_set_client */;
/*!40101 SET character_set_client = utf8 */;
CREATE TABLE `review` (
  `review_id` int(11) NOT NULL AUTO_INCREMENT,
  `product_id` int(11) NOT NULL,
  `customer_id` int(11) NOT NULL,
  `author` varchar(64) NOT NULL,
  `text` text NOT NULL,
  `rating` int(1) NOT NULL,
  `status` tinyint(1) NOT NULL DEFAULT '0',
  `date_added` datetime NOT NULL DEFAULT '0000-00-00 00:00:00',
  `date_modified` datetime NOT NULL DEFAULT '0000-00-00 00:00:00',
  PRIMARY KEY (`review_id`),
  KEY `product_id` (`product_id`)
) ENGINE=MyISAM DEFAULT CHARSET=utf8;
/*!40101 SET character_set_client = @saved_cs_client */;

--
-- Dumping data for table `review`
--

LOCK TABLES `review` WRITE;
/*!40000 ALTER TABLE `review` DISABLE KEYS */;
/*!40000 ALTER TABLE `review` ENABLE KEYS */;
UNLOCK TABLES;

--
-- Table structure for table `setting`
--

DROP TABLE IF EXISTS `setting`;
/*!40101 SET @saved_cs_client     = @@character_set_client */;
/*!40101 SET character_set_client = utf8 */;
CREATE TABLE `setting` (
  `setting_id` int(11) NOT NULL AUTO_INCREMENT,
  `store_id` int(11) NOT NULL DEFAULT '0',
  `group` varchar(32) NOT NULL,
  `key` varchar(64) NOT NULL,
  `value` text NOT NULL,
  `serialized` tinyint(1) NOT NULL,
  PRIMARY KEY (`setting_id`)
) ENGINE=MyISAM AUTO_INCREMENT=5740 DEFAULT CHARSET=utf8;
/*!40101 SET character_set_client = @saved_cs_client */;

--
-- Dumping data for table `setting`
--

LOCK TABLES `setting` WRITE;
/*!40000 ALTER TABLE `setting` DISABLE KEYS */;
INSERT INTO `setting` VALUES (1,0,'shipping','shipping_sort_order','3',0),(2,0,'sub_total','sub_total_sort_order','1',0),(3,0,'sub_total','sub_total_status','1',0),(4,0,'tax','tax_status','1',0),(5,0,'total','total_sort_order','9',0),(6,0,'total','total_status','1',0),(7,0,'tax','tax_sort_order','5',0),(8,0,'free_checkout','free_checkout_sort_order','1',0),(4468,0,'cod','cod_status','1',0),(4467,0,'cod','cod_geo_zone_id','0',0),(14,0,'shipping','shipping_status','1',0),(15,0,'shipping','shipping_estimator','1',0),(2471,0,'onecheckout','onecheckout_status','1',0),(2470,0,'onecheckout','onecheckout_check_deliveryaddress','0',0),(4469,0,'cod','cod_sort_order','5',0),(27,0,'coupon','coupon_sort_order','4',0),(28,0,'coupon','coupon_status','1',0),(2964,0,'flat','flat_sort_order','1',0),(2963,0,'flat','flat_status','0',0),(2962,0,'flat','flat_geo_zone_id','0',0),(2961,0,'flat','flat_tax_class_id','0',0),(1946,0,'free','free_sort_order','',0),(5728,0,'liqpay','liqpay_order_status_id','2',0),(5727,0,'liqpay','liqpay_total','0',0),(5726,0,'liqpay','liqpay_type','card',0),(2960,0,'flat','flat_cost','500.00',0),(42,0,'credit','credit_sort_order','7',0),(43,0,'credit','credit_status','1',0),(53,0,'reward','reward_sort_order','2',0),(54,0,'reward','reward_status','1',0),(5231,0,'pickup','pickup_geo_zone_id','0',0),(5232,0,'pickup','pickup_status','1',0),(5233,0,'pickup','pickup_sort_order','10',0),(1943,0,'free','free_total','',0),(1944,0,'free','free_geo_zone_id','0',0),(1945,0,'free','free_status','1',0),(5226,0,'config','config_sms_gate_password','',0),(5225,0,'config','config_sms_gate_username','',0),(5223,0,'config','config_sms_copy','',0),(5224,0,'config','config_sms_message','',0),(5222,0,'config','config_sms_to','',0),(5221,0,'config','config_sms_from','',0),(5220,0,'config','config_sms_gatename','testsms',0),(5219,0,'config','config_sms_alert','0',0),(5210,0,'config','config_maintenance','0',0),(5211,0,'config','config_password','1',0),(5212,0,'config','config_encryption','9063af21e0041a8e73077b523709e33a',0),(5213,0,'config','config_compression','0',0),(5214,0,'config','config_error_display','1',0),(5215,0,'config','config_error_log','1',0),(5216,0,'config','config_error_filename','my_mego_log.log',0),(5217,0,'config','config_google_analytics','',0),(5218,0,'config','config_google_api_key','',0),(93,0,'voucher','voucher_sort_order','8',0),(94,0,'voucher','voucher_status','1',0),(102,0,'free_checkout','free_checkout_status','1',0),(103,0,'free_checkout','free_checkout_order_status_id','1',0),(5204,0,'config','config_seo_url','0',0),(5205,0,'config','config_seo_url_type','seo_url',0),(5206,0,'config','config_seo_url_include_path','0',0),(5207,0,'config','config_seo_url_postfix','',0),(5208,0,'config','config_file_extension_allowed','txt\r\npng\r\njpe\r\njpeg\r\njpg\r\ngif\r\nbmp\r\nico\r\ntiff\r\ntif\r\nsvg\r\nsvgz\r\nzip\r\nrar\r\nmsi\r\ncab\r\nmp3\r\nqt\r\nmov\r\npdf\r\npsd\r\nai\r\neps\r\nps\r\ndoc\r\nrtf\r\nxls\r\nppt\r\nodt\r\nods',0),(5209,0,'config','config_file_mime_allowed','text/plain\r\nimage/png\r\nimage/jpeg\r\nimage/jpeg\r\nimage/jpeg\r\nimage/gif\r\nimage/bmp\r\nimage/vnd.microsoft.icon\r\nimage/tiff\r\nimage/tiff\r\nimage/svg+xml\r\nimage/svg+xml\r\napplication/zip\r\napplication/x-rar-compressed\r\napplication/x-msdownload\r\napplication/vnd.ms-cab-compressed\r\naudio/mpeg\r\nvideo/quicktime\r\nvideo/quicktime\r\napplication/pdf\r\nimage/vnd.adobe.photoshop\r\napplication/postscript\r\napplication/postscript\r\napplication/postscript\r\napplication/msword\r\napplication/rtf\r\napplication/vnd.ms-excel\r\napplication/vnd.ms-powerpoint\r\napplication/vnd.oasis.opendocument.text\r\napplication/vnd.oasis.opendocument.spreadsheet',0),(5203,0,'config','config_robots','abot\r\ndbot\r\nebot\r\nhbot\r\nkbot\r\nlbot\r\nmbot\r\nnbot\r\nobot\r\npbot\r\nrbot\r\nsbot\r\ntbot\r\nvbot\r\nybot\r\nzbot\r\nbot.\r\nbot/\r\n_bot\r\n.bot\r\n/bot\r\n-bot\r\n:bot\r\n(bot\r\ncrawl\r\nslurp\r\nspider\r\nseek\r\naccoona\r\nacoon\r\nadressendeutschland\r\nah-ha.com\r\nahoy\r\naltavista\r\nananzi\r\nanthill\r\nappie\r\narachnophilia\r\narale\r\naraneo\r\naranha\r\narchitext\r\naretha\r\narks\r\nasterias\r\natlocal\r\natn\r\natomz\r\naugurfind\r\nbackrub\r\nbannana_bot\r\nbaypup\r\nbdfetch\r\nbig brother\r\nbiglotron\r\nbjaaland\r\nblackwidow\r\nblaiz\r\nblog\r\nblo.\r\nbloodhound\r\nboitho\r\nbooch\r\nbradley\r\nbutterfly\r\ncalif\r\ncassandra\r\nccubee\r\ncfetch\r\ncharlotte\r\nchurl\r\ncienciaficcion\r\ncmc\r\ncollective\r\ncomagent\r\ncombine\r\ncomputingsite\r\ncsci\r\ncurl\r\ncusco\r\ndaumoa\r\ndeepindex\r\ndelorie\r\ndepspid\r\ndeweb\r\ndie blinde kuh\r\ndigger\r\nditto\r\ndmoz\r\ndocomo\r\ndownload express\r\ndtaagent\r\ndwcp\r\nebiness\r\nebingbong\r\ne-collector\r\nejupiter\r\nemacs-w3 search engine\r\nesther\r\nevliya celebi\r\nezresult\r\nfalcon\r\nfelix ide\r\nferret\r\nfetchrover\r\nfido\r\nfindlinks\r\nfireball\r\nfish search\r\nfouineur\r\nfunnelweb\r\ngazz\r\ngcreep\r\ngenieknows\r\ngetterroboplus\r\ngeturl\r\nglx\r\ngoforit\r\ngolem\r\ngrabber\r\ngrapnel\r\ngralon\r\ngriffon\r\ngromit\r\ngrub\r\ngulliver\r\nhamahakki\r\nharvest\r\nhavindex\r\nhelix\r\nheritrix\r\nhku www octopus\r\nhomerweb\r\nhtdig\r\nhtml index\r\nhtml_analyzer\r\nhtmlgobble\r\nhubater\r\nhyper-decontextualizer\r\nia_archiver\r\nibm_planetwide\r\nichiro\r\niconsurf\r\niltrovatore\r\nimage.kapsi.net\r\nimagelock\r\nincywincy\r\nindexer\r\ninfobee\r\ninformant\r\ningrid\r\ninktomisearch.com\r\ninspector web\r\nintelliagent\r\ninternet shinchakubin\r\nip3000\r\niron33\r\nisraeli-search\r\nivia\r\njack\r\njakarta\r\njavabee\r\njetbot\r\njumpstation\r\nkatipo\r\nkdd-explorer\r\nkilroy\r\nknowledge\r\nkototoi\r\nkretrieve\r\nlabelgrabber\r\nlachesis\r\nlarbin\r\nlegs\r\nlibwww\r\nlinkalarm\r\nlink validator\r\nlinkscan\r\nlockon\r\nlwp\r\nlycos\r\nmagpie\r\nmantraagent\r\nmapoftheinternet\r\nmarvin/\r\nmattie\r\nmediafox\r\nmediapartners\r\nmercator\r\nmerzscope\r\nmicrosoft url control\r\nminirank\r\nmiva\r\nmj12\r\nmnogosearch\r\nmoget\r\nmonster\r\nmoose\r\nmotor\r\nmultitext\r\nmuncher\r\nmuscatferret\r\nmwd.search\r\nmyweb\r\nnajdi\r\nnameprotect\r\nnationaldirectory\r\nnazilla\r\nncsa beta\r\nnec-meshexplorer\r\nnederland.zoek\r\nnetcarta webmap engine\r\nnetmechanic\r\nnetresearchserver\r\nnetscoop\r\nnewscan-online\r\nnhse\r\nnokia6682/\r\nnomad\r\nnoyona\r\nnutch\r\nnzexplorer\r\nobjectssearch\r\noccam\r\nomni\r\nopen text\r\nopenfind\r\nopenintelligencedata\r\norb search\r\nosis-project\r\npack rat\r\npageboy\r\npagebull\r\npage_verifier\r\npanscient\r\nparasite\r\npartnersite\r\npatric\r\npear.\r\npegasus\r\nperegrinator\r\npgp key agent\r\nphantom\r\nphpdig\r\npicosearch\r\npiltdownman\r\npimptrain\r\npinpoint\r\npioneer\r\npiranha\r\nplumtreewebaccessor\r\npogodak\r\npoirot\r\npompos\r\npoppelsdorf\r\npoppi\r\npopular iconoclast\r\npsycheclone\r\npublisher\r\npython\r\nrambler\r\nraven search\r\nroach\r\nroad runner\r\nroadhouse\r\nrobbie\r\nrobofox\r\nrobozilla\r\nrules\r\nsalty\r\nsbider\r\nscooter\r\nscoutjet\r\nscrubby\r\nsearch.\r\nsearchprocess\r\nsemanticdiscovery\r\nsenrigan\r\nsg-scout\r\nshai\'hulud\r\nshark\r\nshopwiki\r\nsidewinder\r\nsift\r\nsilk\r\nsimmany\r\nsite searcher\r\nsite valet\r\nsitetech-rover\r\nskymob.com\r\nsleek\r\nsmartwit\r\nsna-\r\nsnappy\r\nsnooper\r\nsohu\r\nspeedfind\r\nsphere\r\nsphider\r\nspinner\r\nspyder\r\nsteeler/\r\nsuke\r\nsuntek\r\nsupersnooper\r\nsurfnomore\r\nsven\r\nsygol\r\nszukacz\r\ntach black widow\r\ntarantula\r\ntempleton\r\n/teoma\r\nt-h-u-n-d-e-r-s-t-o-n-e\r\ntheophrastus\r\ntitan\r\ntitin\r\ntkwww\r\ntoutatis\r\nt-rex\r\ntutorgig\r\ntwiceler\r\ntwisted\r\nucsd\r\nudmsearch\r\nurl check\r\nupdated\r\nvagabondo\r\nvalkyrie\r\nverticrawl\r\nvictoria\r\nvision-search\r\nvolcano\r\nvoyager/\r\nvoyager-hc\r\nw3c_validator\r\nw3m2\r\nw3mir\r\nwalker\r\nwallpaper\r\nwanderer\r\nwauuu\r\nwavefire\r\nweb core\r\nweb hopper\r\nweb wombat\r\nwebbandit\r\nwebcatcher\r\nwebcopy\r\nwebfoot\r\nweblayers\r\nweblinker\r\nweblog monitor\r\nwebmirror\r\nwebmonkey\r\nwebquest\r\nwebreaper\r\nwebsitepulse\r\nwebsnarf\r\nwebstolperer\r\nwebvac\r\nwebwalk\r\nwebwatch\r\nwebwombat\r\nwebzinger\r\nwhizbang\r\nwhowhere\r\nwild ferret\r\nworldlight\r\nwwwc\r\nwwwster\r\nxenu\r\nxget\r\nxift\r\nxirq\r\nyandex\r\nyanga\r\nyeti\r\nyodao\r\nzao\r\nzippp\r\nzyborg',0),(5202,0,'config','config_shared','0',0),(5201,0,'config','config_secure','0',0),(5200,0,'config','config_fraud_status_id','2',0),(5199,0,'config','config_fraud_score','',0),(5198,0,'config','config_fraud_key','',0),(5197,0,'config','config_fraud_detection','0',0),(5196,0,'config','config_alert_emails','',0),(5195,0,'config','config_account_mail','0',0),(5194,0,'config','config_alert_mail','0',0),(5193,0,'config','config_smtp_timeout','5',0),(5192,0,'config','config_smtp_port','25',0),(5191,0,'config','config_smtp_password','',0),(5189,0,'config','config_smtp_host','',0),(5190,0,'config','config_smtp_username','',0),(5188,0,'config','config_mail_parameter','',0),(5186,0,'config','config_ftp_status','0',0),(5187,0,'config','config_mail_protocol','mail',0),(5184,0,'config','config_ftp_password','',0),(5185,0,'config','config_ftp_root','',0),(5182,0,'config','config_ftp_port','21',0),(5183,0,'config','config_ftp_username','',0),(5181,0,'config','config_ftp_host','localhost',0),(5180,0,'config','config_image_cart_height','116',0),(5179,0,'config','config_image_cart_width','100',0),(5178,0,'config','config_image_wishlist_height','47',0),(5177,0,'config','config_image_wishlist_width','47',0),(5176,0,'config','config_image_compare_height','90',0),(5173,0,'config','config_image_related_width','80',0),(5174,0,'config','config_image_related_height','80',0),(5175,0,'config','config_image_compare_width','90',0),(5725,0,'liqpay','liqpay_signature','123-ульяновск',0),(5724,0,'liqpay','liqpay_merchant','123-ульяновск',0),(5172,0,'config','config_image_additional_height','74',0),(5171,0,'config','config_image_additional_width','74',0),(5170,0,'config','config_image_product_height','230',0),(5169,0,'config','config_image_product_width','200',0),(5168,0,'config','config_image_popup_height','500',0),(5167,0,'config','config_image_popup_width','500',0),(5166,0,'config','config_image_thumb_height','476',0),(5165,0,'config','config_image_thumb_width','430',0),(5164,0,'config','config_image_category_height','200',0),(5163,0,'config','config_image_category_width','230',0),(5162,0,'config','config_icon','data/icon.png',0),(5161,0,'config','config_logo','data/logo.png',0),(5160,0,'config','config_return_status_id','2',0),(5159,0,'config','config_return_id','0',0),(5158,0,'config','config_commission','5',0),(5157,0,'config','config_affiliate_id','4',0),(5156,0,'config','config_stock_status_id','5',0),(5154,0,'config','config_stock_warning','0',0),(2469,0,'onecheckout','onecheckout_check_newsletter','0',0),(2468,0,'onecheckout','onecheckout_refresh_payment','0',0),(2467,0,'onecheckout','onecheckout_refresh_postcode','0',0),(2466,0,'onecheckout','onecheckout_refresh_city','0',0),(2465,0,'onecheckout','onecheckout_check_register','0',0),(2464,0,'onecheckout','onecheckout_style','3',0),(5155,0,'config','config_stock_checkout','0',0),(4466,0,'cod','cod_order_status_id','2',0),(4465,0,'cod','cod_total','0',0),(5153,0,'config','config_stock_display','0',0),(5151,0,'config','config_minute_interval','60',0),(5152,0,'config','config_next_day_time','19',0),(5150,0,'config','config_end_interval','21:00',0),(5149,0,'config','config_start_interval','10:00',0),(5148,0,'config','config_complete_status_id','5',0),(5147,0,'config','config_order_status_id','2',0),(5146,0,'config','config_invoice_prefix','INV-2013-00',0),(5144,0,'config','config_checkout_id','0',0),(5145,0,'config','config_order_edit','100',0),(5141,0,'config','config_account_id','0',0),(5142,0,'config','config_cart_weight','0',0),(5143,0,'config','config_guest_checkout','1',0),(5140,0,'config','config_customer_price','0',0),(5139,0,'config','config_customer_group_display','a:1:{i:0;s:1:\"1\";}',1),(5138,0,'config','config_customer_group_id','1',0),(5137,0,'config','config_customer_online','0',0),(5136,0,'config','config_tax_customer','shipping',0),(5135,0,'config','config_tax_default','shipping',0),(5134,0,'config','config_vat','0',0),(5133,0,'config','config_tax','0',0),(5132,0,'config','config_voucher_max','1000',0),(5131,0,'config','config_voucher_min','1',0),(5130,0,'config','config_reward_points','1',0),(5129,0,'config','config_coupon_status','1',0),(5128,0,'config','config_download','0',0),(5127,0,'config','config_review_status','0',0),(5126,0,'config','config_product_count','1',0),(5125,0,'config','config_admin_limit','20',0),(5124,0,'config','config_catalog_limit','40',0),(5123,0,'config','config_weight_class_id','1',0),(5122,0,'config','config_length_class_id','1',0),(5121,0,'config','config_currency_auto','1',0),(5120,0,'config','config_currency','RUB',0),(5119,0,'config','config_admin_language','ru',0),(5116,0,'config','config_country_id','176',0),(5118,0,'config','config_language','ru',0),(5117,0,'config','config_zone_id','2761',0),(5115,0,'config','config_layout_id','4',0),(5114,0,'config','config_template','florentin',0),(5112,0,'config','config_title','florentinproject.com',0),(5113,0,'config','config_meta_description','florentinproject.com',0),(5111,0,'config','config_fax','',0),(5110,0,'config','config_promo_text','Тут скоро будут очень заманчивые пакетные предложения!!!',0),(5109,0,'config','config_cor_email','fleurs@florentinproject.com',0),(5108,0,'config','config_cor_telephone','8 (495) 000 00 00',0),(5107,0,'config','config_per_email','fleurs@florentinproject.com',0),(5106,0,'config','config_per_telephone','8 (495) 000 00 00',0),(5105,0,'config','config_telephone','8 (985) 255 02 25',0),(5104,0,'config','config_email','ilya.artamonov@b-leader.ru',0),(5103,0,'config','config_address','Адрес',0),(5102,0,'config','config_owner','florentinproject.com',0),(5101,0,'config','config_name','florentinproject.com',0),(5230,0,'slideshow','slideshow_module','a:6:{i:0;a:7:{s:9:\"banner_id\";s:1:\"7\";s:5:\"width\";s:3:\"960\";s:6:\"height\";s:3:\"438\";s:9:\"layout_id\";s:1:\"1\";s:8:\"position\";s:11:\"content_top\";s:6:\"status\";s:1:\"1\";s:10:\"sort_order\";s:0:\"\";}i:1;a:7:{s:9:\"banner_id\";s:1:\"9\";s:5:\"width\";s:3:\"960\";s:6:\"height\";s:3:\"438\";s:9:\"layout_id\";s:2:\"13\";s:8:\"position\";s:11:\"content_top\";s:6:\"status\";s:1:\"1\";s:10:\"sort_order\";s:0:\"\";}i:2;a:7:{s:9:\"banner_id\";s:2:\"12\";s:5:\"width\";s:3:\"960\";s:6:\"height\";s:3:\"438\";s:9:\"layout_id\";s:2:\"16\";s:8:\"position\";s:11:\"content_top\";s:6:\"status\";s:1:\"1\";s:10:\"sort_order\";s:0:\"\";}i:3;a:7:{s:9:\"banner_id\";s:2:\"11\";s:5:\"width\";s:3:\"960\";s:6:\"height\";s:3:\"438\";s:9:\"layout_id\";s:2:\"15\";s:8:\"position\";s:11:\"content_top\";s:6:\"status\";s:1:\"1\";s:10:\"sort_order\";s:0:\"\";}i:4;a:7:{s:9:\"banner_id\";s:2:\"10\";s:5:\"width\";s:3:\"960\";s:6:\"height\";s:3:\"438\";s:9:\"layout_id\";s:2:\"14\";s:8:\"position\";s:11:\"content_top\";s:6:\"status\";s:1:\"1\";s:10:\"sort_order\";s:0:\"\";}i:5;a:7:{s:9:\"banner_id\";s:2:\"11\";s:5:\"width\";s:3:\"960\";s:6:\"height\";s:3:\"438\";s:9:\"layout_id\";s:2:\"18\";s:8:\"position\";s:11:\"content_top\";s:6:\"status\";s:1:\"1\";s:10:\"sort_order\";s:0:\"\";}}',1),(5532,1,'config','config_image_popup_height','500',0),(5531,1,'config','config_image_popup_width','500',0),(5530,1,'config','config_image_thumb_height','228',0),(5529,1,'config','config_image_thumb_width','228',0),(5528,1,'config','config_image_category_height','80',0),(5527,1,'config','config_image_category_width','80',0),(5526,1,'config','config_icon','data/icon.png',0),(5525,1,'config','config_logo','data/logo.png',0),(5524,1,'config','config_stock_checkout','0',0),(5523,1,'config','config_stock_display','0',0),(5522,1,'config','config_order_status_id','2',0),(5521,1,'config','config_checkout_id','0',0),(5520,1,'config','config_guest_checkout','1',0),(5518,1,'config','config_account_id','0',0),(5519,1,'config','config_cart_weight','0',0),(5517,1,'config','config_customer_price','0',0),(5513,1,'config','config_tax','0',0),(5514,1,'config','config_tax_default','',0),(5515,1,'config','config_tax_customer','',0),(5516,1,'config','config_customer_group_id','1',0),(5512,1,'config','config_catalog_limit','12',0),(5511,1,'config','config_next_day_time','19',0),(5510,1,'config','config_minute_interval','60',0),(5509,1,'config','config_end_interval','21:00',0),(5508,1,'config','config_start_interval','10:00',0),(5507,1,'config','config_currency','RUB',0),(5506,1,'config','config_language','ru',0),(5505,1,'config','config_zone_id','2795',0),(5504,1,'config','config_country_id','176',0),(5503,1,'config','config_layout_id','12',0),(5502,1,'config','config_template','florentin',0),(5501,1,'config','config_meta_description','',0),(5500,1,'config','config_title','Ульяновск',0),(5499,1,'config','config_fax','',0),(5498,1,'config','config_promo_text','Тут скоро будут очень заманчивые пакетные предложения!!!',0),(5497,1,'config','config_cor_email','fleurs@florentinproject.com',0),(5496,1,'config','config_cor_telephone','8 (495) 000 00 00',0),(5495,1,'config','config_per_email','fleurs@florentinproject.com',0),(5494,1,'config','config_per_telephone','8 (495) 000 00 00',0),(5493,1,'config','config_telephone','213424',0),(5492,1,'config','config_email','test@rwa.awr',0),(5491,1,'config','config_address','Ульяновск',0),(5490,1,'config','config_owner','Ульяновск',0),(5664,0,'geoip','geoip_setting','a:4:{s:8:\"set_zone\";s:1:\"1\";s:9:\"from_ajax\";s:1:\"1\";s:12:\"popup_active\";s:1:\"1\";s:17:\"popup_cookie_time\";i:0;}',1),(5488,1,'config','config_ssl','http://localhost/florentinproject/',0),(5489,1,'config','config_name','Ульяновск',0),(5487,1,'config','config_url','http://localhost/florentinproject2/',0),(5533,1,'config','config_image_product_width','80',0),(5534,1,'config','config_image_product_height','80',0),(5535,1,'config','config_image_additional_width','74',0),(5536,1,'config','config_image_additional_height','74',0),(5537,1,'config','config_image_related_width','80',0),(5538,1,'config','config_image_related_height','80',0),(5539,1,'config','config_image_compare_width','90',0),(5540,1,'config','config_image_compare_height','90',0),(5541,1,'config','config_image_wishlist_width','50',0),(5542,1,'config','config_image_wishlist_height','50',0),(5543,1,'config','config_image_cart_width','80',0),(5544,1,'config','config_image_cart_height','80',0),(5545,1,'config','config_secure','0',0),(5717,2,'config','config_image_compare_width','90',0),(5715,2,'config','config_image_related_width','80',0),(5716,2,'config','config_image_related_height','80',0),(5714,2,'config','config_image_additional_height','74',0),(5713,2,'config','config_image_additional_width','74',0),(5712,2,'config','config_image_product_height','80',0),(5711,2,'config','config_image_product_width','80',0),(5710,2,'config','config_image_popup_height','500',0),(5709,2,'config','config_image_popup_width','500',0),(5707,2,'config','config_image_thumb_width','228',0),(5708,2,'config','config_image_thumb_height','228',0),(5706,2,'config','config_image_category_height','80',0),(5705,2,'config','config_image_category_width','80',0),(5704,2,'config','config_icon','data/icon.png',0),(5703,2,'config','config_logo','data/logo.png',0),(5702,2,'config','config_stock_checkout','0',0),(5700,2,'config','config_order_status_id','2',0),(5701,2,'config','config_stock_display','0',0),(5699,2,'config','config_checkout_id','0',0),(5698,2,'config','config_guest_checkout','1',0),(5697,2,'config','config_cart_weight','0',0),(5696,2,'config','config_account_id','0',0),(5695,2,'config','config_customer_price','0',0),(5694,2,'config','config_customer_group_id','1',0),(5693,2,'config','config_tax_customer','',0),(5692,2,'config','config_tax_default','',0),(5689,2,'config','config_next_day_time','19',0),(5690,2,'config','config_catalog_limit','12',0),(5691,2,'config','config_tax','0',0),(5687,2,'config','config_end_interval','21:00',0),(5688,2,'config','config_minute_interval','60',0),(5685,2,'config','config_currency','RUB',0),(5686,2,'config','config_start_interval','10:00',0),(5683,2,'config','config_zone_id','2746',0),(5684,2,'config','config_language','ru',0),(5681,2,'config','config_layout_id','12',0),(5682,2,'config','config_country_id','176',0),(5679,2,'config','config_meta_description','',0),(5680,2,'config','config_template','florentin',0),(5677,2,'config','config_fax','',0),(5678,2,'config','config_title','Казань',0),(5676,2,'config','config_promo_text','Тут скоро будут очень заманчивые пакетные предложения!!!',0),(5675,2,'config','config_cor_email','fleurs@florentinproject.com',0),(5674,2,'config','config_cor_telephone','8 (495) 000 00 00',0),(5673,2,'config','config_per_email','fleurs@florentinproject.com',0),(5672,2,'config','config_per_telephone','8 (495) 000 00 00',0),(5671,2,'config','config_telephone','8 (495) 000 00 00',0),(5670,2,'config','config_email','kazan@florentinproject.com',0),(5669,2,'config','config_address','Казань',0),(5668,2,'config','config_owner','Казань',0),(5667,2,'config','config_name','Казань',0),(5666,2,'config','config_ssl','Казань',0),(5665,2,'config','config_url','http://localhost/florentinproject/',0),(5718,2,'config','config_image_compare_height','90',0),(5719,2,'config','config_image_wishlist_width','50',0),(5720,2,'config','config_image_wishlist_height','50',0),(5721,2,'config','config_image_cart_width','80',0),(5722,2,'config','config_image_cart_height','80',0),(5723,2,'config','config_secure','0',0),(5729,0,'liqpay','liqpay_geo_zone_id','0',0),(5730,0,'liqpay','liqpay_status','1',0),(5731,0,'liqpay','liqpay_sort_order','',0),(5732,1,'liqpay','liqpay_merchant','123-ульяновск',0),(5733,1,'liqpay','liqpay_signature','123-ульяновск',0),(5734,1,'liqpay','liqpay_type','card',0),(5735,1,'liqpay','liqpay_total','0',0),(5736,1,'liqpay','liqpay_order_status_id','2',0),(5737,1,'liqpay','liqpay_geo_zone_id','0',0),(5738,1,'liqpay','liqpay_status','1',0),(5739,1,'liqpay','liqpay_sort_order','',0);
/*!40000 ALTER TABLE `setting` ENABLE KEYS */;
UNLOCK TABLES;

--
-- Table structure for table `stock_status`
--

DROP TABLE IF EXISTS `stock_status`;
/*!40101 SET @saved_cs_client     = @@character_set_client */;
/*!40101 SET character_set_client = utf8 */;
CREATE TABLE `stock_status` (
  `stock_status_id` int(11) NOT NULL AUTO_INCREMENT,
  `language_id` int(11) NOT NULL,
  `name` varchar(32) NOT NULL,
  PRIMARY KEY (`stock_status_id`,`language_id`)
) ENGINE=MyISAM AUTO_INCREMENT=9 DEFAULT CHARSET=utf8;
/*!40101 SET character_set_client = @saved_cs_client */;

--
-- Dumping data for table `stock_status`
--

LOCK TABLES `stock_status` WRITE;
/*!40000 ALTER TABLE `stock_status` DISABLE KEYS */;
INSERT INTO `stock_status` VALUES (7,1,'В наличии'),(8,1,'Предзаказ'),(5,1,'Нет в наличии'),(6,1,'Ожидание 2-3 дня');
/*!40000 ALTER TABLE `stock_status` ENABLE KEYS */;
UNLOCK TABLES;

--
-- Table structure for table `store`
--

DROP TABLE IF EXISTS `store`;
/*!40101 SET @saved_cs_client     = @@character_set_client */;
/*!40101 SET character_set_client = utf8 */;
CREATE TABLE `store` (
  `store_id` int(11) NOT NULL AUTO_INCREMENT,
  `name` varchar(64) NOT NULL,
  `url` varchar(255) NOT NULL,
  `ssl` varchar(255) NOT NULL,
  PRIMARY KEY (`store_id`)
) ENGINE=MyISAM AUTO_INCREMENT=3 DEFAULT CHARSET=utf8;
/*!40101 SET character_set_client = @saved_cs_client */;

--
-- Dumping data for table `store`
--

LOCK TABLES `store` WRITE;
/*!40000 ALTER TABLE `store` DISABLE KEYS */;
INSERT INTO `store` VALUES (1,'Ульяновск','http://localhost/florentinproject2/','http://localhost/florentinproject/'),(2,'Казань','http://localhost/florentinproject/','Казань');
/*!40000 ALTER TABLE `store` ENABLE KEYS */;
UNLOCK TABLES;

--
-- Table structure for table `subscribers`
--

DROP TABLE IF EXISTS `subscribers`;
/*!40101 SET @saved_cs_client     = @@character_set_client */;
/*!40101 SET character_set_client = utf8 */;
CREATE TABLE `subscribers` (
  `id` int(11) NOT NULL AUTO_INCREMENT,
  `email` varchar(254) CHARACTER SET utf8 COLLATE utf8_bin NOT NULL,
  PRIMARY KEY (`id`)
) ENGINE=MyISAM AUTO_INCREMENT=8 DEFAULT CHARSET=latin1;
/*!40101 SET character_set_client = @saved_cs_client */;

--
-- Dumping data for table `subscribers`
--

LOCK TABLES `subscribers` WRITE;
/*!40000 ALTER TABLE `subscribers` DISABLE KEYS */;
INSERT INTO `subscribers` VALUES (1,'ad@sdf.df'),(2,'sdf@sasd.sd'),(3,'sdf@sasd.sd4'),(4,'sdf@sdf.df'),(6,'sad@asd.sd'),(7,'sdf@sdfc.df');
/*!40000 ALTER TABLE `subscribers` ENABLE KEYS */;
UNLOCK TABLES;

--
-- Table structure for table `tax_class`
--

DROP TABLE IF EXISTS `tax_class`;
/*!40101 SET @saved_cs_client     = @@character_set_client */;
/*!40101 SET character_set_client = utf8 */;
CREATE TABLE `tax_class` (
  `tax_class_id` int(11) NOT NULL AUTO_INCREMENT,
  `title` varchar(32) NOT NULL,
  `description` varchar(255) NOT NULL,
  `date_added` datetime NOT NULL DEFAULT '0000-00-00 00:00:00',
  `date_modified` datetime NOT NULL DEFAULT '0000-00-00 00:00:00',
  PRIMARY KEY (`tax_class_id`)
) ENGINE=MyISAM AUTO_INCREMENT=10 DEFAULT CHARSET=utf8;
/*!40101 SET character_set_client = @saved_cs_client */;

--
-- Dumping data for table `tax_class`
--

LOCK TABLES `tax_class` WRITE;
/*!40000 ALTER TABLE `tax_class` DISABLE KEYS */;
/*!40000 ALTER TABLE `tax_class` ENABLE KEYS */;
UNLOCK TABLES;

--
-- Table structure for table `tax_rate`
--

DROP TABLE IF EXISTS `tax_rate`;
/*!40101 SET @saved_cs_client     = @@character_set_client */;
/*!40101 SET character_set_client = utf8 */;
CREATE TABLE `tax_rate` (
  `tax_rate_id` int(11) NOT NULL AUTO_INCREMENT,
  `geo_zone_id` int(11) NOT NULL DEFAULT '0',
  `name` varchar(32) NOT NULL,
  `rate` decimal(15,4) NOT NULL DEFAULT '0.0000',
  `type` char(1) NOT NULL,
  `date_added` datetime NOT NULL DEFAULT '0000-00-00 00:00:00',
  `date_modified` datetime NOT NULL DEFAULT '0000-00-00 00:00:00',
  PRIMARY KEY (`tax_rate_id`)
) ENGINE=MyISAM AUTO_INCREMENT=88 DEFAULT CHARSET=utf8;
/*!40101 SET character_set_client = @saved_cs_client */;

--
-- Dumping data for table `tax_rate`
--

LOCK TABLES `tax_rate` WRITE;
/*!40000 ALTER TABLE `tax_rate` DISABLE KEYS */;
INSERT INTO `tax_rate` VALUES (86,3,'НДС 18%','18.0000','P','2011-03-09 21:17:10','2011-09-22 22:24:29'),(87,3,'Eco Tax (-2.00)','2.0000','F','2011-09-21 21:49:23','2011-09-23 00:40:19');
/*!40000 ALTER TABLE `tax_rate` ENABLE KEYS */;
UNLOCK TABLES;

--
-- Table structure for table `tax_rate_to_customer_group`
--

DROP TABLE IF EXISTS `tax_rate_to_customer_group`;
/*!40101 SET @saved_cs_client     = @@character_set_client */;
/*!40101 SET character_set_client = utf8 */;
CREATE TABLE `tax_rate_to_customer_group` (
  `tax_rate_id` int(11) NOT NULL,
  `customer_group_id` int(11) NOT NULL,
  PRIMARY KEY (`tax_rate_id`,`customer_group_id`)
) ENGINE=MyISAM DEFAULT CHARSET=utf8;
/*!40101 SET character_set_client = @saved_cs_client */;

--
-- Dumping data for table `tax_rate_to_customer_group`
--

LOCK TABLES `tax_rate_to_customer_group` WRITE;
/*!40000 ALTER TABLE `tax_rate_to_customer_group` DISABLE KEYS */;
INSERT INTO `tax_rate_to_customer_group` VALUES (86,1),(87,1);
/*!40000 ALTER TABLE `tax_rate_to_customer_group` ENABLE KEYS */;
UNLOCK TABLES;

--
-- Table structure for table `tax_rule`
--

DROP TABLE IF EXISTS `tax_rule`;
/*!40101 SET @saved_cs_client     = @@character_set_client */;
/*!40101 SET character_set_client = utf8 */;
CREATE TABLE `tax_rule` (
  `tax_rule_id` int(11) NOT NULL AUTO_INCREMENT,
  `tax_class_id` int(11) NOT NULL,
  `tax_rate_id` int(11) NOT NULL,
  `based` varchar(10) NOT NULL,
  `priority` int(5) NOT NULL DEFAULT '1',
  PRIMARY KEY (`tax_rule_id`)
) ENGINE=MyISAM AUTO_INCREMENT=129 DEFAULT CHARSET=utf8;
/*!40101 SET character_set_client = @saved_cs_client */;

--
-- Dumping data for table `tax_rule`
--

LOCK TABLES `tax_rule` WRITE;
/*!40000 ALTER TABLE `tax_rule` DISABLE KEYS */;
INSERT INTO `tax_rule` VALUES (121,10,86,'payment',1),(120,10,87,'store',0);
/*!40000 ALTER TABLE `tax_rule` ENABLE KEYS */;
UNLOCK TABLES;

--
-- Table structure for table `url_alias`
--

DROP TABLE IF EXISTS `url_alias`;
/*!40101 SET @saved_cs_client     = @@character_set_client */;
/*!40101 SET character_set_client = utf8 */;
CREATE TABLE `url_alias` (
  `url_alias_id` int(11) NOT NULL AUTO_INCREMENT,
  `query` varchar(255) NOT NULL,
  `keyword` varchar(255) NOT NULL,
  PRIMARY KEY (`url_alias_id`),
  KEY `query` (`query`(64))
) ENGINE=MyISAM AUTO_INCREMENT=825 DEFAULT CHARSET=utf8;
/*!40101 SET character_set_client = @saved_cs_client */;

--
-- Dumping data for table `url_alias`
--

LOCK TABLES `url_alias` WRITE;
/*!40000 ALTER TABLE `url_alias` DISABLE KEYS */;
INSERT INTO `url_alias` VALUES (810,'account/voucher','vouchers'),(809,'account/wishlist','wishlist'),(808,'account/account','my-account'),(807,'checkout/cart','cart'),(806,'checkout/checkout','checkout'),(805,'account/login','login'),(804,'account/logout','logout'),(803,'account/order','order-history'),(802,'account/newsletter','newsletter'),(801,'product/special','specials'),(800,'affiliate/account','affiliates'),(799,'checkout/voucher','gift-vouchers'),(798,'product/manufacturer','brands'),(797,'information/contact','contact-us'),(796,'account/return/insert','request-return'),(795,'information/sitemap','sitemap'),(794,'account/forgotten','forgot-password'),(793,'account/download','downloads'),(792,'account/return','returns'),(791,'account/transaction','transactions'),(790,'account/register','create-account'),(789,'product/compare','compare-products'),(788,'product/search','search'),(787,'account/edit','edit-account'),(786,'account/password','change-password'),(785,'account/address','address-book'),(784,'account/reward','reward-points'),(783,'affiliate/edit','edit-affiliate-account'),(782,'affiliate/password','change-affiliate-password'),(781,'affiliate/payment','affiliate-payment-options'),(780,'affiliate/tracking','affiliate-tracking-code'),(779,'affiliate/transaction','affiliate-transactions'),(778,'affiliate/logout','affiliate-logout'),(777,'affiliate/forgotten','affiliate-forgot-password'),(776,'affiliate/register','create-affiliate-account'),(775,'affiliate/login','affiliate-login'),(774,'common/home',''),(824,'information_id=4','about_us'),(823,'product_id=42','test');
/*!40000 ALTER TABLE `url_alias` ENABLE KEYS */;
UNLOCK TABLES;

--
-- Table structure for table `user`
--

DROP TABLE IF EXISTS `user`;
/*!40101 SET @saved_cs_client     = @@character_set_client */;
/*!40101 SET character_set_client = utf8 */;
CREATE TABLE `user` (
  `user_id` int(11) NOT NULL AUTO_INCREMENT,
  `user_group_id` int(11) NOT NULL,
  `username` varchar(20) NOT NULL,
  `password` varchar(40) NOT NULL,
  `salt` varchar(9) NOT NULL,
  `firstname` varchar(32) NOT NULL,
  `lastname` varchar(32) NOT NULL,
  `email` varchar(96) NOT NULL,
  `code` varchar(40) NOT NULL,
  `ip` varchar(40) NOT NULL,
  `status` tinyint(1) NOT NULL,
  `date_added` datetime NOT NULL DEFAULT '0000-00-00 00:00:00',
  `store_id` int(11) NOT NULL,
  PRIMARY KEY (`user_id`)
) ENGINE=MyISAM AUTO_INCREMENT=5 DEFAULT CHARSET=utf8;
/*!40101 SET character_set_client = @saved_cs_client */;

--
-- Dumping data for table `user`
--

LOCK TABLES `user` WRITE;
/*!40000 ALTER TABLE `user` DISABLE KEYS */;
INSERT INTO `user` VALUES (1,1,'admin','3602489c5fd036bc81368390f078b6a46db28a74','c38a62413','qwe','qwe','ilya.artamonov@b-leader.ru','','::1',1,'2014-06-05 12:05:15',0),(2,1,'tester_bro','99738df5d234b536be1e10dd767f63378ec5ce06','40da9db45','123','123','ilya.artamonov@b-leader.ru','','::1',1,'2014-06-12 16:37:20',0),(3,11,'ilya','4be6cc308ad589c938587848d0df59e6f8e3b4dd','2ea624514','Илья','Богоподобный','ilya.artamonov73@gmail.com','','::1',1,'2014-11-20 22:54:28',1),(4,11,'ilya_kazan','c5bb1c57c14fa6406585dca9617d85ef76c39737','2724eaca9','Иван','Иванов','ilya.artamonov@b-leader.ru','','',1,'2014-11-23 21:31:36',2);
/*!40000 ALTER TABLE `user` ENABLE KEYS */;
UNLOCK TABLES;

--
-- Table structure for table `user_group`
--

DROP TABLE IF EXISTS `user_group`;
/*!40101 SET @saved_cs_client     = @@character_set_client */;
/*!40101 SET character_set_client = utf8 */;
CREATE TABLE `user_group` (
  `user_group_id` int(11) NOT NULL AUTO_INCREMENT,
  `name` varchar(64) NOT NULL,
  `permission` text NOT NULL,
  PRIMARY KEY (`user_group_id`)
) ENGINE=MyISAM AUTO_INCREMENT=12 DEFAULT CHARSET=utf8;
/*!40101 SET character_set_client = @saved_cs_client */;

--
-- Dumping data for table `user_group`
--

LOCK TABLES `user_group` WRITE;
/*!40000 ALTER TABLE `user_group` DISABLE KEYS */;
INSERT INTO `user_group` VALUES (1,'Главный администратор','a:2:{s:6:\"access\";a:136:{i:0;s:17:\"catalog/attribute\";i:1;s:23:\"catalog/attribute_group\";i:2;s:16:\"catalog/category\";i:3;s:13:\"catalog/dates\";i:4;s:16:\"catalog/download\";i:5;s:14:\"catalog/filter\";i:6;s:19:\"catalog/information\";i:7;s:20:\"catalog/manufacturer\";i:8;s:14:\"catalog/option\";i:9;s:15:\"catalog/product\";i:10;s:14:\"catalog/review\";i:11;s:18:\"common/filemanager\";i:12;s:13:\"design/banner\";i:13;s:19:\"design/custom_field\";i:14;s:13:\"design/layout\";i:15;s:11:\"design/menu\";i:16;s:14:\"extension/feed\";i:17;s:17:\"extension/manager\";i:18;s:16:\"extension/module\";i:19;s:17:\"extension/payment\";i:20;s:18:\"extension/shipping\";i:21;s:15:\"extension/total\";i:22;s:16:\"feed/google_base\";i:23;s:19:\"feed/google_sitemap\";i:24;s:20:\"localisation/country\";i:25;s:21:\"localisation/currency\";i:26;s:21:\"localisation/geo_zone\";i:27;s:21:\"localisation/language\";i:28;s:25:\"localisation/length_class\";i:29;s:25:\"localisation/order_status\";i:30;s:26:\"localisation/return_action\";i:31;s:26:\"localisation/return_reason\";i:32;s:26:\"localisation/return_status\";i:33;s:25:\"localisation/stock_status\";i:34;s:22:\"localisation/tax_class\";i:35;s:21:\"localisation/tax_rate\";i:36;s:25:\"localisation/weight_class\";i:37;s:17:\"localisation/zone\";i:38;s:14:\"module/account\";i:39;s:16:\"module/affiliate\";i:40;s:13:\"module/banner\";i:41;s:17:\"module/bestseller\";i:42;s:15:\"module/carousel\";i:43;s:15:\"module/category\";i:44;s:15:\"module/featured\";i:45;s:13:\"module/filter\";i:46;s:18:\"module/google_talk\";i:47;s:18:\"module/information\";i:48;s:13:\"module/latest\";i:49;s:11:\"module/menu\";i:50;s:18:\"module/onecheckout\";i:51;s:16:\"module/slideshow\";i:52;s:14:\"module/special\";i:53;s:12:\"module/store\";i:54;s:14:\"module/welcome\";i:55;s:14:\"octeam/toolset\";i:56;s:18:\"octeam_tools/dummy\";i:57;s:32:\"octeam_tools/seo_keyword_checker\";i:58;s:24:\"payment/authorizenet_aim\";i:59;s:21:\"payment/bank_transfer\";i:60;s:14:\"payment/cheque\";i:61;s:11:\"payment/cod\";i:62;s:21:\"payment/free_checkout\";i:63;s:22:\"payment/klarna_account\";i:64;s:22:\"payment/klarna_invoice\";i:65;s:14:\"payment/liqpay\";i:66;s:20:\"payment/moneybookers\";i:67;s:14:\"payment/nochex\";i:68;s:15:\"payment/paymate\";i:69;s:16:\"payment/paypoint\";i:70;s:13:\"payment/payza\";i:71;s:26:\"payment/perpetual_payments\";i:72;s:14:\"payment/pp_pro\";i:73;s:17:\"payment/pp_pro_uk\";i:74;s:19:\"payment/pp_standard\";i:75;s:15:\"payment/sagepay\";i:76;s:22:\"payment/sagepay_direct\";i:77;s:18:\"payment/sagepay_us\";i:78;s:19:\"payment/twocheckout\";i:79;s:28:\"payment/web_payment_software\";i:80;s:16:\"payment/worldpay\";i:81;s:27:\"report/affiliate_commission\";i:82;s:22:\"report/customer_credit\";i:83;s:22:\"report/customer_online\";i:84;s:21:\"report/customer_order\";i:85;s:22:\"report/customer_reward\";i:86;s:24:\"report/product_purchased\";i:87;s:21:\"report/product_viewed\";i:88;s:18:\"report/sale_coupon\";i:89;s:17:\"report/sale_order\";i:90;s:18:\"report/sale_return\";i:91;s:20:\"report/sale_shipping\";i:92;s:15:\"report/sale_tax\";i:93;s:14:\"sale/affiliate\";i:94;s:12:\"sale/contact\";i:95;s:11:\"sale/coupon\";i:96;s:13:\"sale/customer\";i:97;s:20:\"sale/customer_ban_ip\";i:98;s:19:\"sale/customer_group\";i:99;s:10:\"sale/order\";i:100;s:11:\"sale/return\";i:101;s:12:\"sale/voucher\";i:102;s:18:\"sale/voucher_theme\";i:103;s:14:\"setting/script\";i:104;s:15:\"setting/setting\";i:105;s:13:\"setting/store\";i:106;s:16:\"shipping/auspost\";i:107;s:17:\"shipping/citylink\";i:108;s:14:\"shipping/fedex\";i:109;s:13:\"shipping/flat\";i:110;s:13:\"shipping/free\";i:111;s:13:\"shipping/item\";i:112;s:23:\"shipping/parcelforce_48\";i:113;s:15:\"shipping/pickup\";i:114;s:19:\"shipping/royal_mail\";i:115;s:12:\"shipping/ups\";i:116;s:13:\"shipping/usps\";i:117;s:15:\"shipping/weight\";i:118;s:11:\"tool/backup\";i:119;s:14:\"tool/error_log\";i:120;s:12:\"total/coupon\";i:121;s:12:\"total/credit\";i:122;s:14:\"total/handling\";i:123;s:16:\"total/klarna_fee\";i:124;s:19:\"total/low_order_fee\";i:125;s:12:\"total/reward\";i:126;s:14:\"total/shipping\";i:127;s:15:\"total/sub_total\";i:128;s:9:\"total/tax\";i:129;s:11:\"total/total\";i:130;s:13:\"total/voucher\";i:131;s:9:\"user/user\";i:132;s:20:\"user/user_permission\";i:133;s:15:\"shipping/pickup\";i:134;s:16:\"module/slideshow\";i:135;s:12:\"module/geoip\";}s:6:\"modify\";a:136:{i:0;s:17:\"catalog/attribute\";i:1;s:23:\"catalog/attribute_group\";i:2;s:16:\"catalog/category\";i:3;s:13:\"catalog/dates\";i:4;s:16:\"catalog/download\";i:5;s:14:\"catalog/filter\";i:6;s:19:\"catalog/information\";i:7;s:20:\"catalog/manufacturer\";i:8;s:14:\"catalog/option\";i:9;s:15:\"catalog/product\";i:10;s:14:\"catalog/review\";i:11;s:18:\"common/filemanager\";i:12;s:13:\"design/banner\";i:13;s:19:\"design/custom_field\";i:14;s:13:\"design/layout\";i:15;s:11:\"design/menu\";i:16;s:14:\"extension/feed\";i:17;s:17:\"extension/manager\";i:18;s:16:\"extension/module\";i:19;s:17:\"extension/payment\";i:20;s:18:\"extension/shipping\";i:21;s:15:\"extension/total\";i:22;s:16:\"feed/google_base\";i:23;s:19:\"feed/google_sitemap\";i:24;s:20:\"localisation/country\";i:25;s:21:\"localisation/currency\";i:26;s:21:\"localisation/geo_zone\";i:27;s:21:\"localisation/language\";i:28;s:25:\"localisation/length_class\";i:29;s:25:\"localisation/order_status\";i:30;s:26:\"localisation/return_action\";i:31;s:26:\"localisation/return_reason\";i:32;s:26:\"localisation/return_status\";i:33;s:25:\"localisation/stock_status\";i:34;s:22:\"localisation/tax_class\";i:35;s:21:\"localisation/tax_rate\";i:36;s:25:\"localisation/weight_class\";i:37;s:17:\"localisation/zone\";i:38;s:14:\"module/account\";i:39;s:16:\"module/affiliate\";i:40;s:13:\"module/banner\";i:41;s:17:\"module/bestseller\";i:42;s:15:\"module/carousel\";i:43;s:15:\"module/category\";i:44;s:15:\"module/featured\";i:45;s:13:\"module/filter\";i:46;s:18:\"module/google_talk\";i:47;s:18:\"module/information\";i:48;s:13:\"module/latest\";i:49;s:11:\"module/menu\";i:50;s:18:\"module/onecheckout\";i:51;s:16:\"module/slideshow\";i:52;s:14:\"module/special\";i:53;s:12:\"module/store\";i:54;s:14:\"module/welcome\";i:55;s:14:\"octeam/toolset\";i:56;s:18:\"octeam_tools/dummy\";i:57;s:32:\"octeam_tools/seo_keyword_checker\";i:58;s:24:\"payment/authorizenet_aim\";i:59;s:21:\"payment/bank_transfer\";i:60;s:14:\"payment/cheque\";i:61;s:11:\"payment/cod\";i:62;s:21:\"payment/free_checkout\";i:63;s:22:\"payment/klarna_account\";i:64;s:22:\"payment/klarna_invoice\";i:65;s:14:\"payment/liqpay\";i:66;s:20:\"payment/moneybookers\";i:67;s:14:\"payment/nochex\";i:68;s:15:\"payment/paymate\";i:69;s:16:\"payment/paypoint\";i:70;s:13:\"payment/payza\";i:71;s:26:\"payment/perpetual_payments\";i:72;s:14:\"payment/pp_pro\";i:73;s:17:\"payment/pp_pro_uk\";i:74;s:19:\"payment/pp_standard\";i:75;s:15:\"payment/sagepay\";i:76;s:22:\"payment/sagepay_direct\";i:77;s:18:\"payment/sagepay_us\";i:78;s:19:\"payment/twocheckout\";i:79;s:28:\"payment/web_payment_software\";i:80;s:16:\"payment/worldpay\";i:81;s:27:\"report/affiliate_commission\";i:82;s:22:\"report/customer_credit\";i:83;s:22:\"report/customer_online\";i:84;s:21:\"report/customer_order\";i:85;s:22:\"report/customer_reward\";i:86;s:24:\"report/product_purchased\";i:87;s:21:\"report/product_viewed\";i:88;s:18:\"report/sale_coupon\";i:89;s:17:\"report/sale_order\";i:90;s:18:\"report/sale_return\";i:91;s:20:\"report/sale_shipping\";i:92;s:15:\"report/sale_tax\";i:93;s:14:\"sale/affiliate\";i:94;s:12:\"sale/contact\";i:95;s:11:\"sale/coupon\";i:96;s:13:\"sale/customer\";i:97;s:20:\"sale/customer_ban_ip\";i:98;s:19:\"sale/customer_group\";i:99;s:10:\"sale/order\";i:100;s:11:\"sale/return\";i:101;s:12:\"sale/voucher\";i:102;s:18:\"sale/voucher_theme\";i:103;s:14:\"setting/script\";i:104;s:15:\"setting/setting\";i:105;s:13:\"setting/store\";i:106;s:16:\"shipping/auspost\";i:107;s:17:\"shipping/citylink\";i:108;s:14:\"shipping/fedex\";i:109;s:13:\"shipping/flat\";i:110;s:13:\"shipping/free\";i:111;s:13:\"shipping/item\";i:112;s:23:\"shipping/parcelforce_48\";i:113;s:15:\"shipping/pickup\";i:114;s:19:\"shipping/royal_mail\";i:115;s:12:\"shipping/ups\";i:116;s:13:\"shipping/usps\";i:117;s:15:\"shipping/weight\";i:118;s:11:\"tool/backup\";i:119;s:14:\"tool/error_log\";i:120;s:12:\"total/coupon\";i:121;s:12:\"total/credit\";i:122;s:14:\"total/handling\";i:123;s:16:\"total/klarna_fee\";i:124;s:19:\"total/low_order_fee\";i:125;s:12:\"total/reward\";i:126;s:14:\"total/shipping\";i:127;s:15:\"total/sub_total\";i:128;s:9:\"total/tax\";i:129;s:11:\"total/total\";i:130;s:13:\"total/voucher\";i:131;s:9:\"user/user\";i:132;s:20:\"user/user_permission\";i:133;s:15:\"shipping/pickup\";i:134;s:16:\"module/slideshow\";i:135;s:12:\"module/geoip\";}}'),(10,'Демонстрация',''),(11,'Управляющий','a:2:{s:6:\"access\";a:133:{i:0;s:17:\"catalog/attribute\";i:1;s:23:\"catalog/attribute_group\";i:2;s:16:\"catalog/category\";i:3;s:13:\"catalog/dates\";i:4;s:16:\"catalog/download\";i:5;s:14:\"catalog/filter\";i:6;s:19:\"catalog/information\";i:7;s:20:\"catalog/manufacturer\";i:8;s:14:\"catalog/option\";i:9;s:15:\"catalog/product\";i:10;s:14:\"catalog/review\";i:11;s:18:\"common/filemanager\";i:12;s:13:\"design/banner\";i:13;s:19:\"design/custom_field\";i:14;s:13:\"design/layout\";i:15;s:11:\"design/menu\";i:16;s:14:\"extension/feed\";i:17;s:17:\"extension/manager\";i:18;s:16:\"extension/module\";i:19;s:17:\"extension/payment\";i:20;s:18:\"extension/shipping\";i:21;s:15:\"extension/total\";i:22;s:16:\"feed/google_base\";i:23;s:19:\"feed/google_sitemap\";i:24;s:20:\"localisation/country\";i:25;s:21:\"localisation/currency\";i:26;s:21:\"localisation/geo_zone\";i:27;s:21:\"localisation/language\";i:28;s:25:\"localisation/length_class\";i:29;s:25:\"localisation/order_status\";i:30;s:26:\"localisation/return_action\";i:31;s:26:\"localisation/return_reason\";i:32;s:26:\"localisation/return_status\";i:33;s:25:\"localisation/stock_status\";i:34;s:22:\"localisation/tax_class\";i:35;s:21:\"localisation/tax_rate\";i:36;s:25:\"localisation/weight_class\";i:37;s:17:\"localisation/zone\";i:38;s:14:\"module/account\";i:39;s:16:\"module/affiliate\";i:40;s:13:\"module/banner\";i:41;s:17:\"module/bestseller\";i:42;s:15:\"module/carousel\";i:43;s:15:\"module/category\";i:44;s:15:\"module/featured\";i:45;s:13:\"module/filter\";i:46;s:18:\"module/google_talk\";i:47;s:18:\"module/information\";i:48;s:13:\"module/latest\";i:49;s:11:\"module/menu\";i:50;s:18:\"module/onecheckout\";i:51;s:16:\"module/slideshow\";i:52;s:14:\"module/special\";i:53;s:12:\"module/store\";i:54;s:14:\"module/welcome\";i:55;s:14:\"octeam/toolset\";i:56;s:18:\"octeam_tools/dummy\";i:57;s:32:\"octeam_tools/seo_keyword_checker\";i:58;s:24:\"payment/authorizenet_aim\";i:59;s:21:\"payment/bank_transfer\";i:60;s:14:\"payment/cheque\";i:61;s:11:\"payment/cod\";i:62;s:21:\"payment/free_checkout\";i:63;s:22:\"payment/klarna_account\";i:64;s:22:\"payment/klarna_invoice\";i:65;s:14:\"payment/liqpay\";i:66;s:20:\"payment/moneybookers\";i:67;s:14:\"payment/nochex\";i:68;s:15:\"payment/paymate\";i:69;s:16:\"payment/paypoint\";i:70;s:13:\"payment/payza\";i:71;s:26:\"payment/perpetual_payments\";i:72;s:14:\"payment/pp_pro\";i:73;s:17:\"payment/pp_pro_uk\";i:74;s:19:\"payment/pp_standard\";i:75;s:15:\"payment/sagepay\";i:76;s:22:\"payment/sagepay_direct\";i:77;s:18:\"payment/sagepay_us\";i:78;s:19:\"payment/twocheckout\";i:79;s:28:\"payment/web_payment_software\";i:80;s:16:\"payment/worldpay\";i:81;s:27:\"report/affiliate_commission\";i:82;s:22:\"report/customer_credit\";i:83;s:22:\"report/customer_online\";i:84;s:21:\"report/customer_order\";i:85;s:22:\"report/customer_reward\";i:86;s:24:\"report/product_purchased\";i:87;s:21:\"report/product_viewed\";i:88;s:18:\"report/sale_coupon\";i:89;s:17:\"report/sale_order\";i:90;s:18:\"report/sale_return\";i:91;s:20:\"report/sale_shipping\";i:92;s:15:\"report/sale_tax\";i:93;s:14:\"sale/affiliate\";i:94;s:12:\"sale/contact\";i:95;s:11:\"sale/coupon\";i:96;s:13:\"sale/customer\";i:97;s:20:\"sale/customer_ban_ip\";i:98;s:19:\"sale/customer_group\";i:99;s:10:\"sale/order\";i:100;s:11:\"sale/return\";i:101;s:12:\"sale/voucher\";i:102;s:18:\"sale/voucher_theme\";i:103;s:14:\"setting/script\";i:104;s:15:\"setting/setting\";i:105;s:13:\"setting/store\";i:106;s:16:\"shipping/auspost\";i:107;s:17:\"shipping/citylink\";i:108;s:14:\"shipping/fedex\";i:109;s:13:\"shipping/flat\";i:110;s:13:\"shipping/free\";i:111;s:13:\"shipping/item\";i:112;s:23:\"shipping/parcelforce_48\";i:113;s:15:\"shipping/pickup\";i:114;s:19:\"shipping/royal_mail\";i:115;s:12:\"shipping/ups\";i:116;s:13:\"shipping/usps\";i:117;s:15:\"shipping/weight\";i:118;s:11:\"tool/backup\";i:119;s:14:\"tool/error_log\";i:120;s:12:\"total/coupon\";i:121;s:12:\"total/credit\";i:122;s:14:\"total/handling\";i:123;s:16:\"total/klarna_fee\";i:124;s:19:\"total/low_order_fee\";i:125;s:12:\"total/reward\";i:126;s:14:\"total/shipping\";i:127;s:15:\"total/sub_total\";i:128;s:9:\"total/tax\";i:129;s:11:\"total/total\";i:130;s:13:\"total/voucher\";i:131;s:9:\"user/user\";i:132;s:20:\"user/user_permission\";}s:6:\"modify\";a:133:{i:0;s:17:\"catalog/attribute\";i:1;s:23:\"catalog/attribute_group\";i:2;s:16:\"catalog/category\";i:3;s:13:\"catalog/dates\";i:4;s:16:\"catalog/download\";i:5;s:14:\"catalog/filter\";i:6;s:19:\"catalog/information\";i:7;s:20:\"catalog/manufacturer\";i:8;s:14:\"catalog/option\";i:9;s:15:\"catalog/product\";i:10;s:14:\"catalog/review\";i:11;s:18:\"common/filemanager\";i:12;s:13:\"design/banner\";i:13;s:19:\"design/custom_field\";i:14;s:13:\"design/layout\";i:15;s:11:\"design/menu\";i:16;s:14:\"extension/feed\";i:17;s:17:\"extension/manager\";i:18;s:16:\"extension/module\";i:19;s:17:\"extension/payment\";i:20;s:18:\"extension/shipping\";i:21;s:15:\"extension/total\";i:22;s:16:\"feed/google_base\";i:23;s:19:\"feed/google_sitemap\";i:24;s:20:\"localisation/country\";i:25;s:21:\"localisation/currency\";i:26;s:21:\"localisation/geo_zone\";i:27;s:21:\"localisation/language\";i:28;s:25:\"localisation/length_class\";i:29;s:25:\"localisation/order_status\";i:30;s:26:\"localisation/return_action\";i:31;s:26:\"localisation/return_reason\";i:32;s:26:\"localisation/return_status\";i:33;s:25:\"localisation/stock_status\";i:34;s:22:\"localisation/tax_class\";i:35;s:21:\"localisation/tax_rate\";i:36;s:25:\"localisation/weight_class\";i:37;s:17:\"localisation/zone\";i:38;s:14:\"module/account\";i:39;s:16:\"module/affiliate\";i:40;s:13:\"module/banner\";i:41;s:17:\"module/bestseller\";i:42;s:15:\"module/carousel\";i:43;s:15:\"module/category\";i:44;s:15:\"module/featured\";i:45;s:13:\"module/filter\";i:46;s:18:\"module/google_talk\";i:47;s:18:\"module/information\";i:48;s:13:\"module/latest\";i:49;s:11:\"module/menu\";i:50;s:18:\"module/onecheckout\";i:51;s:16:\"module/slideshow\";i:52;s:14:\"module/special\";i:53;s:12:\"module/store\";i:54;s:14:\"module/welcome\";i:55;s:14:\"octeam/toolset\";i:56;s:18:\"octeam_tools/dummy\";i:57;s:32:\"octeam_tools/seo_keyword_checker\";i:58;s:24:\"payment/authorizenet_aim\";i:59;s:21:\"payment/bank_transfer\";i:60;s:14:\"payment/cheque\";i:61;s:11:\"payment/cod\";i:62;s:21:\"payment/free_checkout\";i:63;s:22:\"payment/klarna_account\";i:64;s:22:\"payment/klarna_invoice\";i:65;s:14:\"payment/liqpay\";i:66;s:20:\"payment/moneybookers\";i:67;s:14:\"payment/nochex\";i:68;s:15:\"payment/paymate\";i:69;s:16:\"payment/paypoint\";i:70;s:13:\"payment/payza\";i:71;s:26:\"payment/perpetual_payments\";i:72;s:14:\"payment/pp_pro\";i:73;s:17:\"payment/pp_pro_uk\";i:74;s:19:\"payment/pp_standard\";i:75;s:15:\"payment/sagepay\";i:76;s:22:\"payment/sagepay_direct\";i:77;s:18:\"payment/sagepay_us\";i:78;s:19:\"payment/twocheckout\";i:79;s:28:\"payment/web_payment_software\";i:80;s:16:\"payment/worldpay\";i:81;s:27:\"report/affiliate_commission\";i:82;s:22:\"report/customer_credit\";i:83;s:22:\"report/customer_online\";i:84;s:21:\"report/customer_order\";i:85;s:22:\"report/customer_reward\";i:86;s:24:\"report/product_purchased\";i:87;s:21:\"report/product_viewed\";i:88;s:18:\"report/sale_coupon\";i:89;s:17:\"report/sale_order\";i:90;s:18:\"report/sale_return\";i:91;s:20:\"report/sale_shipping\";i:92;s:15:\"report/sale_tax\";i:93;s:14:\"sale/affiliate\";i:94;s:12:\"sale/contact\";i:95;s:11:\"sale/coupon\";i:96;s:13:\"sale/customer\";i:97;s:20:\"sale/customer_ban_ip\";i:98;s:19:\"sale/customer_group\";i:99;s:10:\"sale/order\";i:100;s:11:\"sale/return\";i:101;s:12:\"sale/voucher\";i:102;s:18:\"sale/voucher_theme\";i:103;s:14:\"setting/script\";i:104;s:15:\"setting/setting\";i:105;s:13:\"setting/store\";i:106;s:16:\"shipping/auspost\";i:107;s:17:\"shipping/citylink\";i:108;s:14:\"shipping/fedex\";i:109;s:13:\"shipping/flat\";i:110;s:13:\"shipping/free\";i:111;s:13:\"shipping/item\";i:112;s:23:\"shipping/parcelforce_48\";i:113;s:15:\"shipping/pickup\";i:114;s:19:\"shipping/royal_mail\";i:115;s:12:\"shipping/ups\";i:116;s:13:\"shipping/usps\";i:117;s:15:\"shipping/weight\";i:118;s:11:\"tool/backup\";i:119;s:14:\"tool/error_log\";i:120;s:12:\"total/coupon\";i:121;s:12:\"total/credit\";i:122;s:14:\"total/handling\";i:123;s:16:\"total/klarna_fee\";i:124;s:19:\"total/low_order_fee\";i:125;s:12:\"total/reward\";i:126;s:14:\"total/shipping\";i:127;s:15:\"total/sub_total\";i:128;s:9:\"total/tax\";i:129;s:11:\"total/total\";i:130;s:13:\"total/voucher\";i:131;s:9:\"user/user\";i:132;s:20:\"user/user_permission\";}}');
/*!40000 ALTER TABLE `user_group` ENABLE KEYS */;
UNLOCK TABLES;

--
-- Table structure for table `voucher`
--

DROP TABLE IF EXISTS `voucher`;
/*!40101 SET @saved_cs_client     = @@character_set_client */;
/*!40101 SET character_set_client = utf8 */;
CREATE TABLE `voucher` (
  `voucher_id` int(11) NOT NULL AUTO_INCREMENT,
  `order_id` int(11) NOT NULL,
  `code` varchar(10) NOT NULL,
  `from_name` varchar(64) NOT NULL,
  `from_email` varchar(96) NOT NULL,
  `to_name` varchar(64) NOT NULL,
  `to_email` varchar(96) NOT NULL,
  `voucher_theme_id` int(11) NOT NULL,
  `message` text NOT NULL,
  `amount` decimal(15,4) NOT NULL,
  `status` tinyint(1) NOT NULL,
  `date_added` datetime NOT NULL DEFAULT '0000-00-00 00:00:00',
  PRIMARY KEY (`voucher_id`)
) ENGINE=MyISAM DEFAULT CHARSET=utf8;
/*!40101 SET character_set_client = @saved_cs_client */;

--
-- Dumping data for table `voucher`
--

LOCK TABLES `voucher` WRITE;
/*!40000 ALTER TABLE `voucher` DISABLE KEYS */;
/*!40000 ALTER TABLE `voucher` ENABLE KEYS */;
UNLOCK TABLES;

--
-- Table structure for table `voucher_history`
--

DROP TABLE IF EXISTS `voucher_history`;
/*!40101 SET @saved_cs_client     = @@character_set_client */;
/*!40101 SET character_set_client = utf8 */;
CREATE TABLE `voucher_history` (
  `voucher_history_id` int(11) NOT NULL AUTO_INCREMENT,
  `voucher_id` int(11) NOT NULL,
  `order_id` int(11) NOT NULL,
  `amount` decimal(15,4) NOT NULL,
  `date_added` datetime NOT NULL,
  PRIMARY KEY (`voucher_history_id`)
) ENGINE=MyISAM DEFAULT CHARSET=utf8;
/*!40101 SET character_set_client = @saved_cs_client */;

--
-- Dumping data for table `voucher_history`
--

LOCK TABLES `voucher_history` WRITE;
/*!40000 ALTER TABLE `voucher_history` DISABLE KEYS */;
/*!40000 ALTER TABLE `voucher_history` ENABLE KEYS */;
UNLOCK TABLES;

--
-- Table structure for table `voucher_theme`
--

DROP TABLE IF EXISTS `voucher_theme`;
/*!40101 SET @saved_cs_client     = @@character_set_client */;
/*!40101 SET character_set_client = utf8 */;
CREATE TABLE `voucher_theme` (
  `voucher_theme_id` int(11) NOT NULL AUTO_INCREMENT,
  `image` varchar(255) NOT NULL,
  PRIMARY KEY (`voucher_theme_id`)
) ENGINE=MyISAM AUTO_INCREMENT=9 DEFAULT CHARSET=utf8;
/*!40101 SET character_set_client = @saved_cs_client */;

--
-- Dumping data for table `voucher_theme`
--

LOCK TABLES `voucher_theme` WRITE;
/*!40000 ALTER TABLE `voucher_theme` DISABLE KEYS */;
INSERT INTO `voucher_theme` VALUES (8,'data/demo/canon_eos_5d_2.jpg'),(7,'data/demo/gift-voucher-birthday.jpg'),(6,'data/demo/apple_logo.jpg');
/*!40000 ALTER TABLE `voucher_theme` ENABLE KEYS */;
UNLOCK TABLES;

--
-- Table structure for table `voucher_theme_description`
--

DROP TABLE IF EXISTS `voucher_theme_description`;
/*!40101 SET @saved_cs_client     = @@character_set_client */;
/*!40101 SET character_set_client = utf8 */;
CREATE TABLE `voucher_theme_description` (
  `voucher_theme_id` int(11) NOT NULL,
  `language_id` int(11) NOT NULL,
  `name` varchar(32) NOT NULL,
  PRIMARY KEY (`voucher_theme_id`,`language_id`)
) ENGINE=MyISAM DEFAULT CHARSET=utf8;
/*!40101 SET character_set_client = @saved_cs_client */;

--
-- Dumping data for table `voucher_theme_description`
--

LOCK TABLES `voucher_theme_description` WRITE;
/*!40000 ALTER TABLE `voucher_theme_description` DISABLE KEYS */;
INSERT INTO `voucher_theme_description` VALUES (6,1,'Рождество'),(7,1,'День рождения'),(8,1,'Основной');
/*!40000 ALTER TABLE `voucher_theme_description` ENABLE KEYS */;
UNLOCK TABLES;

--
-- Table structure for table `weight_class`
--

DROP TABLE IF EXISTS `weight_class`;
/*!40101 SET @saved_cs_client     = @@character_set_client */;
/*!40101 SET character_set_client = utf8 */;
CREATE TABLE `weight_class` (
  `weight_class_id` int(11) NOT NULL AUTO_INCREMENT,
  `value` decimal(15,8) NOT NULL DEFAULT '0.00000000',
  PRIMARY KEY (`weight_class_id`)
) ENGINE=MyISAM AUTO_INCREMENT=3 DEFAULT CHARSET=utf8;
/*!40101 SET character_set_client = @saved_cs_client */;

--
-- Dumping data for table `weight_class`
--

LOCK TABLES `weight_class` WRITE;
/*!40000 ALTER TABLE `weight_class` DISABLE KEYS */;
INSERT INTO `weight_class` VALUES (1,'1.00000000'),(2,'1000.00000000');
/*!40000 ALTER TABLE `weight_class` ENABLE KEYS */;
UNLOCK TABLES;

--
-- Table structure for table `weight_class_description`
--

DROP TABLE IF EXISTS `weight_class_description`;
/*!40101 SET @saved_cs_client     = @@character_set_client */;
/*!40101 SET character_set_client = utf8 */;
CREATE TABLE `weight_class_description` (
  `weight_class_id` int(11) NOT NULL AUTO_INCREMENT,
  `language_id` int(11) NOT NULL,
  `title` varchar(32) NOT NULL,
  `unit` varchar(4) NOT NULL,
  PRIMARY KEY (`weight_class_id`,`language_id`)
) ENGINE=MyISAM AUTO_INCREMENT=3 DEFAULT CHARSET=utf8;
/*!40101 SET character_set_client = @saved_cs_client */;

--
-- Dumping data for table `weight_class_description`
--

LOCK TABLES `weight_class_description` WRITE;
/*!40000 ALTER TABLE `weight_class_description` DISABLE KEYS */;
INSERT INTO `weight_class_description` VALUES (1,1,'Килограммы','кг'),(2,1,'Граммы','г');
/*!40000 ALTER TABLE `weight_class_description` ENABLE KEYS */;
UNLOCK TABLES;

--
-- Table structure for table `zone`
--

DROP TABLE IF EXISTS `zone`;
/*!40101 SET @saved_cs_client     = @@character_set_client */;
/*!40101 SET character_set_client = utf8 */;
CREATE TABLE `zone` (
  `zone_id` int(11) NOT NULL AUTO_INCREMENT,
  `country_id` int(11) NOT NULL,
  `name` varchar(128) NOT NULL,
  `code` varchar(32) NOT NULL,
  `status` tinyint(1) NOT NULL DEFAULT '1',
  PRIMARY KEY (`zone_id`)
) ENGINE=MyISAM AUTO_INCREMENT=3971 DEFAULT CHARSET=utf8;
/*!40101 SET character_set_client = @saved_cs_client */;

--
-- Dumping data for table `zone`
--

LOCK TABLES `zone` WRITE;
/*!40000 ALTER TABLE `zone` DISABLE KEYS */;
INSERT INTO `zone` VALUES (1,1,'Бадахшан','BDS',1),(2,1,'Бадгис','BDG',1),(3,1,'Баглан','BGL',1),(4,1,'Балх','BAL',1),(5,1,'Бамиан','BAM',1),(6,1,'Фарах','FRA',1),(7,1,'Фарьяб','FYB',1),(8,1,'Газни','GHA',1),(9,1,'Гор','GHO',1),(10,1,'Гильменд','HEL',1),(11,1,'Герат','HER',1),(12,1,'Джаузджан','JOW',1),(13,1,'Кабул','KAB',1),(14,1,'Кандагар','KAN',1),(15,1,'Каписа','KAP',1),(16,1,'Хост','KHO',1),(17,1,'Кунар','KNR',1),(18,1,'Кундуз','KDZ',1),(19,1,'Лагман','LAG',1),(20,1,'Логар','LOW',1),(21,1,'Нангархар','NAN',1),(22,1,'Нимроз','NIM',1),(23,1,'Нуристан','NUR',1),(24,1,'Урузган','ORU',1),(25,1,'Пактия','PIA',1),(26,1,'Пактика','PKA',1),(27,1,'Парван','PAR',1),(28,1,'Саманган','SAM',1),(29,1,'Сари-Пуль','SAR',1),(30,1,'Тахар','TAK',1),(31,1,'Вардак','WAR',1),(32,1,'Забуль','ZAB',1),(33,2,'Берат','BR',1),(34,2,'Булькиза','BU',1),(35,2,'Дельвина','DL',1),(36,2,'Девол','DV',1),(37,2,'Дибра','DI',1),(38,2,'Дуррес','DR',1),(39,2,'Эльбасан','EL',1),(40,2,'Колёня','ER',1),(41,2,'Фиери','FR',1),(42,2,'Гирокастра','GJ',1),(43,2,'Грамши','GR',1),(44,2,'Хас','HA',1),(45,2,'Кавая','KA',1),(46,2,'Курбин','KB',1),(47,2,'Кучова','KC',1),(48,2,'Корча','KO',1),(49,2,'Круя','KR',1),(50,2,'Кукес','KU',1),(51,2,'Либражди','LB',1),(52,2,'Лежа','LE',1),(53,2,'Люшня','LU',1),(54,2,'Мальси-э-Мади','MM',1),(55,2,'Малакастра','MK',1),(56,2,'Мати','MT',1),(57,2,'Мирдита','MR',1),(58,2,'Пекини','PQ',1),(59,2,'Пермети','PR',1),(60,2,'Поградец','PG',1),(61,2,'Пука','PU',1),(62,2,'Шкодер','SH',1),(63,2,'Скрапари','SK',1),(64,2,'Саранда','SR',1),(65,2,'Тепелена','TE',1),(66,2,'Тропоя','TP',1),(67,2,'Тирана','TR',1),(68,2,'Влёра','VL',1),(69,3,'Адрар','ADR',1),(70,3,'Айн-Дефла','ADE',1),(71,3,'Айн-Темухент','ATE',1),(72,3,'Алжир','ALG',1),(73,3,'Аннаба','ANN',1),(74,3,'Батна','BAT',1),(75,3,'Бешар','BEC',1),(76,3,'Беджая','BEJ',1),(77,3,'Бискра','BIS',1),(78,3,'Блида','BLI',1),(79,3,'Бордж-Бу-Арреридж','BBA',1),(80,3,'Буйра','BOA',1),(81,3,'Бумердес','BMD',1),(82,3,'Шлеф','CHL',1),(83,3,'Константина','CON',1),(84,3,'Джельфа','DJE',1),(85,3,'Эль-Баяд','EBA',1),(86,3,'Эль-Уэд','EOU',1),(87,3,'Эль-Тарф','ETA',1),(88,3,'Гардая','GHA',1),(89,3,'Гуэльма','GUE',1),(90,3,'Иллизи','ILL',1),(91,3,'Джиджель','JIJ',1),(92,3,'Хеншела','KHE',1),(93,3,'Лагуат','LAG',1),(94,3,'Маскара','MUA',1),(95,3,'Медеа','MED',1),(96,3,'Мила','MIL',1),(97,3,'Мостаганем','MOS',1),(98,3,'Мсила','MSI',1),(99,3,'Наама','NAA',1),(100,3,'Оран','ORA',1),(101,3,'Уаргла','OUA',1),(102,3,'Ум Эль-Буахи','OEB',1),(103,3,'Релизан','REL',1),(104,3,'Саида','SAI',1),(105,3,'Сетиф','SET',1),(106,3,'Сиди-Бель-Аббес','SBA',1),(107,3,'Скикда','SKI',1),(108,3,'Сук-Ахрас','SAH',1),(109,3,'Таменрассет','TAM',1),(110,3,'Тебесса','TEB',1),(111,3,'Тиарет','TIA',1),(112,3,'Тиндуф','TIN',1),(113,3,'Типаза','TIP',1),(114,3,'Тиссемсилт','TIS',1),(115,3,'Тизи-Узу','TOU',1),(116,3,'Тлемсен','TLE',1),(117,4,'Восточный округ','E',1),(118,4,'Мануа','M',1),(119,4,'Остров Роз','R',1),(120,4,'Остров Суэйнс','S',1),(121,4,'Западный округ','W',1),(122,5,'Андорра-ла-Велья','ALV',1),(123,5,'Канильо','CAN',1),(124,5,'Энкамп','ENC',1),(125,5,'Эскальдес-Энгордань','ESE',1),(126,5,'Ла-Массана','LMA',1),(127,5,'Ордино','ORD',1),(128,5,'Сант-Жулия-де-Лория','SJL',1),(129,6,'Бенго','BGO',1),(130,6,'Бенгела','BGU',1),(131,6,'Бие','BIE',1),(132,6,'Кабинда','CAB',1),(133,6,'Квандо-Кубанго','CCU',1),(134,6,'Северная Кванза','CNO',1),(135,6,'Южная Кванза','CUS',1),(136,6,'Кунене','CNN',1),(137,6,'Уамбо','HUA',1),(138,6,'Уила','HUI',1),(139,6,'Луанда','LUA',1),(140,6,'Северная Лунда','LNO',1),(141,6,'Южная Лунда','LSU',1),(142,6,'Маланже','MAL',1),(143,6,'Мошико','MOX',1),(144,6,'Намибе','NAM',1),(145,6,'Уиже','UIG',1),(146,6,'Заире','ZAI',1),(147,9,'Сент-Джордж','ASG',1),(148,9,'Сент-Джон','ASJ',1),(149,9,'Сент-Мери','ASM',1),(150,9,'Сент-Пол','ASL',1),(151,9,'Сент-Петер','ASR',1),(152,9,'Сент-Филип','ASH',1),(153,9,'Барбуда','BAR',1),(154,9,'Редонда','RED',1),(155,10,'Антарктида и острова Южной Атлантики','AN',1),(156,10,'Буэнос-Айрес','BA',1),(157,10,'Катамарка','CA',1),(158,10,'Чако','CH',1),(159,10,'Чубут','CU',1),(160,10,'Кордова','CO',1),(161,10,'Корриентес','CR',1),(162,10,'Федеральный округ','DF',1),(163,10,'Энтре-Риос','ER',1),(164,10,'Формоса','FO',1),(165,10,'Жужуй','JU',1),(166,10,'Ла-Пампа','LP',1),(167,10,'Ла-Риоха','LR',1),(168,10,'Мендоса','ME',1),(169,10,'Мисьонес','MI',1),(170,10,'Неукен','NE',1),(171,10,'Рио-Негро','RN',1),(172,10,'Сальта','SA',1),(173,10,'Сан-Хуан','SJ',1),(174,10,'Сан-Луис','SL',1),(175,10,'Санта-Крус','SC',1),(176,10,'Санта-Фе','SF',1),(177,10,'Сантьяго-дель-Эстеро','SD',1),(178,10,'Тьерра-дель-Фуэго','TF',1),(179,10,'Тукуман','TU',1),(180,11,'Арагацотн','AGT',1),(181,11,'Арарат','ARR',1),(182,11,'Армавир','ARM',1),(183,11,'Гегаркуник','GEG',1),(184,11,'Котайк','KOT',1),(185,11,'Лори','LOR',1),(186,11,'Ширак','SHI',1),(187,11,'Сюник','SYU',1),(188,11,'Тавуш','TAV',1),(189,11,'Вайоц Дзор','VAY',1),(190,11,'Ереван','YER',1),(191,13,'Австралийская столичная территория','ACT',1),(192,13,'Новый Южный Уэльс','NSW',1),(193,13,'Северная территория','NT',1),(194,13,'Квинсленд','QLD',1),(195,13,'Южная Австралия','SA',1),(196,13,'Тасмания','TAS',1),(197,13,'Виктория','VIC',1),(198,13,'Западная Австралия','WA',1),(199,14,'Бургенланд','BUR',1),(200,14,'Каринтия','KAR',1),(201,14,'Нижняя Австрия','NOS',1),(202,14,'Верхняя Австрия','OOS',1),(203,14,'Зальцбург','SAL',1),(204,14,'Штирия','STE',1),(205,14,'Тироль','TIR',1),(206,14,'Форарльберг','VOR',1),(207,14,'Вена','WIE',1),(208,15,'Ali Bayramli','AB',1),(209,15,'Abseron','ABS',1),(210,15,'AgcabAdi','AGC',1),(211,15,'Agdam','AGM',1),(212,15,'Agdas','AGS',1),(213,15,'Agstafa','AGA',1),(214,15,'Agsu','AGU',1),(215,15,'Astara','AST',1),(216,15,'Baki','BA',1),(217,15,'BabAk','BAB',1),(218,15,'BalakAn','BAL',1),(219,15,'BArdA','BAR',1),(220,15,'Beylaqan','BEY',1),(221,15,'Bilasuvar','BIL',1),(222,15,'Cabrayil','CAB',1),(223,15,'Calilabab','CAL',1),(224,15,'Culfa','CUL',1),(225,15,'Daskasan','DAS',1),(226,15,'Davaci','DAV',1),(227,15,'Fuzuli','FUZ',1),(228,15,'Ganca','GA',1),(229,15,'Gadabay','GAD',1),(230,15,'Goranboy','GOR',1),(231,15,'Goycay','GOY',1),(232,15,'Haciqabul','HAC',1),(233,15,'Imisli','IMI',1),(234,15,'Ismayilli','ISM',1),(235,15,'Kalbacar','KAL',1),(236,15,'Kurdamir','KUR',1),(237,15,'Lankaran','LA',1),(238,15,'Lacin','LAC',1),(239,15,'Lankaran','LAN',1),(240,15,'Lerik','LER',1),(241,15,'Masalli','MAS',1),(242,15,'Mingacevir','MI',1),(243,15,'Naftalan','NA',1),(244,15,'Neftcala','NEF',1),(245,15,'Oguz','OGU',1),(246,15,'Ordubad','ORD',1),(247,15,'Qabala','QAB',1),(248,15,'Qax','QAX',1),(249,15,'Qazax','QAZ',1),(250,15,'Qobustan','QOB',1),(251,15,'Quba','QBA',1),(252,15,'Qubadli','QBI',1),(253,15,'Qusar','QUS',1),(254,15,'Saki','SA',1),(255,15,'Saatli','SAT',1),(256,15,'Sabirabad','SAB',1),(257,15,'Sadarak','SAD',1),(258,15,'Sahbuz','SAH',1),(259,15,'Saki','SAK',1),(260,15,'Salyan','SAL',1),(261,15,'Sumqayit','SM',1),(262,15,'Samaxi','SMI',1),(263,15,'Samkir','SKR',1),(264,15,'Samux','SMX',1),(265,15,'Sarur','SAR',1),(266,15,'Siyazan','SIY',1),(267,15,'Susa','SS',1),(268,15,'Susa','SUS',1),(269,15,'Tartar','TAR',1),(270,15,'Tovuz','TOV',1),(271,15,'Ucar','UCA',1),(272,15,'Xankandi','XA',1),(273,15,'Xacmaz','XAC',1),(274,15,'Xanlar','XAN',1),(275,15,'Xizi','XIZ',1),(276,15,'Xocali','XCI',1),(277,15,'Xocavand','XVD',1),(278,15,'Yardimli','YAR',1),(279,15,'Yevlax','YEV',1),(280,15,'Zangilan','ZAN',1),(281,15,'Zaqatala','ZAQ',1),(282,15,'Zardab','ZAR',1),(283,15,'Naxcivan','NX',1),(284,16,'Acklins','ACK',1),(285,16,'Berry Islands','BER',1),(286,16,'Bimini','BIM',1),(287,16,'Black Point','BLK',1),(288,16,'Cat Island','CAT',1),(289,16,'Central Abaco','CAB',1),(290,16,'Central Andros','CAN',1),(291,16,'Central Eleuthera','CEL',1),(292,16,'City of Freeport','FRE',1),(293,16,'Crooked Island','CRO',1),(294,16,'East Grand Bahama','EGB',1),(295,16,'Exuma','EXU',1),(296,16,'Grand Cay','GRD',1),(297,16,'Harbour Island','HAR',1),(298,16,'Hope Town','HOP',1),(299,16,'Inagua','INA',1),(300,16,'Long Island','LNG',1),(301,16,'Mangrove Cay','MAN',1),(302,16,'Mayaguana','MAY',1),(303,16,'Moore\'s Island','MOO',1),(304,16,'North Abaco','NAB',1),(305,16,'North Andros','NAN',1),(306,16,'North Eleuthera','NEL',1),(307,16,'Ragged Island','RAG',1),(308,16,'Rum Cay','RUM',1),(309,16,'San Salvador','SAL',1),(310,16,'South Abaco','SAB',1),(311,16,'South Andros','SAN',1),(312,16,'South Eleuthera','SEL',1),(313,16,'Spanish Wells','SWE',1),(314,16,'West Grand Bahama','WGB',1),(315,17,'Capital','CAP',1),(316,17,'Central','CEN',1),(317,17,'Muharraq','MUH',1),(318,17,'Northern','NOR',1),(319,17,'Southern','SOU',1),(320,18,'Barisal','BAR',1),(321,18,'Chittagong','CHI',1),(322,18,'Dhaka','DHA',1),(323,18,'Khulna','KHU',1),(324,18,'Rajshahi','RAJ',1),(325,18,'Sylhet','SYL',1),(326,19,'Christ Church','CC',1),(327,19,'Saint Andrew','AND',1),(328,19,'Saint George','GEO',1),(329,19,'Saint James','JAM',1),(330,19,'Saint John','JOH',1),(331,19,'Saint Joseph','JOS',1),(332,19,'Saint Lucy','LUC',1),(333,19,'Saint Michael','MIC',1),(334,19,'Saint Peter','PET',1),(335,19,'Saint Philip','PHI',1),(336,19,'Saint Thomas','THO',1),(337,20,'Брест','BR',1),(338,20,'Гомель','HO',1),(339,20,'Минск','HM',1),(340,20,'Гродно','HR',1),(341,20,'Могилев','MA',1),(342,20,'Минская область','MI',1),(343,20,'Витебск','VI',1),(344,21,'Antwerpen','VAN',1),(345,21,'Brabant Wallon','WBR',1),(346,21,'Hainaut','WHT',1),(347,21,'Liege','WLG',1),(348,21,'Limburg','VLI',1),(349,21,'Luxembourg','WLX',1),(350,21,'Namur','WNA',1),(351,21,'Oost-Vlaanderen','VOV',1),(352,21,'Vlaams Brabant','VBR',1),(353,21,'West-Vlaanderen','VWV',1),(354,22,'Belize','BZ',1),(355,22,'Cayo','CY',1),(356,22,'Corozal','CR',1),(357,22,'Orange Walk','OW',1),(358,22,'Stann Creek','SC',1),(359,22,'Toledo','TO',1),(360,23,'Alibori','AL',1),(361,23,'Atakora','AK',1),(362,23,'Atlantique','AQ',1),(363,23,'Borgou','BO',1),(364,23,'Collines','CO',1),(365,23,'Donga','DO',1),(366,23,'Kouffo','KO',1),(367,23,'Littoral','LI',1),(368,23,'Mono','MO',1),(369,23,'Oueme','OU',1),(370,23,'Plateau','PL',1),(371,23,'Zou','ZO',1),(372,24,'Devonshire','DS',1),(373,24,'Hamilton City','HC',1),(374,24,'Hamilton','HA',1),(375,24,'Paget','PG',1),(376,24,'Pembroke','PB',1),(377,24,'Saint George City','GC',1),(378,24,'Saint George\'s','SG',1),(379,24,'Sandys','SA',1),(380,24,'Smith\'s','SM',1),(381,24,'Southampton','SH',1),(382,24,'Warwick','WA',1),(383,25,'Bumthang','BUM',1),(384,25,'Chukha','CHU',1),(385,25,'Dagana','DAG',1),(386,25,'Gasa','GAS',1),(387,25,'Haa','HAA',1),(388,25,'Lhuntse','LHU',1),(389,25,'Mongar','MON',1),(390,25,'Paro','PAR',1),(391,25,'Pemagatshel','PEM',1),(392,25,'Punakha','PUN',1),(393,25,'Samdrup Jongkhar','SJO',1),(394,25,'Samtse','SAT',1),(395,25,'Sarpang','SAR',1),(396,25,'Thimphu','THI',1),(397,25,'Trashigang','TRG',1),(398,25,'Trashiyangste','TRY',1),(399,25,'Trongsa','TRO',1),(400,25,'Tsirang','TSI',1),(401,25,'Wangdue Phodrang','WPH',1),(402,25,'Zhemgang','ZHE',1),(403,26,'Beni','BEN',1),(404,26,'Chuquisaca','CHU',1),(405,26,'Cochabamba','COC',1),(406,26,'La Paz','LPZ',1),(407,26,'Oruro','ORU',1),(408,26,'Pando','PAN',1),(409,26,'Potosi','POT',1),(410,26,'Santa Cruz','SCZ',1),(411,26,'Tarija','TAR',1),(412,27,'Brcko district','BRO',1),(413,27,'Unsko-Sanski Kanton','FUS',1),(414,27,'Posavski Kanton','FPO',1),(415,27,'Tuzlanski Kanton','FTU',1),(416,27,'Zenicko-Dobojski Kanton','FZE',1),(417,27,'Bosanskopodrinjski Kanton','FBP',1),(418,27,'Srednjebosanski Kanton','FSB',1),(419,27,'Hercegovacko-neretvanski Kanton','FHN',1),(420,27,'Zapadnohercegovacka Zupanija','FZH',1),(421,27,'Kanton Sarajevo','FSA',1),(422,27,'Zapadnobosanska','FZA',1),(423,27,'Banja Luka','SBL',1),(424,27,'Doboj','SDO',1),(425,27,'Bijeljina','SBI',1),(426,27,'Vlasenica','SVL',1),(427,27,'Sarajevo-Romanija or Sokolac','SSR',1),(428,27,'Foca','SFO',1),(429,27,'Trebinje','STR',1),(430,28,'Central','CE',1),(431,28,'Ghanzi','GH',1),(432,28,'Kgalagadi','KD',1),(433,28,'Kgatleng','KT',1),(434,28,'Kweneng','KW',1),(435,28,'Ngamiland','NG',1),(436,28,'North East','NE',1),(437,28,'North West','NW',1),(438,28,'South East','SE',1),(439,28,'Southern','SO',1),(440,30,'Acre','AC',1),(441,30,'Alagoas','AL',1),(442,30,'Amapa','AP',1),(443,30,'Amazonas','AM',1),(444,30,'Bahia','BA',1),(445,30,'Ceara','CE',1),(446,30,'Distrito Federal','DF',1),(447,30,'Espirito Santo','ES',1),(448,30,'Goias','GO',1),(449,30,'Maranhao','MA',1),(450,30,'Mato Grosso','MT',1),(451,30,'Mato Grosso do Sul','MS',1),(452,30,'Minas Gerais','MG',1),(453,30,'Para','PA',1),(454,30,'Paraiba','PB',1),(455,30,'Parana','PR',1),(456,30,'Pernambuco','PE',1),(457,30,'Piaui','PI',1),(458,30,'Rio de Janeiro','RJ',1),(459,30,'Rio Grande do Norte','RN',1),(460,30,'Rio Grande do Sul','RS',1),(461,30,'Rondonia','RO',1),(462,30,'Roraima','RR',1),(463,30,'Santa Catarina','SC',1),(464,30,'Sao Paulo','SP',1),(465,30,'Sergipe','SE',1),(466,30,'Tocantins','TO',1),(467,31,'Peros Banhos','PB',1),(468,31,'Salomon Islands','SI',1),(469,31,'Nelsons Island','NI',1),(470,31,'Three Brothers','TB',1),(471,31,'Eagle Islands','EA',1),(472,31,'Danger Island','DI',1),(473,31,'Egmont Islands','EG',1),(474,31,'Diego Garcia','DG',1),(475,32,'Belait','BEL',1),(476,32,'Brunei and Muara','BRM',1),(477,32,'Temburong','TEM',1),(478,32,'Tutong','TUT',1),(479,33,'Blagoevgrad','',1),(480,33,'Burgas','',1),(481,33,'Dobrich','',1),(482,33,'Gabrovo','',1),(483,33,'Haskovo','',1),(484,33,'Kardjali','',1),(485,33,'Kyustendil','',1),(486,33,'Lovech','',1),(487,33,'Montana','',1),(488,33,'Pazardjik','',1),(489,33,'Pernik','',1),(490,33,'Pleven','',1),(491,33,'Plovdiv','',1),(492,33,'Razgrad','',1),(493,33,'Shumen','',1),(494,33,'Silistra','',1),(495,33,'Sliven','',1),(496,33,'Smolyan','',1),(497,33,'Sofia','',1),(498,33,'Sofia - town','',1),(499,33,'Stara Zagora','',1),(500,33,'Targovishte','',1),(501,33,'Varna','',1),(502,33,'Veliko Tarnovo','',1),(503,33,'Vidin','',1),(504,33,'Vratza','',1),(505,33,'Yambol','',1),(506,34,'Bale','BAL',1),(507,34,'Bam','BAM',1),(508,34,'Banwa','BAN',1),(509,34,'Bazega','BAZ',1),(510,34,'Bougouriba','BOR',1),(511,34,'Boulgou','BLG',1),(512,34,'Boulkiemde','BOK',1),(513,34,'Comoe','COM',1),(514,34,'Ganzourgou','GAN',1),(515,34,'Gnagna','GNA',1),(516,34,'Gourma','GOU',1),(517,34,'Houet','HOU',1),(518,34,'Ioba','IOA',1),(519,34,'Kadiogo','KAD',1),(520,34,'Kenedougou','KEN',1),(521,34,'Komondjari','KOD',1),(522,34,'Kompienga','KOP',1),(523,34,'Kossi','KOS',1),(524,34,'Koulpelogo','KOL',1),(525,34,'Kouritenga','KOT',1),(526,34,'Kourweogo','KOW',1),(527,34,'Leraba','LER',1),(528,34,'Loroum','LOR',1),(529,34,'Mouhoun','MOU',1),(530,34,'Nahouri','NAH',1),(531,34,'Namentenga','NAM',1),(532,34,'Nayala','NAY',1),(533,34,'Noumbiel','NOU',1),(534,34,'Oubritenga','OUB',1),(535,34,'Oudalan','OUD',1),(536,34,'Passore','PAS',1),(537,34,'Poni','PON',1),(538,34,'Sanguie','SAG',1),(539,34,'Sanmatenga','SAM',1),(540,34,'Seno','SEN',1),(541,34,'Sissili','SIS',1),(542,34,'Soum','SOM',1),(543,34,'Sourou','SOR',1),(544,34,'Tapoa','TAP',1),(545,34,'Tuy','TUY',1),(546,34,'Yagha','YAG',1),(547,34,'Yatenga','YAT',1),(548,34,'Ziro','ZIR',1),(549,34,'Zondoma','ZOD',1),(550,34,'Zoundweogo','ZOW',1),(551,35,'Bubanza','BB',1),(552,35,'Bujumbura','BJ',1),(553,35,'Bururi','BR',1),(554,35,'Cankuzo','CA',1),(555,35,'Cibitoke','CI',1),(556,35,'Gitega','GI',1),(557,35,'Karuzi','KR',1),(558,35,'Kayanza','KY',1),(559,35,'Kirundo','KI',1),(560,35,'Makamba','MA',1),(561,35,'Muramvya','MU',1),(562,35,'Muyinga','MY',1),(563,35,'Mwaro','MW',1),(564,35,'Ngozi','NG',1),(565,35,'Rutana','RT',1),(566,35,'Ruyigi','RY',1),(567,36,'Phnom Penh','PP',1),(568,36,'Preah Seihanu (Kompong Som or Sihanoukville)','PS',1),(569,36,'Pailin','PA',1),(570,36,'Keb','KB',1),(571,36,'Banteay Meanchey','BM',1),(572,36,'Battambang','BA',1),(573,36,'Kampong Cham','KM',1),(574,36,'Kampong Chhnang','KN',1),(575,36,'Kampong Speu','KU',1),(576,36,'Kampong Som','KO',1),(577,36,'Kampong Thom','KT',1),(578,36,'Kampot','KP',1),(579,36,'Kandal','KL',1),(580,36,'Kaoh Kong','KK',1),(581,36,'Kratie','KR',1),(582,36,'Mondul Kiri','MK',1),(583,36,'Oddar Meancheay','OM',1),(584,36,'Pursat','PU',1),(585,36,'Preah Vihear','PR',1),(586,36,'Prey Veng','PG',1),(587,36,'Ratanak Kiri','RK',1),(588,36,'Siemreap','SI',1),(589,36,'Stung Treng','ST',1),(590,36,'Svay Rieng','SR',1),(591,36,'Takeo','TK',1),(592,37,'Adamawa (Adamaoua)','ADA',1),(593,37,'Centre','CEN',1),(594,37,'East (Est)','EST',1),(595,37,'Extreme North (Extreme-Nord)','EXN',1),(596,37,'Littoral','LIT',1),(597,37,'North (Nord)','NOR',1),(598,37,'Northwest (Nord-Ouest)','NOT',1),(599,37,'West (Ouest)','OUE',1),(600,37,'South (Sud)','SUD',1),(601,37,'Southwest (Sud-Ouest).','SOU',1),(602,38,'Alberta','AB',1),(603,38,'British Columbia','BC',1),(604,38,'Manitoba','MB',1),(605,38,'New Brunswick','NB',1),(606,38,'Newfoundland and Labrador','NL',1),(607,38,'Northwest Territories','NT',1),(608,38,'Nova Scotia','NS',1),(609,38,'Nunavut','NU',1),(610,38,'Ontario','ON',1),(611,38,'Prince Edward Island','PE',1),(612,38,'Qu&eacute;bec','QC',1),(613,38,'Saskatchewan','SK',1),(614,38,'Yukon Territory','YT',1),(615,39,'Boa Vista','BV',1),(616,39,'Brava','BR',1),(617,39,'Calheta de Sao Miguel','CS',1),(618,39,'Maio','MA',1),(619,39,'Mosteiros','MO',1),(620,39,'Paul','PA',1),(621,39,'Porto Novo','PN',1),(622,39,'Praia','PR',1),(623,39,'Ribeira Grande','RG',1),(624,39,'Sal','SL',1),(625,39,'Santa Catarina','CA',1),(626,39,'Santa Cruz','CR',1),(627,39,'Sao Domingos','SD',1),(628,39,'Sao Filipe','SF',1),(629,39,'Sao Nicolau','SN',1),(630,39,'Sao Vicente','SV',1),(631,39,'Tarrafal','TA',1),(632,40,'Creek','CR',1),(633,40,'Eastern','EA',1),(634,40,'Midland','ML',1),(635,40,'South Town','ST',1),(636,40,'Spot Bay','SP',1),(637,40,'Stake Bay','SK',1),(638,40,'West End','WD',1),(639,40,'Western','WN',1),(640,41,'Bamingui-Bangoran','BBA',1),(641,41,'Basse-Kotto','BKO',1),(642,41,'Haute-Kotto','HKO',1),(643,41,'Haut-Mbomou','HMB',1),(644,41,'Kemo','KEM',1),(645,41,'Lobaye','LOB',1),(646,41,'Mambere-KadeÔ','MKD',1),(647,41,'Mbomou','MBO',1),(648,41,'Nana-Mambere','NMM',1),(649,41,'Ombella-M\'Poko','OMP',1),(650,41,'Ouaka','OUK',1),(651,41,'Ouham','OUH',1),(652,41,'Ouham-Pende','OPE',1),(653,41,'Vakaga','VAK',1),(654,41,'Nana-Grebizi','NGR',1),(655,41,'Sangha-Mbaere','SMB',1),(656,41,'Bangui','BAN',1),(657,42,'Batha','BA',1),(658,42,'Biltine','BI',1),(659,42,'Borkou-Ennedi-Tibesti','BE',1),(660,42,'Chari-Baguirmi','CB',1),(661,42,'Guera','GU',1),(662,42,'Kanem','KA',1),(663,42,'Lac','LA',1),(664,42,'Logone Occidental','LC',1),(665,42,'Logone Oriental','LR',1),(666,42,'Mayo-Kebbi','MK',1),(667,42,'Moyen-Chari','MC',1),(668,42,'Ouaddai','OU',1),(669,42,'Salamat','SA',1),(670,42,'Tandjile','TA',1),(671,43,'Aisen del General Carlos Ibanez','AI',1),(672,43,'Antofagasta','AN',1),(673,43,'Araucania','AR',1),(674,43,'Atacama','AT',1),(675,43,'Bio-Bio','BI',1),(676,43,'Coquimbo','CO',1),(677,43,'Libertador General Bernardo O\'Hi','LI',1),(678,43,'Los Lagos','LL',1),(679,43,'Magallanes y de la Antartica Chi','MA',1),(680,43,'Maule','ML',1),(681,43,'Region Metropolitana','RM',1),(682,43,'Tarapaca','TA',1),(683,43,'Valparaiso','VS',1),(684,44,'Anhui','AN',1),(685,44,'Beijing','BE',1),(686,44,'Chongqing','CH',1),(687,44,'Fujian','FU',1),(688,44,'Gansu','GA',1),(689,44,'Guangdong','GU',1),(690,44,'Guangxi','GX',1),(691,44,'Guizhou','GZ',1),(692,44,'Hainan','HA',1),(693,44,'Hebei','HB',1),(694,44,'Heilongjiang','HL',1),(695,44,'Henan','HE',1),(696,44,'Hong Kong','HK',1),(697,44,'Hubei','HU',1),(698,44,'Hunan','HN',1),(699,44,'Inner Mongolia','IM',1),(700,44,'Jiangsu','JI',1),(701,44,'Jiangxi','JX',1),(702,44,'Jilin','JL',1),(703,44,'Liaoning','LI',1),(704,44,'Macau','MA',1),(705,44,'Ningxia','NI',1),(706,44,'Shaanxi','SH',1),(707,44,'Shandong','SA',1),(708,44,'Shanghai','SG',1),(709,44,'Shanxi','SX',1),(710,44,'Sichuan','SI',1),(711,44,'Tianjin','TI',1),(712,44,'Xinjiang','XI',1),(713,44,'Yunnan','YU',1),(714,44,'Zhejiang','ZH',1),(715,46,'Direction Island','D',1),(716,46,'Home Island','H',1),(717,46,'Horsburgh Island','O',1),(718,46,'South Island','S',1),(719,46,'West Island','W',1),(720,47,'Amazonas','AMZ',1),(721,47,'Antioquia','ANT',1),(722,47,'Arauca','ARA',1),(723,47,'Atlantico','ATL',1),(724,47,'Bogota D.C.','BDC',1),(725,47,'Bolivar','BOL',1),(726,47,'Boyaca','BOY',1),(727,47,'Caldas','CAL',1),(728,47,'Caqueta','CAQ',1),(729,47,'Casanare','CAS',1),(730,47,'Cauca','CAU',1),(731,47,'Cesar','CES',1),(732,47,'Choco','CHO',1),(733,47,'Cordoba','COR',1),(734,47,'Cundinamarca','CAM',1),(735,47,'Guainia','GNA',1),(736,47,'Guajira','GJR',1),(737,47,'Guaviare','GVR',1),(738,47,'Huila','HUI',1),(739,47,'Magdalena','MAG',1),(740,47,'Meta','MET',1),(741,47,'Narino','NAR',1),(742,47,'Norte de Santander','NDS',1),(743,47,'Putumayo','PUT',1),(744,47,'Quindio','QUI',1),(745,47,'Risaralda','RIS',1),(746,47,'San Andres y Providencia','SAP',1),(747,47,'Santander','SAN',1),(748,47,'Sucre','SUC',1),(749,47,'Tolima','TOL',1),(750,47,'Valle del Cauca','VDC',1),(751,47,'Vaupes','VAU',1),(752,47,'Vichada','VIC',1),(753,48,'Grande Comore','G',1),(754,48,'Anjouan','A',1),(755,48,'Moheli','M',1),(756,49,'Bouenza','BO',1),(757,49,'Brazzaville','BR',1),(758,49,'Cuvette','CU',1),(759,49,'Cuvette-Ouest','CO',1),(760,49,'Kouilou','KO',1),(761,49,'Lekoumou','LE',1),(762,49,'Likouala','LI',1),(763,49,'Niari','NI',1),(764,49,'Plateaux','PL',1),(765,49,'Pool','PO',1),(766,49,'Sangha','SA',1),(767,50,'Pukapuka','PU',1),(768,50,'Rakahanga','RK',1),(769,50,'Manihiki','MK',1),(770,50,'Penrhyn','PE',1),(771,50,'Nassau Island','NI',1),(772,50,'Surwarrow','SU',1),(773,50,'Palmerston','PA',1),(774,50,'Aitutaki','AI',1),(775,50,'Manuae','MA',1),(776,50,'Takutea','TA',1),(777,50,'Mitiaro','MT',1),(778,50,'Atiu','AT',1),(779,50,'Mauke','MU',1),(780,50,'Rarotonga','RR',1),(781,50,'Mangaia','MG',1),(782,51,'Alajuela','AL',1),(783,51,'Cartago','CA',1),(784,51,'Guanacaste','GU',1),(785,51,'Heredia','HE',1),(786,51,'Limon','LI',1),(787,51,'Puntarenas','PU',1),(788,51,'San Jose','SJ',1),(789,52,'Abengourou','ABE',1),(790,52,'Abidjan','ABI',1),(791,52,'Aboisso','ABO',1),(792,52,'Adiake','ADI',1),(793,52,'Adzope','ADZ',1),(794,52,'Agboville','AGB',1),(795,52,'Agnibilekrou','AGN',1),(796,52,'Alepe','ALE',1),(797,52,'Bocanda','BOC',1),(798,52,'Bangolo','BAN',1),(799,52,'Beoumi','BEO',1),(800,52,'Biankouma','BIA',1),(801,52,'Bondoukou','BDK',1),(802,52,'Bongouanou','BGN',1),(803,52,'Bouafle','BFL',1),(804,52,'Bouake','BKE',1),(805,52,'Bouna','BNA',1),(806,52,'Boundiali','BDL',1),(807,52,'Dabakala','DKL',1),(808,52,'Dabou','DBU',1),(809,52,'Daloa','DAL',1),(810,52,'Danane','DAN',1),(811,52,'Daoukro','DAO',1),(812,52,'Dimbokro','DIM',1),(813,52,'Divo','DIV',1),(814,52,'Duekoue','DUE',1),(815,52,'Ferkessedougou','FER',1),(816,52,'Gagnoa','GAG',1),(817,52,'Grand-Bassam','GBA',1),(818,52,'Grand-Lahou','GLA',1),(819,52,'Guiglo','GUI',1),(820,52,'Issia','ISS',1),(821,52,'Jacqueville','JAC',1),(822,52,'Katiola','KAT',1),(823,52,'Korhogo','KOR',1),(824,52,'Lakota','LAK',1),(825,52,'Man','MAN',1),(826,52,'Mankono','MKN',1),(827,52,'Mbahiakro','MBA',1),(828,52,'Odienne','ODI',1),(829,52,'Oume','OUM',1),(830,52,'Sakassou','SAK',1),(831,52,'San-Pedro','SPE',1),(832,52,'Sassandra','SAS',1),(833,52,'Seguela','SEG',1),(834,52,'Sinfra','SIN',1),(835,52,'Soubre','SOU',1),(836,52,'Tabou','TAB',1),(837,52,'Tanda','TAN',1),(838,52,'Tiebissou','TIE',1),(839,52,'Tingrela','TIN',1),(840,52,'Tiassale','TIA',1),(841,52,'Touba','TBA',1),(842,52,'Toulepleu','TLP',1),(843,52,'Toumodi','TMD',1),(844,52,'Vavoua','VAV',1),(845,52,'Yamoussoukro','YAM',1),(846,52,'Zuenoula','ZUE',1),(847,53,'Bjelovar-Bilogora','BB',1),(848,53,'City of Zagreb','CZ',1),(849,53,'Dubrovnik-Neretva','DN',1),(850,53,'Istra','IS',1),(851,53,'Karlovac','KA',1),(852,53,'Koprivnica-Krizevci','KK',1),(853,53,'Krapina-Zagorje','KZ',1),(854,53,'Lika-Senj','LS',1),(855,53,'Medimurje','ME',1),(856,53,'Osijek-Baranja','OB',1),(857,53,'Pozega-Slavonia','PS',1),(858,53,'Primorje-Gorski Kotar','PG',1),(859,53,'Sibenik','SI',1),(860,53,'Sisak-Moslavina','SM',1),(861,53,'Slavonski Brod-Posavina','SB',1),(862,53,'Split-Dalmatia','SD',1),(863,53,'Varazdin','VA',1),(864,53,'Virovitica-Podravina','VP',1),(865,53,'Vukovar-Srijem','VS',1),(866,53,'Zadar-Knin','ZK',1),(867,53,'Zagreb','ZA',1),(868,54,'Camaguey','CA',1),(869,54,'Ciego de Avila','CD',1),(870,54,'Cienfuegos','CI',1),(871,54,'Ciudad de La Habana','CH',1),(872,54,'Granma','GR',1),(873,54,'Guantanamo','GU',1),(874,54,'Holguin','HO',1),(875,54,'Isla de la Juventud','IJ',1),(876,54,'La Habana','LH',1),(877,54,'Las Tunas','LT',1),(878,54,'Matanzas','MA',1),(879,54,'Pinar del Rio','PR',1),(880,54,'Sancti Spiritus','SS',1),(881,54,'Santiago de Cuba','SC',1),(882,54,'Villa Clara','VC',1),(883,55,'Famagusta','F',1),(884,55,'Kyrenia','K',1),(885,55,'Larnaca','A',1),(886,55,'Limassol','I',1),(887,55,'Nicosia','N',1),(888,55,'Paphos','P',1),(889,56,'Ústecký','U',1),(890,56,'Jihočeský','C',1),(891,56,'Jihomoravský','B',1),(892,56,'Karlovarský','K',1),(893,56,'Královehradecký','H',1),(894,56,'Liberecký','L',1),(895,56,'Moravskoslezský','T',1),(896,56,'Olomoucký','M',1),(897,56,'Pardubický','E',1),(898,56,'Plzeňský','P',1),(899,56,'Praha','A',1),(900,56,'Středočeský','S',1),(901,56,'Vysočina','J',1),(902,56,'Zlínský','Z',1),(903,57,'Arhus','AR',1),(904,57,'Bornholm','BH',1),(905,57,'Copenhagen','CO',1),(906,57,'Faroe Islands','FO',1),(907,57,'Frederiksborg','FR',1),(908,57,'Fyn','FY',1),(909,57,'Kobenhavn','KO',1),(910,57,'Nordjylland','NO',1),(911,57,'Ribe','RI',1),(912,57,'Ringkobing','RK',1),(913,57,'Roskilde','RO',1),(914,57,'Sonderjylland','SO',1),(915,57,'Storstrom','ST',1),(916,57,'Vejle','VK',1),(917,57,'Vestj&aelig;lland','VJ',1),(918,57,'Viborg','VB',1),(919,58,'\'Ali Sabih','S',1),(920,58,'Dikhil','K',1),(921,58,'Djibouti','J',1),(922,58,'Obock','O',1),(923,58,'Tadjoura','T',1),(924,59,'Saint Andrew Parish','AND',1),(925,59,'Saint David Parish','DAV',1),(926,59,'Saint George Parish','GEO',1),(927,59,'Saint John Parish','JOH',1),(928,59,'Saint Joseph Parish','JOS',1),(929,59,'Saint Luke Parish','LUK',1),(930,59,'Saint Mark Parish','MAR',1),(931,59,'Saint Patrick Parish','PAT',1),(932,59,'Saint Paul Parish','PAU',1),(933,59,'Saint Peter Parish','PET',1),(934,60,'Distrito Nacional','DN',1),(935,60,'Azua','AZ',1),(936,60,'Baoruco','BC',1),(937,60,'Barahona','BH',1),(938,60,'Dajabon','DJ',1),(939,60,'Duarte','DU',1),(940,60,'Elias Pina','EL',1),(941,60,'El Seybo','SY',1),(942,60,'Espaillat','ET',1),(943,60,'Hato Mayor','HM',1),(944,60,'Independencia','IN',1),(945,60,'La Altagracia','AL',1),(946,60,'La Romana','RO',1),(947,60,'La Vega','VE',1),(948,60,'Maria Trinidad Sanchez','MT',1),(949,60,'Monsenor Nouel','MN',1),(950,60,'Monte Cristi','MC',1),(951,60,'Monte Plata','MP',1),(952,60,'Pedernales','PD',1),(953,60,'Peravia (Bani)','PR',1),(954,60,'Puerto Plata','PP',1),(955,60,'Salcedo','SL',1),(956,60,'Samana','SM',1),(957,60,'Sanchez Ramirez','SH',1),(958,60,'San Cristobal','SC',1),(959,60,'San Jose de Ocoa','JO',1),(960,60,'San Juan','SJ',1),(961,60,'San Pedro de Macoris','PM',1),(962,60,'Santiago','SA',1),(963,60,'Santiago Rodriguez','ST',1),(964,60,'Santo Domingo','SD',1),(965,60,'Valverde','VA',1),(966,61,'Aileu','AL',1),(967,61,'Ainaro','AN',1),(968,61,'Baucau','BA',1),(969,61,'Bobonaro','BO',1),(970,61,'Cova Lima','CO',1),(971,61,'Dili','DI',1),(972,61,'Ermera','ER',1),(973,61,'Lautem','LA',1),(974,61,'Liquica','LI',1),(975,61,'Manatuto','MT',1),(976,61,'Manufahi','MF',1),(977,61,'Oecussi','OE',1),(978,61,'Viqueque','VI',1),(979,62,'Azuay','AZU',1),(980,62,'Bolivar','BOL',1),(981,62,'Ca&ntilde;ar','CAN',1),(982,62,'Carchi','CAR',1),(983,62,'Chimborazo','CHI',1),(984,62,'Cotopaxi','COT',1),(985,62,'El Oro','EOR',1),(986,62,'Esmeraldas','ESM',1),(987,62,'Gal&aacute;pagos','GPS',1),(988,62,'Guayas','GUA',1),(989,62,'Imbabura','IMB',1),(990,62,'Loja','LOJ',1),(991,62,'Los Rios','LRO',1),(992,62,'Manab&iacute;','MAN',1),(993,62,'Morona Santiago','MSA',1),(994,62,'Napo','NAP',1),(995,62,'Orellana','ORE',1),(996,62,'Pastaza','PAS',1),(997,62,'Pichincha','PIC',1),(998,62,'Sucumb&iacute;os','SUC',1),(999,62,'Tungurahua','TUN',1),(1000,62,'Zamora Chinchipe','ZCH',1),(1001,63,'Ad Daqahliyah','DHY',1),(1002,63,'Al Bahr al Ahmar','BAM',1),(1003,63,'Al Buhayrah','BHY',1),(1004,63,'Al Fayyum','FYM',1),(1005,63,'Al Gharbiyah','GBY',1),(1006,63,'Al Iskandariyah','IDR',1),(1007,63,'Al Isma\'iliyah','IML',1),(1008,63,'Al Jizah','JZH',1),(1009,63,'Al Minufiyah','MFY',1),(1010,63,'Al Minya','MNY',1),(1011,63,'Al Qahirah','QHR',1),(1012,63,'Al Qalyubiyah','QLY',1),(1013,63,'Al Wadi al Jadid','WJD',1),(1014,63,'Ash Sharqiyah','SHQ',1),(1015,63,'As Suways','SWY',1),(1016,63,'Aswan','ASW',1),(1017,63,'Asyut','ASY',1),(1018,63,'Bani Suwayf','BSW',1),(1019,63,'Bur Sa\'id','BSD',1),(1020,63,'Dumyat','DMY',1),(1021,63,'Janub Sina\'','JNS',1),(1022,63,'Kafr ash Shaykh','KSH',1),(1023,63,'Matruh','MAT',1),(1024,63,'Qina','QIN',1),(1025,63,'Shamal Sina\'','SHS',1),(1026,63,'Suhaj','SUH',1),(1027,64,'Ahuachapan','AH',1),(1028,64,'Cabanas','CA',1),(1029,64,'Chalatenango','CH',1),(1030,64,'Cuscatlan','CU',1),(1031,64,'La Libertad','LB',1),(1032,64,'La Paz','PZ',1),(1033,64,'La Union','UN',1),(1034,64,'Morazan','MO',1),(1035,64,'San Miguel','SM',1),(1036,64,'San Salvador','SS',1),(1037,64,'San Vicente','SV',1),(1038,64,'Santa Ana','SA',1),(1039,64,'Sonsonate','SO',1),(1040,64,'Usulutan','US',1),(1041,65,'Provincia Annobon','AN',1),(1042,65,'Provincia Bioko Norte','BN',1),(1043,65,'Provincia Bioko Sur','BS',1),(1044,65,'Provincia Centro Sur','CS',1),(1045,65,'Provincia Kie-Ntem','KN',1),(1046,65,'Provincia Litoral','LI',1),(1047,65,'Provincia Wele-Nzas','WN',1),(1048,66,'Central (Maekel)','MA',1),(1049,66,'Anseba (Keren)','KE',1),(1050,66,'Southern Red Sea (Debub-Keih-Bahri)','DK',1),(1051,66,'Northern Red Sea (Semien-Keih-Bahri)','SK',1),(1052,66,'Southern (Debub)','DE',1),(1053,66,'Gash-Barka (Barentu)','BR',1),(1054,67,'Harjumaa (Tallinn)','HA',1),(1055,67,'Hiiumaa (Kardla)','HI',1),(1056,67,'Ida-Virumaa (Johvi)','IV',1),(1057,67,'Jarvamaa (Paide)','JA',1),(1058,67,'Jogevamaa (Jogeva)','JO',1),(1059,67,'Laane-Virumaa (Rakvere)','LV',1),(1060,67,'Laanemaa (Haapsalu)','LA',1),(1061,67,'Parnumaa (Parnu)','PA',1),(1062,67,'Polvamaa (Polva)','PO',1),(1063,67,'Raplamaa (Rapla)','RA',1),(1064,67,'Saaremaa (Kuessaare)','SA',1),(1065,67,'Tartumaa (Tartu)','TA',1),(1066,67,'Valgamaa (Valga)','VA',1),(1067,67,'Viljandimaa (Viljandi)','VI',1),(1068,67,'Vorumaa (Voru)','VO',1),(1069,68,'Afar','AF',1),(1070,68,'Amhara','AH',1),(1071,68,'Benishangul-Gumaz','BG',1),(1072,68,'Gambela','GB',1),(1073,68,'Hariai','HR',1),(1074,68,'Oromia','OR',1),(1075,68,'Somali','SM',1),(1076,68,'Southern Nations - Nationalities and Peoples Region','SN',1),(1077,68,'Tigray','TG',1),(1078,68,'Addis Ababa','AA',1),(1079,68,'Dire Dawa','DD',1),(1080,71,'Central Division','C',1),(1081,71,'Northern Division','N',1),(1082,71,'Eastern Division','E',1),(1083,71,'Western Division','W',1),(1084,71,'Rotuma','R',1),(1085,72,'Ahvenanmaan Laani','AL',1),(1086,72,'Etela-Suomen Laani','ES',1),(1087,72,'Ita-Suomen Laani','IS',1),(1088,72,'Lansi-Suomen Laani','LS',1),(1089,72,'Lapin Lanani','LA',1),(1090,72,'Oulun Laani','OU',1),(1091,73,'Alsace','AL',1),(1092,73,'Aquitaine','AQ',1),(1093,73,'Auvergne','AU',1),(1094,73,'Brittany','BR',1),(1095,73,'Burgundy','BU',1),(1096,73,'Center Loire Valley','CE',1),(1097,73,'Champagne','CH',1),(1098,73,'Corse','CO',1),(1099,73,'France Comte','FR',1),(1100,73,'Languedoc Roussillon','LA',1),(1101,73,'Limousin','LI',1),(1102,73,'Lorraine','LO',1),(1103,73,'Midi Pyrenees','MI',1),(1104,73,'Nord Pas de Calais','NO',1),(1105,73,'Normandy','NR',1),(1106,73,'Paris / Ill de France','PA',1),(1107,73,'Picardie','PI',1),(1108,73,'Poitou Charente','PO',1),(1109,73,'Provence','PR',1),(1110,73,'Rhone Alps','RH',1),(1111,73,'Riviera','RI',1),(1112,73,'Western Loire Valley','WE',1),(1113,74,'Etranger','Et',1),(1114,74,'Ain','01',1),(1115,74,'Aisne','02',1),(1116,74,'Allier','03',1),(1117,74,'Alpes de Haute Provence','04',1),(1118,74,'Hautes-Alpes','05',1),(1119,74,'Alpes Maritimes','06',1),(1120,74,'Ard&egrave;che','07',1),(1121,74,'Ardennes','08',1),(1122,74,'Ari&egrave;ge','09',1),(1123,74,'Aube','10',1),(1124,74,'Aude','11',1),(1125,74,'Aveyron','12',1),(1126,74,'Bouches du Rh&ocirc;ne','13',1),(1127,74,'Calvados','14',1),(1128,74,'Cantal','15',1),(1129,74,'Charente','16',1),(1130,74,'Charente Maritime','17',1),(1131,74,'Cher','18',1),(1132,74,'Corr&egrave;ze','19',1),(1133,74,'Corse du Sud','2A',1),(1134,74,'Haute Corse','2B',1),(1135,74,'C&ocirc;te d&#039;or','21',1),(1136,74,'C&ocirc;tes d&#039;Armor','22',1),(1137,74,'Creuse','23',1),(1138,74,'Dordogne','24',1),(1139,74,'Doubs','25',1),(1140,74,'Dr&ocirc;me','26',1),(1141,74,'Eure','27',1),(1142,74,'Eure et Loir','28',1),(1143,74,'Finist&egrave;re','29',1),(1144,74,'Gard','30',1),(1145,74,'Haute Garonne','31',1),(1146,74,'Gers','32',1),(1147,74,'Gironde','33',1),(1148,74,'H&eacute;rault','34',1),(1149,74,'Ille et Vilaine','35',1),(1150,74,'Indre','36',1),(1151,74,'Indre et Loire','37',1),(1152,74,'Is&eacute;re','38',1),(1153,74,'Jura','39',1),(1154,74,'Landes','40',1),(1155,74,'Loir et Cher','41',1),(1156,74,'Loire','42',1),(1157,74,'Haute Loire','43',1),(1158,74,'Loire Atlantique','44',1),(1159,74,'Loiret','45',1),(1160,74,'Lot','46',1),(1161,74,'Lot et Garonne','47',1),(1162,74,'Loz&egrave;re','48',1),(1163,74,'Maine et Loire','49',1),(1164,74,'Manche','50',1),(1165,74,'Marne','51',1),(1166,74,'Haute Marne','52',1),(1167,74,'Mayenne','53',1),(1168,74,'Meurthe et Moselle','54',1),(1169,74,'Meuse','55',1),(1170,74,'Morbihan','56',1),(1171,74,'Moselle','57',1),(1172,74,'Ni&egrave;vre','58',1),(1173,74,'Nord','59',1),(1174,74,'Oise','60',1),(1175,74,'Orne','61',1),(1176,74,'Pas de Calais','62',1),(1177,74,'Puy de D&ocirc;me','63',1),(1178,74,'Pyr&eacute;n&eacute;es Atlantiques','64',1),(1179,74,'Hautes Pyr&eacute;n&eacute;es','65',1),(1180,74,'Pyr&eacute;n&eacute;es Orientales','66',1),(1181,74,'Bas Rhin','67',1),(1182,74,'Haut Rhin','68',1),(1183,74,'Rh&ocirc;ne','69',1),(1184,74,'Haute Sa&ocirc;ne','70',1),(1185,74,'Sa&ocirc;ne et Loire','71',1),(1186,74,'Sarthe','72',1),(1187,74,'Savoie','73',1),(1188,74,'Haute Savoie','74',1),(1189,74,'Paris','75',1),(1190,74,'Seine Maritime','76',1),(1191,74,'Seine et Marne','77',1),(1192,74,'Yvelines','78',1),(1193,74,'Deux S&egrave;vres','79',1),(1194,74,'Somme','80',1),(1195,74,'Tarn','81',1),(1196,74,'Tarn et Garonne','82',1),(1197,74,'Var','83',1),(1198,74,'Vaucluse','84',1),(1199,74,'Vend&eacute;e','85',1),(1200,74,'Vienne','86',1),(1201,74,'Haute Vienne','87',1),(1202,74,'Vosges','88',1),(1203,74,'Yonne','89',1),(1204,74,'Territoire de Belfort','90',1),(1205,74,'Essonne','91',1),(1206,74,'Hauts de Seine','92',1),(1207,74,'Seine St-Denis','93',1),(1208,74,'Val de Marne','94',1),(1209,74,'Val d\'Oise','95',1),(1210,76,'Archipel des Marquises','M',1),(1211,76,'Archipel des Tuamotu','T',1),(1212,76,'Archipel des Tubuai','I',1),(1213,76,'Iles du Vent','V',1),(1214,76,'Iles Sous-le-Vent','S',1),(1215,77,'Iles Crozet','C',1),(1216,77,'Iles Kerguelen','K',1),(1217,77,'Ile Amsterdam','A',1),(1218,77,'Ile Saint-Paul','P',1),(1219,77,'Adelie Land','D',1),(1220,78,'Estuaire','ES',1),(1221,78,'Haut-Ogooue','HO',1),(1222,78,'Moyen-Ogooue','MO',1),(1223,78,'Ngounie','NG',1),(1224,78,'Nyanga','NY',1),(1225,78,'Ogooue-Ivindo','OI',1),(1226,78,'Ogooue-Lolo','OL',1),(1227,78,'Ogooue-Maritime','OM',1),(1228,78,'Woleu-Ntem','WN',1),(1229,79,'Banjul','BJ',1),(1230,79,'Basse','BS',1),(1231,79,'Brikama','BR',1),(1232,79,'Janjangbure','JA',1),(1233,79,'Kanifeng','KA',1),(1234,79,'Kerewan','KE',1),(1235,79,'Kuntaur','KU',1),(1236,79,'Mansakonko','MA',1),(1237,79,'Lower River','LR',1),(1238,79,'Central River','CR',1),(1239,79,'North Bank','NB',1),(1240,79,'Upper River','UR',1),(1241,79,'Western','WE',1),(1242,80,'Abkhazia','AB',1),(1243,80,'Ajaria','AJ',1),(1244,80,'Tbilisi','TB',1),(1245,80,'Guria','GU',1),(1246,80,'Imereti','IM',1),(1247,80,'Kakheti','KA',1),(1248,80,'Kvemo Kartli','KK',1),(1249,80,'Mtskheta-Mtianeti','MM',1),(1250,80,'Racha Lechkhumi and Kvemo Svanet','RL',1),(1251,80,'Samegrelo-Zemo Svaneti','SZ',1),(1252,80,'Samtskhe-Javakheti','SJ',1),(1253,80,'Shida Kartli','SK',1),(1254,81,'Baden-W&uuml;rttemberg','BAW',1),(1255,81,'Bayern','BAY',1),(1256,81,'Berlin','BER',1),(1257,81,'Brandenburg','BRG',1),(1258,81,'Bremen','BRE',1),(1259,81,'Hamburg','HAM',1),(1260,81,'Hessen','HES',1),(1261,81,'Mecklenburg-Vorpommern','MEC',1),(1262,81,'Niedersachsen','NDS',1),(1263,81,'Nordrhein-Westfalen','NRW',1),(1264,81,'Rheinland-Pfalz','RHE',1),(1265,81,'Saarland','SAR',1),(1266,81,'Sachsen','SAS',1),(1267,81,'Sachsen-Anhalt','SAC',1),(1268,81,'Schleswig-Holstein','SCN',1),(1269,81,'Th&uuml;ringen','THE',1),(1270,82,'Ashanti Region','AS',1),(1271,82,'Brong-Ahafo Region','BA',1),(1272,82,'Central Region','CE',1),(1273,82,'Eastern Region','EA',1),(1274,82,'Greater Accra Region','GA',1),(1275,82,'Northern Region','NO',1),(1276,82,'Upper East Region','UE',1),(1277,82,'Upper West Region','UW',1),(1278,82,'Volta Region','VO',1),(1279,82,'Western Region','WE',1),(1280,84,'Attica','AT',1),(1281,84,'Central Greece','CN',1),(1282,84,'Central Macedonia','CM',1),(1283,84,'Crete','CR',1),(1284,84,'East Macedonia and Thrace','EM',1),(1285,84,'Epirus','EP',1),(1286,84,'Ionian Islands','II',1),(1287,84,'North Aegean','NA',1),(1288,84,'Peloponnesos','PP',1),(1289,84,'South Aegean','SA',1),(1290,84,'Thessaly','TH',1),(1291,84,'West Greece','WG',1),(1292,84,'West Macedonia','WM',1),(1293,85,'Avannaa','A',1),(1294,85,'Tunu','T',1),(1295,85,'Kitaa','K',1),(1296,86,'Saint Andrew','A',1),(1297,86,'Saint David','D',1),(1298,86,'Saint George','G',1),(1299,86,'Saint John','J',1),(1300,86,'Saint Mark','M',1),(1301,86,'Saint Patrick','P',1),(1302,86,'Carriacou','C',1),(1303,86,'Petit Martinique','Q',1),(1304,89,'Alta Verapaz','AV',1),(1305,89,'Baja Verapaz','BV',1),(1306,89,'Chimaltenango','CM',1),(1307,89,'Chiquimula','CQ',1),(1308,89,'El Peten','PE',1),(1309,89,'El Progreso','PR',1),(1310,89,'El Quiche','QC',1),(1311,89,'Escuintla','ES',1),(1312,89,'Guatemala','GU',1),(1313,89,'Huehuetenango','HU',1),(1314,89,'Izabal','IZ',1),(1315,89,'Jalapa','JA',1),(1316,89,'Jutiapa','JU',1),(1317,89,'Quetzaltenango','QZ',1),(1318,89,'Retalhuleu','RE',1),(1319,89,'Sacatepequez','ST',1),(1320,89,'San Marcos','SM',1),(1321,89,'Santa Rosa','SR',1),(1322,89,'Solola','SO',1),(1323,89,'Suchitepequez','SU',1),(1324,89,'Totonicapan','TO',1),(1325,89,'Zacapa','ZA',1),(1326,90,'Conakry','CNK',1),(1327,90,'Beyla','BYL',1),(1328,90,'Boffa','BFA',1),(1329,90,'Boke','BOK',1),(1330,90,'Coyah','COY',1),(1331,90,'Dabola','DBL',1),(1332,90,'Dalaba','DLB',1),(1333,90,'Dinguiraye','DGR',1),(1334,90,'Dubreka','DBR',1),(1335,90,'Faranah','FRN',1),(1336,90,'Forecariah','FRC',1),(1337,90,'Fria','FRI',1),(1338,90,'Gaoual','GAO',1),(1339,90,'Gueckedou','GCD',1),(1340,90,'Kankan','KNK',1),(1341,90,'Kerouane','KRN',1),(1342,90,'Kindia','KND',1),(1343,90,'Kissidougou','KSD',1),(1344,90,'Koubia','KBA',1),(1345,90,'Koundara','KDA',1),(1346,90,'Kouroussa','KRA',1),(1347,90,'Labe','LAB',1),(1348,90,'Lelouma','LLM',1),(1349,90,'Lola','LOL',1),(1350,90,'Macenta','MCT',1),(1351,90,'Mali','MAL',1),(1352,90,'Mamou','MAM',1),(1353,90,'Mandiana','MAN',1),(1354,90,'Nzerekore','NZR',1),(1355,90,'Pita','PIT',1),(1356,90,'Siguiri','SIG',1),(1357,90,'Telimele','TLM',1),(1358,90,'Tougue','TOG',1),(1359,90,'Yomou','YOM',1),(1360,91,'Bafata Region','BF',1),(1361,91,'Biombo Region','BB',1),(1362,91,'Bissau Region','BS',1),(1363,91,'Bolama Region','BL',1),(1364,91,'Cacheu Region','CA',1),(1365,91,'Gabu Region','GA',1),(1366,91,'Oio Region','OI',1),(1367,91,'Quinara Region','QU',1),(1368,91,'Tombali Region','TO',1),(1369,92,'Barima-Waini','BW',1),(1370,92,'Cuyuni-Mazaruni','CM',1),(1371,92,'Demerara-Mahaica','DM',1),(1372,92,'East Berbice-Corentyne','EC',1),(1373,92,'Essequibo Islands-West Demerara','EW',1),(1374,92,'Mahaica-Berbice','MB',1),(1375,92,'Pomeroon-Supenaam','PM',1),(1376,92,'Potaro-Siparuni','PI',1),(1377,92,'Upper Demerara-Berbice','UD',1),(1378,92,'Upper Takutu-Upper Essequibo','UT',1),(1379,93,'Artibonite','AR',1),(1380,93,'Centre','CE',1),(1381,93,'Grand\'Anse','GA',1),(1382,93,'Nord','ND',1),(1383,93,'Nord-Est','NE',1),(1384,93,'Nord-Ouest','NO',1),(1385,93,'Ouest','OU',1),(1386,93,'Sud','SD',1),(1387,93,'Sud-Est','SE',1),(1388,94,'Flat Island','F',1),(1389,94,'McDonald Island','M',1),(1390,94,'Shag Island','S',1),(1391,94,'Heard Island','H',1),(1392,95,'Atlantida','AT',1),(1393,95,'Choluteca','CH',1),(1394,95,'Colon','CL',1),(1395,95,'Comayagua','CM',1),(1396,95,'Copan','CP',1),(1397,95,'Cortes','CR',1),(1398,95,'El Paraiso','PA',1),(1399,95,'Francisco Morazan','FM',1),(1400,95,'Gracias a Dios','GD',1),(1401,95,'Intibuca','IN',1),(1402,95,'Islas de la Bahia (Bay Islands)','IB',1),(1403,95,'La Paz','PZ',1),(1404,95,'Lempira','LE',1),(1405,95,'Ocotepeque','OC',1),(1406,95,'Olancho','OL',1),(1407,95,'Santa Barbara','SB',1),(1408,95,'Valle','VA',1),(1409,95,'Yoro','YO',1),(1410,96,'Central and Western Hong Kong Island','HCW',1),(1411,96,'Eastern Hong Kong Island','HEA',1),(1412,96,'Southern Hong Kong Island','HSO',1),(1413,96,'Wan Chai Hong Kong Island','HWC',1),(1414,96,'Kowloon City Kowloon','KKC',1),(1415,96,'Kwun Tong Kowloon','KKT',1),(1416,96,'Sham Shui Po Kowloon','KSS',1),(1417,96,'Wong Tai Sin Kowloon','KWT',1),(1418,96,'Yau Tsim Mong Kowloon','KYT',1),(1419,96,'Islands New Territories','NIS',1),(1420,96,'Kwai Tsing New Territories','NKT',1),(1421,96,'North New Territories','NNO',1),(1422,96,'Sai Kung New Territories','NSK',1),(1423,96,'Sha Tin New Territories','NST',1),(1424,96,'Tai Po New Territories','NTP',1),(1425,96,'Tsuen Wan New Territories','NTW',1),(1426,96,'Tuen Mun New Territories','NTM',1),(1427,96,'Yuen Long New Territories','NYL',1),(1428,97,'Bacs-Kiskun','BK',1),(1429,97,'Baranya','BA',1),(1430,97,'Bekes','BE',1),(1431,97,'Bekescsaba','BS',1),(1432,97,'Borsod-Abauj-Zemplen','BZ',1),(1433,97,'Budapest','BU',1),(1434,97,'Csongrad','CS',1),(1435,97,'Debrecen','DE',1),(1436,97,'Dunaujvaros','DU',1),(1437,97,'Eger','EG',1),(1438,97,'Fejer','FE',1),(1439,97,'Gyor','GY',1),(1440,97,'Gyor-Moson-Sopron','GM',1),(1441,97,'Hajdu-Bihar','HB',1),(1442,97,'Heves','HE',1),(1443,97,'Hodmezovasarhely','HO',1),(1444,97,'Jasz-Nagykun-Szolnok','JN',1),(1445,97,'Kaposvar','KA',1),(1446,97,'Kecskemet','KE',1),(1447,97,'Komarom-Esztergom','KO',1),(1448,97,'Miskolc','MI',1),(1449,97,'Nagykanizsa','NA',1),(1450,97,'Nograd','NO',1),(1451,97,'Nyiregyhaza','NY',1),(1452,97,'Pecs','PE',1),(1453,97,'Pest','PS',1),(1454,97,'Somogy','SO',1),(1455,97,'Sopron','SP',1),(1456,97,'Szabolcs-Szatmar-Bereg','SS',1),(1457,97,'Szeged','SZ',1),(1458,97,'Szekesfehervar','SE',1),(1459,97,'Szolnok','SL',1),(1460,97,'Szombathely','SM',1),(1461,97,'Tatabanya','TA',1),(1462,97,'Tolna','TO',1),(1463,97,'Vas','VA',1),(1464,97,'Veszprem','VE',1),(1465,97,'Zala','ZA',1),(1466,97,'Zalaegerszeg','ZZ',1),(1467,98,'Austurland','AL',1),(1468,98,'Hofuoborgarsvaeoi','HF',1),(1469,98,'Norourland eystra','NE',1),(1470,98,'Norourland vestra','NV',1),(1471,98,'Suourland','SL',1),(1472,98,'Suournes','SN',1),(1473,98,'Vestfiroir','VF',1),(1474,98,'Vesturland','VL',1),(1475,99,'Andaman and Nicobar Islands','AN',1),(1476,99,'Andhra Pradesh','AP',1),(1477,99,'Arunachal Pradesh','AR',1),(1478,99,'Assam','AS',1),(1479,99,'Bihar','BI',1),(1480,99,'Chandigarh','CH',1),(1481,99,'Dadra and Nagar Haveli','DA',1),(1482,99,'Daman and Diu','DM',1),(1483,99,'Delhi','DE',1),(1484,99,'Goa','GO',1),(1485,99,'Gujarat','GU',1),(1486,99,'Haryana','HA',1),(1487,99,'Himachal Pradesh','HP',1),(1488,99,'Jammu and Kashmir','JA',1),(1489,99,'Karnataka','KA',1),(1490,99,'Kerala','KE',1),(1491,99,'Lakshadweep Islands','LI',1),(1492,99,'Madhya Pradesh','MP',1),(1493,99,'Maharashtra','MA',1),(1494,99,'Manipur','MN',1),(1495,99,'Meghalaya','ME',1),(1496,99,'Mizoram','MI',1),(1497,99,'Nagaland','NA',1),(1498,99,'Orissa','OR',1),(1499,99,'Pondicherry','PO',1),(1500,99,'Punjab','PU',1),(1501,99,'Rajasthan','RA',1),(1502,99,'Sikkim','SI',1),(1503,99,'Tamil Nadu','TN',1),(1504,99,'Tripura','TR',1),(1505,99,'Uttar Pradesh','UP',1),(1506,99,'West Bengal','WB',1),(1507,100,'Aceh','AC',1),(1508,100,'Bali','BA',1),(1509,100,'Banten','BT',1),(1510,100,'Bengkulu','BE',1),(1511,100,'BoDeTaBek','BD',1),(1512,100,'Gorontalo','GO',1),(1513,100,'Jakarta Raya','JK',1),(1514,100,'Jambi','JA',1),(1515,100,'Jawa Barat','JB',1),(1516,100,'Jawa Tengah','JT',1),(1517,100,'Jawa Timur','JI',1),(1518,100,'Kalimantan Barat','KB',1),(1519,100,'Kalimantan Selatan','KS',1),(1520,100,'Kalimantan Tengah','KT',1),(1521,100,'Kalimantan Timur','KI',1),(1522,100,'Kepulauan Bangka Belitung','BB',1),(1523,100,'Lampung','LA',1),(1524,100,'Maluku','MA',1),(1525,100,'Maluku Utara','MU',1),(1526,100,'Nusa Tenggara Barat','NB',1),(1527,100,'Nusa Tenggara Timur','NT',1),(1528,100,'Papua','PA',1),(1529,100,'Riau','RI',1),(1530,100,'Sulawesi Selatan','SN',1),(1531,100,'Sulawesi Tengah','ST',1),(1532,100,'Sulawesi Tenggara','SG',1),(1533,100,'Sulawesi Utara','SA',1),(1534,100,'Sumatera Barat','SB',1),(1535,100,'Sumatera Selatan','SS',1),(1536,100,'Sumatera Utara','SU',1),(1537,100,'Yogyakarta','YO',1),(1538,101,'Tehran','TEH',1),(1539,101,'Qom','QOM',1),(1540,101,'Markazi','MKZ',1),(1541,101,'Qazvin','QAZ',1),(1542,101,'Gilan','GIL',1),(1543,101,'Ardabil','ARD',1),(1544,101,'Zanjan','ZAN',1),(1545,101,'East Azarbaijan','EAZ',1),(1546,101,'West Azarbaijan','WEZ',1),(1547,101,'Kurdistan','KRD',1),(1548,101,'Hamadan','HMD',1),(1549,101,'Kermanshah','KRM',1),(1550,101,'Ilam','ILM',1),(1551,101,'Lorestan','LRS',1),(1552,101,'Khuzestan','KZT',1),(1553,101,'Chahar Mahaal and Bakhtiari','CMB',1),(1554,101,'Kohkiluyeh and Buyer Ahmad','KBA',1),(1555,101,'Bushehr','BSH',1),(1556,101,'Fars','FAR',1),(1557,101,'Hormozgan','HRM',1),(1558,101,'Sistan and Baluchistan','SBL',1),(1559,101,'Kerman','KRB',1),(1560,101,'Yazd','YZD',1),(1561,101,'Esfahan','EFH',1),(1562,101,'Semnan','SMN',1),(1563,101,'Mazandaran','MZD',1),(1564,101,'Golestan','GLS',1),(1565,101,'North Khorasan','NKH',1),(1566,101,'Razavi Khorasan','RKH',1),(1567,101,'South Khorasan','SKH',1),(1568,102,'Baghdad','BD',1),(1569,102,'Salah ad Din','SD',1),(1570,102,'Diyala','DY',1),(1571,102,'Wasit','WS',1),(1572,102,'Maysan','MY',1),(1573,102,'Al Basrah','BA',1),(1574,102,'Dhi Qar','DQ',1),(1575,102,'Al Muthanna','MU',1),(1576,102,'Al Qadisyah','QA',1),(1577,102,'Babil','BB',1),(1578,102,'Al Karbala','KB',1),(1579,102,'An Najaf','NJ',1),(1580,102,'Al Anbar','AB',1),(1581,102,'Ninawa','NN',1),(1582,102,'Dahuk','DH',1),(1583,102,'Arbil','AL',1),(1584,102,'At Ta\'mim','TM',1),(1585,102,'As Sulaymaniyah','SL',1),(1586,103,'Carlow','CA',1),(1587,103,'Cavan','CV',1),(1588,103,'Clare','CL',1),(1589,103,'Cork','CO',1),(1590,103,'Donegal','DO',1),(1591,103,'Dublin','DU',1),(1592,103,'Galway','GA',1),(1593,103,'Kerry','KE',1),(1594,103,'Kildare','KI',1),(1595,103,'Kilkenny','KL',1),(1596,103,'Laois','LA',1),(1597,103,'Leitrim','LE',1),(1598,103,'Limerick','LI',1),(1599,103,'Longford','LO',1),(1600,103,'Louth','LU',1),(1601,103,'Mayo','MA',1),(1602,103,'Meath','ME',1),(1603,103,'Monaghan','MO',1),(1604,103,'Offaly','OF',1),(1605,103,'Roscommon','RO',1),(1606,103,'Sligo','SL',1),(1607,103,'Tipperary','TI',1),(1608,103,'Waterford','WA',1),(1609,103,'Westmeath','WE',1),(1610,103,'Wexford','WX',1),(1611,103,'Wicklow','WI',1),(1612,104,'Be\'er Sheva','BS',1),(1613,104,'Bika\'at Hayarden','BH',1),(1614,104,'Eilat and Arava','EA',1),(1615,104,'Galil','GA',1),(1616,104,'Haifa','HA',1),(1617,104,'Jehuda Mountains','JM',1),(1618,104,'Jerusalem','JE',1),(1619,104,'Negev','NE',1),(1620,104,'Semaria','SE',1),(1621,104,'Sharon','SH',1),(1622,104,'Tel Aviv (Gosh Dan)','TA',1),(3860,105,'Caltanissetta','CL',1),(3842,105,'Agrigento','AG',1),(3843,105,'Alessandria','AL',1),(3844,105,'Ancona','AN',1),(3845,105,'Aosta','AO',1),(3846,105,'Arezzo','AR',1),(3847,105,'Ascoli Piceno','AP',1),(3848,105,'Asti','AT',1),(3849,105,'Avellino','AV',1),(3850,105,'Bari','BA',1),(3851,105,'Belluno','BL',1),(3852,105,'Benevento','BN',1),(3853,105,'Bergamo','BG',1),(3854,105,'Biella','BI',1),(3855,105,'Bologna','BO',1),(3856,105,'Bolzano','BZ',1),(3857,105,'Brescia','BS',1),(3858,105,'Brindisi','BR',1),(3859,105,'Cagliari','CA',1),(1643,106,'Clarendon Parish','CLA',1),(1644,106,'Hanover Parish','HAN',1),(1645,106,'Kingston Parish','KIN',1),(1646,106,'Manchester Parish','MAN',1),(1647,106,'Portland Parish','POR',1),(1648,106,'Saint Andrew Parish','AND',1),(1649,106,'Saint Ann Parish','ANN',1),(1650,106,'Saint Catherine Parish','CAT',1),(1651,106,'Saint Elizabeth Parish','ELI',1),(1652,106,'Saint James Parish','JAM',1),(1653,106,'Saint Mary Parish','MAR',1),(1654,106,'Saint Thomas Parish','THO',1),(1655,106,'Trelawny Parish','TRL',1),(1656,106,'Westmoreland Parish','WML',1),(1657,107,'Aichi','AI',1),(1658,107,'Akita','AK',1),(1659,107,'Aomori','AO',1),(1660,107,'Chiba','CH',1),(1661,107,'Ehime','EH',1),(1662,107,'Fukui','FK',1),(1663,107,'Fukuoka','FU',1),(1664,107,'Fukushima','FS',1),(1665,107,'Gifu','GI',1),(1666,107,'Gumma','GU',1),(1667,107,'Hiroshima','HI',1),(1668,107,'Hokkaido','HO',1),(1669,107,'Hyogo','HY',1),(1670,107,'Ibaraki','IB',1),(1671,107,'Ishikawa','IS',1),(1672,107,'Iwate','IW',1),(1673,107,'Kagawa','KA',1),(1674,107,'Kagoshima','KG',1),(1675,107,'Kanagawa','KN',1),(1676,107,'Kochi','KO',1),(1677,107,'Kumamoto','KU',1),(1678,107,'Kyoto','KY',1),(1679,107,'Mie','MI',1),(1680,107,'Miyagi','MY',1),(1681,107,'Miyazaki','MZ',1),(1682,107,'Nagano','NA',1),(1683,107,'Nagasaki','NG',1),(1684,107,'Nara','NR',1),(1685,107,'Niigata','NI',1),(1686,107,'Oita','OI',1),(1687,107,'Okayama','OK',1),(1688,107,'Okinawa','ON',1),(1689,107,'Osaka','OS',1),(1690,107,'Saga','SA',1),(1691,107,'Saitama','SI',1),(1692,107,'Shiga','SH',1),(1693,107,'Shimane','SM',1),(1694,107,'Shizuoka','SZ',1),(1695,107,'Tochigi','TO',1),(1696,107,'Tokushima','TS',1),(1697,107,'Tokyo','TK',1),(1698,107,'Tottori','TT',1),(1699,107,'Toyama','TY',1),(1700,107,'Wakayama','WA',1),(1701,107,'Yamagata','YA',1),(1702,107,'Yamaguchi','YM',1),(1703,107,'Yamanashi','YN',1),(1704,108,'\'Amman','AM',1),(1705,108,'Ajlun','AJ',1),(1706,108,'Al \'Aqabah','AA',1),(1707,108,'Al Balqa\'','AB',1),(1708,108,'Al Karak','AK',1),(1709,108,'Al Mafraq','AL',1),(1710,108,'At Tafilah','AT',1),(1711,108,'Az Zarqa\'','AZ',1),(1712,108,'Irbid','IR',1),(1713,108,'Jarash','JA',1),(1714,108,'Ma\'an','MA',1),(1715,108,'Madaba','MD',1),(1716,109,'Алматинская область','AL',1),(1717,109,'Алматы - город республ-го значения','AC',1),(1718,109,'Акмолинская область','AM',1),(1719,109,'Актюбинская область','AQ',1),(1720,109,'Астана - город республ-го значения','AS',1),(1721,109,'Атырауская область','AT',1),(1722,109,'Западно-Казахстанская область','BA',1),(1723,109,'Байконур - город республ-го значения','BY',1),(1724,109,'Мангистауская область','MA',1),(1725,109,'Южно-Казахстанская область','ON',1),(1726,109,'Павлодарская область','PA',1),(1727,109,'Карагандинская область','QA',1),(1728,109,'Костанайская область','QO',1),(1729,109,'Кызылординская область','QY',1),(1730,109,'Восточно-Казахстанская область','SH',1),(1731,109,'Северо-Казахстанская область','SO',1),(1732,109,'Жамбылская область','ZH',1),(1733,110,'Central','CE',1),(1734,110,'Coast','CO',1),(1735,110,'Eastern','EA',1),(1736,110,'Nairobi Area','NA',1),(1737,110,'North Eastern','NE',1),(1738,110,'Nyanza','NY',1),(1739,110,'Rift Valley','RV',1),(1740,110,'Western','WE',1),(1741,111,'Abaiang','AG',1),(1742,111,'Abemama','AM',1),(1743,111,'Aranuka','AK',1),(1744,111,'Arorae','AO',1),(1745,111,'Banaba','BA',1),(1746,111,'Beru','BE',1),(1747,111,'Butaritari','bT',1),(1748,111,'Kanton','KA',1),(1749,111,'Kiritimati','KR',1),(1750,111,'Kuria','KU',1),(1751,111,'Maiana','MI',1),(1752,111,'Makin','MN',1),(1753,111,'Marakei','ME',1),(1754,111,'Nikunau','NI',1),(1755,111,'Nonouti','NO',1),(1756,111,'Onotoa','ON',1),(1757,111,'Tabiteuea','TT',1),(1758,111,'Tabuaeran','TR',1),(1759,111,'Tamana','TM',1),(1760,111,'Tarawa','TW',1),(1761,111,'Teraina','TE',1),(1762,112,'Chagang-do','CHA',1),(1763,112,'Hamgyong-bukto','HAB',1),(1764,112,'Hamgyong-namdo','HAN',1),(1765,112,'Hwanghae-bukto','HWB',1),(1766,112,'Hwanghae-namdo','HWN',1),(1767,112,'Kangwon-do','KAN',1),(1768,112,'P\'yongan-bukto','PYB',1),(1769,112,'P\'yongan-namdo','PYN',1),(1770,112,'Ryanggang-do (Yanggang-do)','YAN',1),(1771,112,'Rason Directly Governed City','NAJ',1),(1772,112,'P\'yongyang Special City','PYO',1),(1773,113,'Ch\'ungch\'ong-bukto','CO',1),(1774,113,'Ch\'ungch\'ong-namdo','CH',1),(1775,113,'Cheju-do','CD',1),(1776,113,'Cholla-bukto','CB',1),(1777,113,'Cholla-namdo','CN',1),(1778,113,'Inch\'on-gwangyoksi','IG',1),(1779,113,'Kangwon-do','KA',1),(1780,113,'Kwangju-gwangyoksi','KG',1),(1781,113,'Kyonggi-do','KD',1),(1782,113,'Kyongsang-bukto','KB',1),(1783,113,'Kyongsang-namdo','KN',1),(1784,113,'Pusan-gwangyoksi','PG',1),(1785,113,'Soul-t\'ukpyolsi','SO',1),(1786,113,'Taegu-gwangyoksi','TA',1),(1787,113,'Taejon-gwangyoksi','TG',1),(1788,114,'Al \'Asimah','AL',1),(1789,114,'Al Ahmadi','AA',1),(1790,114,'Al Farwaniyah','AF',1),(1791,114,'Al Jahra\'','AJ',1),(1792,114,'Hawalli','HA',1),(1793,115,'Bishkek','GB',1),(1794,115,'Batken','B',1),(1795,115,'Chu','C',1),(1796,115,'Jalal-Abad','J',1),(1797,115,'Naryn','N',1),(1798,115,'Osh','O',1),(1799,115,'Talas','T',1),(1800,115,'Ysyk-Kol','Y',1),(1801,116,'Vientiane','VT',1),(1802,116,'Attapu','AT',1),(1803,116,'Bokeo','BK',1),(1804,116,'Bolikhamxai','BL',1),(1805,116,'Champasak','CH',1),(1806,116,'Houaphan','HO',1),(1807,116,'Khammouan','KH',1),(1808,116,'Louang Namtha','LM',1),(1809,116,'Louangphabang','LP',1),(1810,116,'Oudomxai','OU',1),(1811,116,'Phongsali','PH',1),(1812,116,'Salavan','SL',1),(1813,116,'Savannakhet','SV',1),(1814,116,'Vientiane','VI',1),(1815,116,'Xaignabouli','XA',1),(1816,116,'Xekong','XE',1),(1817,116,'Xiangkhoang','XI',1),(1818,116,'Xaisomboun','XN',1),(1819,117,'Aizkraukles Rajons','AIZ',1),(1820,117,'Aluksnes Rajons','ALU',1),(1821,117,'Balvu Rajons','BAL',1),(1822,117,'Bauskas Rajons','BAU',1),(1823,117,'Cesu Rajons','CES',1),(1824,117,'Daugavpils Rajons','DGR',1),(1825,117,'Dobeles Rajons','DOB',1),(1826,117,'Gulbenes Rajons','GUL',1),(1827,117,'Jekabpils Rajons','JEK',1),(1828,117,'Jelgavas Rajons','JGR',1),(1829,117,'Kraslavas Rajons','KRA',1),(1830,117,'Kuldigas Rajons','KUL',1),(1831,117,'Liepajas Rajons','LPR',1),(1832,117,'Limbazu Rajons','LIM',1),(1833,117,'Ludzas Rajons','LUD',1),(1834,117,'Madonas Rajons','MAD',1),(1835,117,'Ogres Rajons','OGR',1),(1836,117,'Preilu Rajons','PRE',1),(1837,117,'Rezeknes Rajons','RZR',1),(1838,117,'Rigas Rajons','RGR',1),(1839,117,'Saldus Rajons','SAL',1),(1840,117,'Talsu Rajons','TAL',1),(1841,117,'Tukuma Rajons','TUK',1),(1842,117,'Valkas Rajons','VLK',1),(1843,117,'Valmieras Rajons','VLM',1),(1844,117,'Ventspils Rajons','VSR',1),(1845,117,'Daugavpils','DGV',1),(1846,117,'Jelgava','JGV',1),(1847,117,'Jurmala','JUR',1),(1848,117,'Liepaja','LPK',1),(1849,117,'Rezekne','RZK',1),(1850,117,'Riga','RGA',1),(1851,117,'Ventspils','VSL',1),(1852,119,'Berea','BE',1),(1853,119,'Butha-Buthe','BB',1),(1854,119,'Leribe','LE',1),(1855,119,'Mafeteng','MF',1),(1856,119,'Maseru','MS',1),(1857,119,'Mohale\'s Hoek','MH',1),(1858,119,'Mokhotlong','MK',1),(1859,119,'Qacha\'s Nek','QN',1),(1860,119,'Quthing','QT',1),(1861,119,'Thaba-Tseka','TT',1),(1862,120,'Bomi','BI',1),(1863,120,'Bong','BG',1),(1864,120,'Grand Bassa','GB',1),(1865,120,'Grand Cape Mount','CM',1),(1866,120,'Grand Gedeh','GG',1),(1867,120,'Grand Kru','GK',1),(1868,120,'Lofa','LO',1),(1869,120,'Margibi','MG',1),(1870,120,'Maryland','ML',1),(1871,120,'Montserrado','MS',1),(1872,120,'Nimba','NB',1),(1873,120,'River Cess','RC',1),(1874,120,'Sinoe','SN',1),(1875,121,'Ajdabiya','AJ',1),(1876,121,'Al \'Aziziyah','AZ',1),(1877,121,'Al Fatih','FA',1),(1878,121,'Al Jabal al Akhdar','JA',1),(1879,121,'Al Jufrah','JU',1),(1880,121,'Al Khums','KH',1),(1881,121,'Al Kufrah','KU',1),(1882,121,'An Nuqat al Khams','NK',1),(1883,121,'Ash Shati\'','AS',1),(1884,121,'Awbari','AW',1),(1885,121,'Az Zawiyah','ZA',1),(1886,121,'Banghazi','BA',1),(1887,121,'Darnah','DA',1),(1888,121,'Ghadamis','GD',1),(1889,121,'Gharyan','GY',1),(1890,121,'Misratah','MI',1),(1891,121,'Murzuq','MZ',1),(1892,121,'Sabha','SB',1),(1893,121,'Sawfajjin','SW',1),(1894,121,'Surt','SU',1),(1895,121,'Tarabulus (Tripoli)','TL',1),(1896,121,'Tarhunah','TH',1),(1897,121,'Tubruq','TU',1),(1898,121,'Yafran','YA',1),(1899,121,'Zlitan','ZL',1),(1900,122,'Vaduz','V',1),(1901,122,'Schaan','A',1),(1902,122,'Balzers','B',1),(1903,122,'Triesen','N',1),(1904,122,'Eschen','E',1),(1905,122,'Mauren','M',1),(1906,122,'Triesenberg','T',1),(1907,122,'Ruggell','R',1),(1908,122,'Gamprin','G',1),(1909,122,'Schellenberg','L',1),(1910,122,'Planken','P',1),(1911,123,'Alytus','AL',1),(1912,123,'Kaunas','KA',1),(1913,123,'Klaipeda','KL',1),(1914,123,'Marijampole','MA',1),(1915,123,'Panevezys','PA',1),(1916,123,'Siauliai','SI',1),(1917,123,'Taurage','TA',1),(1918,123,'Telsiai','TE',1),(1919,123,'Utena','UT',1),(1920,123,'Vilnius','VI',1),(1921,124,'Diekirch','DD',1),(1922,124,'Clervaux','DC',1),(1923,124,'Redange','DR',1),(1924,124,'Vianden','DV',1),(1925,124,'Wiltz','DW',1),(1926,124,'Grevenmacher','GG',1),(1927,124,'Echternach','GE',1),(1928,124,'Remich','GR',1),(1929,124,'Luxembourg','LL',1),(1930,124,'Capellen','LC',1),(1931,124,'Esch-sur-Alzette','LE',1),(1932,124,'Mersch','LM',1),(1933,125,'Our Lady Fatima Parish','OLF',1),(1934,125,'St. Anthony Parish','ANT',1),(1935,125,'St. Lazarus Parish','LAZ',1),(1936,125,'Cathedral Parish','CAT',1),(1937,125,'St. Lawrence Parish','LAW',1),(1938,127,'Antananarivo','AN',1),(1939,127,'Antsiranana','AS',1),(1940,127,'Fianarantsoa','FN',1),(1941,127,'Mahajanga','MJ',1),(1942,127,'Toamasina','TM',1),(1943,127,'Toliara','TL',1),(1944,128,'Balaka','BLK',1),(1945,128,'Blantyre','BLT',1),(1946,128,'Chikwawa','CKW',1),(1947,128,'Chiradzulu','CRD',1),(1948,128,'Chitipa','CTP',1),(1949,128,'Dedza','DDZ',1),(1950,128,'Dowa','DWA',1),(1951,128,'Karonga','KRG',1),(1952,128,'Kasungu','KSG',1),(1953,128,'Likoma','LKM',1),(1954,128,'Lilongwe','LLG',1),(1955,128,'Machinga','MCG',1),(1956,128,'Mangochi','MGC',1),(1957,128,'Mchinji','MCH',1),(1958,128,'Mulanje','MLJ',1),(1959,128,'Mwanza','MWZ',1),(1960,128,'Mzimba','MZM',1),(1961,128,'Ntcheu','NTU',1),(1962,128,'Nkhata Bay','NKB',1),(1963,128,'Nkhotakota','NKH',1),(1964,128,'Nsanje','NSJ',1),(1965,128,'Ntchisi','NTI',1),(1966,128,'Phalombe','PHL',1),(1967,128,'Rumphi','RMP',1),(1968,128,'Salima','SLM',1),(1969,128,'Thyolo','THY',1),(1970,128,'Zomba','ZBA',1),(1971,129,'Johor','JO',1),(1972,129,'Kedah','KE',1),(1973,129,'Kelantan','KL',1),(1974,129,'Labuan','LA',1),(1975,129,'Melaka','ME',1),(1976,129,'Negeri Sembilan','NS',1),(1977,129,'Pahang','PA',1),(1978,129,'Perak','PE',1),(1979,129,'Perlis','PR',1),(1980,129,'Pulau Pinang','PP',1),(1981,129,'Sabah','SA',1),(1982,129,'Sarawak','SR',1),(1983,129,'Selangor','SE',1),(1984,129,'Terengganu','TE',1),(1985,129,'Wilayah Persekutuan','WP',1),(1986,130,'Thiladhunmathi Uthuru','THU',1),(1987,130,'Thiladhunmathi Dhekunu','THD',1),(1988,130,'Miladhunmadulu Uthuru','MLU',1),(1989,130,'Miladhunmadulu Dhekunu','MLD',1),(1990,130,'Maalhosmadulu Uthuru','MAU',1),(1991,130,'Maalhosmadulu Dhekunu','MAD',1),(1992,130,'Faadhippolhu','FAA',1),(1993,130,'Male Atoll','MAA',1),(1994,130,'Ari Atoll Uthuru','AAU',1),(1995,130,'Ari Atoll Dheknu','AAD',1),(1996,130,'Felidhe Atoll','FEA',1),(1997,130,'Mulaku Atoll','MUA',1),(1998,130,'Nilandhe Atoll Uthuru','NAU',1),(1999,130,'Nilandhe Atoll Dhekunu','NAD',1),(2000,130,'Kolhumadulu','KLH',1),(2001,130,'Hadhdhunmathi','HDH',1),(2002,130,'Huvadhu Atoll Uthuru','HAU',1),(2003,130,'Huvadhu Atoll Dhekunu','HAD',1),(2004,130,'Fua Mulaku','FMU',1),(2005,130,'Addu','ADD',1),(2006,131,'Gao','GA',1),(2007,131,'Kayes','KY',1),(2008,131,'Kidal','KD',1),(2009,131,'Koulikoro','KL',1),(2010,131,'Mopti','MP',1),(2011,131,'Segou','SG',1),(2012,131,'Sikasso','SK',1),(2013,131,'Tombouctou','TB',1),(2014,131,'Bamako Capital District','CD',1),(2015,132,'Attard','ATT',1),(2016,132,'Balzan','BAL',1),(2017,132,'Birgu','BGU',1),(2018,132,'Birkirkara','BKK',1),(2019,132,'Birzebbuga','BRZ',1),(2020,132,'Bormla','BOR',1),(2021,132,'Dingli','DIN',1),(2022,132,'Fgura','FGU',1),(2023,132,'Floriana','FLO',1),(2024,132,'Gudja','GDJ',1),(2025,132,'Gzira','GZR',1),(2026,132,'Gargur','GRG',1),(2027,132,'Gaxaq','GXQ',1),(2028,132,'Hamrun','HMR',1),(2029,132,'Iklin','IKL',1),(2030,132,'Isla','ISL',1),(2031,132,'Kalkara','KLK',1),(2032,132,'Kirkop','KRK',1),(2033,132,'Lija','LIJ',1),(2034,132,'Luqa','LUQ',1),(2035,132,'Marsa','MRS',1),(2036,132,'Marsaskala','MKL',1),(2037,132,'Marsaxlokk','MXL',1),(2038,132,'Mdina','MDN',1),(2039,132,'Melliea','MEL',1),(2040,132,'Mgarr','MGR',1),(2041,132,'Mosta','MST',1),(2042,132,'Mqabba','MQA',1),(2043,132,'Msida','MSI',1),(2044,132,'Mtarfa','MTF',1),(2045,132,'Naxxar','NAX',1),(2046,132,'Paola','PAO',1),(2047,132,'Pembroke','PEM',1),(2048,132,'Pieta','PIE',1),(2049,132,'Qormi','QOR',1),(2050,132,'Qrendi','QRE',1),(2051,132,'Rabat','RAB',1),(2052,132,'Safi','SAF',1),(2053,132,'San Giljan','SGI',1),(2054,132,'Santa Lucija','SLU',1),(2055,132,'San Pawl il-Bahar','SPB',1),(2056,132,'San Gwann','SGW',1),(2057,132,'Santa Venera','SVE',1),(2058,132,'Siggiewi','SIG',1),(2059,132,'Sliema','SLM',1),(2060,132,'Swieqi','SWQ',1),(2061,132,'Ta Xbiex','TXB',1),(2062,132,'Tarxien','TRX',1),(2063,132,'Valletta','VLT',1),(2064,132,'Xgajra','XGJ',1),(2065,132,'Zabbar','ZBR',1),(2066,132,'Zebbug','ZBG',1),(2067,132,'Zejtun','ZJT',1),(2068,132,'Zurrieq','ZRQ',1),(2069,132,'Fontana','FNT',1),(2070,132,'Ghajnsielem','GHJ',1),(2071,132,'Gharb','GHR',1),(2072,132,'Ghasri','GHS',1),(2073,132,'Kercem','KRC',1),(2074,132,'Munxar','MUN',1),(2075,132,'Nadur','NAD',1),(2076,132,'Qala','QAL',1),(2077,132,'Victoria','VIC',1),(2078,132,'San Lawrenz','SLA',1),(2079,132,'Sannat','SNT',1),(2080,132,'Xagra','ZAG',1),(2081,132,'Xewkija','XEW',1),(2082,132,'Zebbug','ZEB',1),(2083,133,'Ailinginae','ALG',1),(2084,133,'Ailinglaplap','ALL',1),(2085,133,'Ailuk','ALK',1),(2086,133,'Arno','ARN',1),(2087,133,'Aur','AUR',1),(2088,133,'Bikar','BKR',1),(2089,133,'Bikini','BKN',1),(2090,133,'Bokak','BKK',1),(2091,133,'Ebon','EBN',1),(2092,133,'Enewetak','ENT',1),(2093,133,'Erikub','EKB',1),(2094,133,'Jabat','JBT',1),(2095,133,'Jaluit','JLT',1),(2096,133,'Jemo','JEM',1),(2097,133,'Kili','KIL',1),(2098,133,'Kwajalein','KWJ',1),(2099,133,'Lae','LAE',1),(2100,133,'Lib','LIB',1),(2101,133,'Likiep','LKP',1),(2102,133,'Majuro','MJR',1),(2103,133,'Maloelap','MLP',1),(2104,133,'Mejit','MJT',1),(2105,133,'Mili','MIL',1),(2106,133,'Namorik','NMK',1),(2107,133,'Namu','NAM',1),(2108,133,'Rongelap','RGL',1),(2109,133,'Rongrik','RGK',1),(2110,133,'Toke','TOK',1),(2111,133,'Ujae','UJA',1),(2112,133,'Ujelang','UJL',1),(2113,133,'Utirik','UTK',1),(2114,133,'Wotho','WTH',1),(2115,133,'Wotje','WTJ',1),(2116,135,'Adrar','AD',1),(2117,135,'Assaba','AS',1),(2118,135,'Brakna','BR',1),(2119,135,'Dakhlet Nouadhibou','DN',1),(2120,135,'Gorgol','GO',1),(2121,135,'Guidimaka','GM',1),(2122,135,'Hodh Ech Chargui','HC',1),(2123,135,'Hodh El Gharbi','HG',1),(2124,135,'Inchiri','IN',1),(2125,135,'Tagant','TA',1),(2126,135,'Tiris Zemmour','TZ',1),(2127,135,'Trarza','TR',1),(2128,135,'Nouakchott','NO',1),(2129,136,'Beau Bassin-Rose Hill','BR',1),(2130,136,'Curepipe','CU',1),(2131,136,'Port Louis','PU',1),(2132,136,'Quatre Bornes','QB',1),(2133,136,'Vacoas-Phoenix','VP',1),(2134,136,'Agalega Islands','AG',1),(2135,136,'Cargados Carajos Shoals (Saint Brandon Islands)','CC',1),(2136,136,'Rodrigues','RO',1),(2137,136,'Black River','BL',1),(2138,136,'Flacq','FL',1),(2139,136,'Grand Port','GP',1),(2140,136,'Moka','MO',1),(2141,136,'Pamplemousses','PA',1),(2142,136,'Plaines Wilhems','PW',1),(2143,136,'Port Louis','PL',1),(2144,136,'Riviere du Rempart','RR',1),(2145,136,'Savanne','SA',1),(2146,138,'Baja California Norte','BN',1),(2147,138,'Baja California Sur','BS',1),(2148,138,'Campeche','CA',1),(2149,138,'Chiapas','CI',1),(2150,138,'Chihuahua','CH',1),(2151,138,'Coahuila de Zaragoza','CZ',1),(2152,138,'Colima','CL',1),(2153,138,'Distrito Federal','DF',1),(2154,138,'Durango','DU',1),(2155,138,'Guanajuato','GA',1),(2156,138,'Guerrero','GE',1),(2157,138,'Hidalgo','HI',1),(2158,138,'Jalisco','JA',1),(2159,138,'Mexico','ME',1),(2160,138,'Michoacan de Ocampo','MI',1),(2161,138,'Morelos','MO',1),(2162,138,'Nayarit','NA',1),(2163,138,'Nuevo Leon','NL',1),(2164,138,'Oaxaca','OA',1),(2165,138,'Puebla','PU',1),(2166,138,'Queretaro de Arteaga','QA',1),(2167,138,'Quintana Roo','QR',1),(2168,138,'San Luis Potosi','SA',1),(2169,138,'Sinaloa','SI',1),(2170,138,'Sonora','SO',1),(2171,138,'Tabasco','TB',1),(2172,138,'Tamaulipas','TM',1),(2173,138,'Tlaxcala','TL',1),(2174,138,'Veracruz-Llave','VE',1),(2175,138,'Yucatan','YU',1),(2176,138,'Zacatecas','ZA',1),(2177,139,'Chuuk','C',1),(2178,139,'Kosrae','K',1),(2179,139,'Pohnpei','P',1),(2180,139,'Yap','Y',1),(2181,140,'Gagauzia','GA',1),(2182,140,'Chisinau','CU',1),(2183,140,'Balti','BA',1),(2184,140,'Cahul','CA',1),(2185,140,'Edinet','ED',1),(2186,140,'Lapusna','LA',1),(2187,140,'Orhei','OR',1),(2188,140,'Soroca','SO',1),(2189,140,'Tighina','TI',1),(2190,140,'Ungheni','UN',1),(2191,140,'St‚nga Nistrului','SN',1),(2192,141,'Fontvieille','FV',1),(2193,141,'La Condamine','LC',1),(2194,141,'Monaco-Ville','MV',1),(2195,141,'Monte-Carlo','MC',1),(2196,142,'Ulanbaatar','1',1),(2197,142,'Orhon','035',1),(2198,142,'Darhan uul','037',1),(2199,142,'Hentiy','039',1),(2200,142,'Hovsgol','041',1),(2201,142,'Hovd','043',1),(2202,142,'Uvs','046',1),(2203,142,'Tov','047',1),(2204,142,'Selenge','049',1),(2205,142,'Suhbaatar','051',1),(2206,142,'Omnogovi','053',1),(2207,142,'Ovorhangay','055',1),(2208,142,'Dzavhan','057',1),(2209,142,'DundgovL','059',1),(2210,142,'Dornod','061',1),(2211,142,'Dornogov','063',1),(2212,142,'Govi-Sumber','064',1),(2213,142,'Govi-Altay','065',1),(2214,142,'Bulgan','067',1),(2215,142,'Bayanhongor','069',1),(2216,142,'Bayan-Olgiy','071',1),(2217,142,'Arhangay','073',1),(2218,143,'Saint Anthony','A',1),(2219,143,'Saint Georges','G',1),(2220,143,'Saint Peter','P',1),(2221,144,'Agadir','AGD',1),(2222,144,'Al Hoceima','HOC',1),(2223,144,'Azilal','AZI',1),(2224,144,'Beni Mellal','BME',1),(2225,144,'Ben Slimane','BSL',1),(2226,144,'Boulemane','BLM',1),(2227,144,'Casablanca','CBL',1),(2228,144,'Chaouen','CHA',1),(2229,144,'El Jadida','EJA',1),(2230,144,'El Kelaa des Sraghna','EKS',1),(2231,144,'Er Rachidia','ERA',1),(2232,144,'Essaouira','ESS',1),(2233,144,'Fes','FES',1),(2234,144,'Figuig','FIG',1),(2235,144,'Guelmim','GLM',1),(2236,144,'Ifrane','IFR',1),(2237,144,'Kenitra','KEN',1),(2238,144,'Khemisset','KHM',1),(2239,144,'Khenifra','KHN',1),(2240,144,'Khouribga','KHO',1),(2241,144,'Laayoune','LYN',1),(2242,144,'Larache','LAR',1),(2243,144,'Marrakech','MRK',1),(2244,144,'Meknes','MKN',1),(2245,144,'Nador','NAD',1),(2246,144,'Ouarzazate','ORZ',1),(2247,144,'Oujda','OUJ',1),(2248,144,'Rabat-Sale','RSA',1),(2249,144,'Safi','SAF',1),(2250,144,'Settat','SET',1),(2251,144,'Sidi Kacem','SKA',1),(2252,144,'Tangier','TGR',1),(2253,144,'Tan-Tan','TAN',1),(2254,144,'Taounate','TAO',1),(2255,144,'Taroudannt','TRD',1),(2256,144,'Tata','TAT',1),(2257,144,'Taza','TAZ',1),(2258,144,'Tetouan','TET',1),(2259,144,'Tiznit','TIZ',1),(2260,144,'Ad Dakhla','ADK',1),(2261,144,'Boujdour','BJD',1),(2262,144,'Es Smara','ESM',1),(2263,145,'Cabo Delgado','CD',1),(2264,145,'Gaza','GZ',1),(2265,145,'Inhambane','IN',1),(2266,145,'Manica','MN',1),(2267,145,'Maputo (city)','MC',1),(2268,145,'Maputo','MP',1),(2269,145,'Nampula','NA',1),(2270,145,'Niassa','NI',1),(2271,145,'Sofala','SO',1),(2272,145,'Tete','TE',1),(2273,145,'Zambezia','ZA',1),(2274,146,'Ayeyarwady','AY',1),(2275,146,'Bago','BG',1),(2276,146,'Magway','MG',1),(2277,146,'Mandalay','MD',1),(2278,146,'Sagaing','SG',1),(2279,146,'Tanintharyi','TN',1),(2280,146,'Yangon','YG',1),(2281,146,'Chin State','CH',1),(2282,146,'Kachin State','KC',1),(2283,146,'Kayah State','KH',1),(2284,146,'Kayin State','KN',1),(2285,146,'Mon State','MN',1),(2286,146,'Rakhine State','RK',1),(2287,146,'Shan State','SH',1),(2288,147,'Caprivi','CA',1),(2289,147,'Erongo','ER',1),(2290,147,'Hardap','HA',1),(2291,147,'Karas','KR',1),(2292,147,'Kavango','KV',1),(2293,147,'Khomas','KH',1),(2294,147,'Kunene','KU',1),(2295,147,'Ohangwena','OW',1),(2296,147,'Omaheke','OK',1),(2297,147,'Omusati','OT',1),(2298,147,'Oshana','ON',1),(2299,147,'Oshikoto','OO',1),(2300,147,'Otjozondjupa','OJ',1),(2301,148,'Aiwo','AO',1),(2302,148,'Anabar','AA',1),(2303,148,'Anetan','AT',1),(2304,148,'Anibare','AI',1),(2305,148,'Baiti','BA',1),(2306,148,'Boe','BO',1),(2307,148,'Buada','BU',1),(2308,148,'Denigomodu','DE',1),(2309,148,'Ewa','EW',1),(2310,148,'Ijuw','IJ',1),(2311,148,'Meneng','ME',1),(2312,148,'Nibok','NI',1),(2313,148,'Uaboe','UA',1),(2314,148,'Yaren','YA',1),(2315,149,'Bagmati','BA',1),(2316,149,'Bheri','BH',1),(2317,149,'Dhawalagiri','DH',1),(2318,149,'Gandaki','GA',1),(2319,149,'Janakpur','JA',1),(2320,149,'Karnali','KA',1),(2321,149,'Kosi','KO',1),(2322,149,'Lumbini','LU',1),(2323,149,'Mahakali','MA',1),(2324,149,'Mechi','ME',1),(2325,149,'Narayani','NA',1),(2326,149,'Rapti','RA',1),(2327,149,'Sagarmatha','SA',1),(2328,149,'Seti','SE',1),(2329,150,'Drenthe','DR',1),(2330,150,'Flevoland','FL',1),(2331,150,'Friesland','FR',1),(2332,150,'Gelderland','GE',1),(2333,150,'Groningen','GR',1),(2334,150,'Limburg','LI',1),(2335,150,'Noord Brabant','NB',1),(2336,150,'Noord Holland','NH',1),(2337,150,'Overijssel','OV',1),(2338,150,'Utrecht','UT',1),(2339,150,'Zeeland','ZE',1),(2340,150,'Zuid Holland','ZH',1),(2341,152,'Iles Loyaute','L',1),(2342,152,'Nord','N',1),(2343,152,'Sud','S',1),(2344,153,'Auckland','AUK',1),(2345,153,'Bay of Plenty','BOP',1),(2346,153,'Canterbury','CAN',1),(2347,153,'Coromandel','COR',1),(2348,153,'Gisborne','GIS',1),(2349,153,'Fiordland','FIO',1),(2350,153,'Hawke\'s Bay','HKB',1),(2351,153,'Marlborough','MBH',1),(2352,153,'Manawatu-Wanganui','MWT',1),(2353,153,'Mt Cook-Mackenzie','MCM',1),(2354,153,'Nelson','NSN',1),(2355,153,'Northland','NTL',1),(2356,153,'Otago','OTA',1),(2357,153,'Southland','STL',1),(2358,153,'Taranaki','TKI',1),(2359,153,'Wellington','WGN',1),(2360,153,'Waikato','WKO',1),(2361,153,'Wairprarapa','WAI',1),(2362,153,'West Coast','WTC',1),(2363,154,'Atlantico Norte','AN',1),(2364,154,'Atlantico Sur','AS',1),(2365,154,'Boaco','BO',1),(2366,154,'Carazo','CA',1),(2367,154,'Chinandega','CI',1),(2368,154,'Chontales','CO',1),(2369,154,'Esteli','ES',1),(2370,154,'Granada','GR',1),(2371,154,'Jinotega','JI',1),(2372,154,'Leon','LE',1),(2373,154,'Madriz','MD',1),(2374,154,'Managua','MN',1),(2375,154,'Masaya','MS',1),(2376,154,'Matagalpa','MT',1),(2377,154,'Nuevo Segovia','NS',1),(2378,154,'Rio San Juan','RS',1),(2379,154,'Rivas','RI',1),(2380,155,'Agadez','AG',1),(2381,155,'Diffa','DF',1),(2382,155,'Dosso','DS',1),(2383,155,'Maradi','MA',1),(2384,155,'Niamey','NM',1),(2385,155,'Tahoua','TH',1),(2386,155,'Tillaberi','TL',1),(2387,155,'Zinder','ZD',1),(2388,156,'Abia','AB',1),(2389,156,'Abuja Federal Capital Territory','CT',1),(2390,156,'Adamawa','AD',1),(2391,156,'Akwa Ibom','AK',1),(2392,156,'Anambra','AN',1),(2393,156,'Bauchi','BC',1),(2394,156,'Bayelsa','BY',1),(2395,156,'Benue','BN',1),(2396,156,'Borno','BO',1),(2397,156,'Cross River','CR',1),(2398,156,'Delta','DE',1),(2399,156,'Ebonyi','EB',1),(2400,156,'Edo','ED',1),(2401,156,'Ekiti','EK',1),(2402,156,'Enugu','EN',1),(2403,156,'Gombe','GO',1),(2404,156,'Imo','IM',1),(2405,156,'Jigawa','JI',1),(2406,156,'Kaduna','KD',1),(2407,156,'Kano','KN',1),(2408,156,'Katsina','KT',1),(2409,156,'Kebbi','KE',1),(2410,156,'Kogi','KO',1),(2411,156,'Kwara','KW',1),(2412,156,'Lagos','LA',1),(2413,156,'Nassarawa','NA',1),(2414,156,'Niger','NI',1),(2415,156,'Ogun','OG',1),(2416,156,'Ondo','ONG',1),(2417,156,'Osun','OS',1),(2418,156,'Oyo','OY',1),(2419,156,'Plateau','PL',1),(2420,156,'Rivers','RI',1),(2421,156,'Sokoto','SO',1),(2422,156,'Taraba','TA',1),(2423,156,'Yobe','YO',1),(2424,156,'Zamfara','ZA',1),(2425,159,'Northern Islands','N',1),(2426,159,'Rota','R',1),(2427,159,'Saipan','S',1),(2428,159,'Tinian','T',1),(2429,160,'Akershus','AK',1),(2430,160,'Aust-Agder','AA',1),(2431,160,'Buskerud','BU',1),(2432,160,'Finnmark','FM',1),(2433,160,'Hedmark','HM',1),(2434,160,'Hordaland','HL',1),(2435,160,'More og Romdal','MR',1),(2436,160,'Nord-Trondelag','NT',1),(2437,160,'Nordland','NL',1),(2438,160,'Ostfold','OF',1),(2439,160,'Oppland','OP',1),(2440,160,'Oslo','OL',1),(2441,160,'Rogaland','RL',1),(2442,160,'Sor-Trondelag','ST',1),(2443,160,'Sogn og Fjordane','SJ',1),(2444,160,'Svalbard','SV',1),(2445,160,'Telemark','TM',1),(2446,160,'Troms','TR',1),(2447,160,'Vest-Agder','VA',1),(2448,160,'Vestfold','VF',1),(2449,161,'Ad Dakhiliyah','DA',1),(2450,161,'Al Batinah','BA',1),(2451,161,'Al Wusta','WU',1),(2452,161,'Ash Sharqiyah','SH',1),(2453,161,'Az Zahirah','ZA',1),(2454,161,'Masqat','MA',1),(2455,161,'Musandam','MU',1),(2456,161,'Zufar','ZU',1),(2457,162,'Balochistan','B',1),(2458,162,'Federally Administered Tribal Areas','T',1),(2459,162,'Islamabad Capital Territory','I',1),(2460,162,'North-West Frontier','N',1),(2461,162,'Punjab','P',1),(2462,162,'Sindh','S',1),(2463,163,'Aimeliik','AM',1),(2464,163,'Airai','AR',1),(2465,163,'Angaur','AN',1),(2466,163,'Hatohobei','HA',1),(2467,163,'Kayangel','KA',1),(2468,163,'Koror','KO',1),(2469,163,'Melekeok','ME',1),(2470,163,'Ngaraard','NA',1),(2471,163,'Ngarchelong','NG',1),(2472,163,'Ngardmau','ND',1),(2473,163,'Ngatpang','NT',1),(2474,163,'Ngchesar','NC',1),(2475,163,'Ngeremlengui','NR',1),(2476,163,'Ngiwal','NW',1),(2477,163,'Peleliu','PE',1),(2478,163,'Sonsorol','SO',1),(2479,164,'Bocas del Toro','BT',1),(2480,164,'Chiriqui','CH',1),(2481,164,'Cocle','CC',1),(2482,164,'Colon','CL',1),(2483,164,'Darien','DA',1),(2484,164,'Herrera','HE',1),(2485,164,'Los Santos','LS',1),(2486,164,'Panama','PA',1),(2487,164,'San Blas','SB',1),(2488,164,'Veraguas','VG',1),(2489,165,'Bougainville','BV',1),(2490,165,'Central','CE',1),(2491,165,'Chimbu','CH',1),(2492,165,'Eastern Highlands','EH',1),(2493,165,'East New Britain','EB',1),(2494,165,'East Sepik','ES',1),(2495,165,'Enga','EN',1),(2496,165,'Gulf','GU',1),(2497,165,'Madang','MD',1),(2498,165,'Manus','MN',1),(2499,165,'Milne Bay','MB',1),(2500,165,'Morobe','MR',1),(2501,165,'National Capital','NC',1),(2502,165,'New Ireland','NI',1),(2503,165,'Northern','NO',1),(2504,165,'Sandaun','SA',1),(2505,165,'Southern Highlands','SH',1),(2506,165,'Western','WE',1),(2507,165,'Western Highlands','WH',1),(2508,165,'West New Britain','WB',1),(2509,166,'Alto Paraguay','AG',1),(2510,166,'Alto Parana','AN',1),(2511,166,'Amambay','AM',1),(2512,166,'Asuncion','AS',1),(2513,166,'Boqueron','BO',1),(2514,166,'Caaguazu','CG',1),(2515,166,'Caazapa','CZ',1),(2516,166,'Canindeyu','CN',1),(2517,166,'Central','CE',1),(2518,166,'Concepcion','CC',1),(2519,166,'Cordillera','CD',1),(2520,166,'Guaira','GU',1),(2521,166,'Itapua','IT',1),(2522,166,'Misiones','MI',1),(2523,166,'Neembucu','NE',1),(2524,166,'Paraguari','PA',1),(2525,166,'Presidente Hayes','PH',1),(2526,166,'San Pedro','SP',1),(2527,167,'Amazonas','AM',1),(2528,167,'Ancash','AN',1),(2529,167,'Apurimac','AP',1),(2530,167,'Arequipa','AR',1),(2531,167,'Ayacucho','AY',1),(2532,167,'Cajamarca','CJ',1),(2533,167,'Callao','CL',1),(2534,167,'Cusco','CU',1),(2535,167,'Huancavelica','HV',1),(2536,167,'Huanuco','HO',1),(2537,167,'Ica','IC',1),(2538,167,'Junin','JU',1),(2539,167,'La Libertad','LD',1),(2540,167,'Lambayeque','LY',1),(2541,167,'Lima','LI',1),(2542,167,'Loreto','LO',1),(2543,167,'Madre de Dios','MD',1),(2544,167,'Moquegua','MO',1),(2545,167,'Pasco','PA',1),(2546,167,'Piura','PI',1),(2547,167,'Puno','PU',1),(2548,167,'San Martin','SM',1),(2549,167,'Tacna','TA',1),(2550,167,'Tumbes','TU',1),(2551,167,'Ucayali','UC',1),(2552,168,'Abra','ABR',1),(2553,168,'Agusan del Norte','ANO',1),(2554,168,'Agusan del Sur','ASU',1),(2555,168,'Aklan','AKL',1),(2556,168,'Albay','ALB',1),(2557,168,'Antique','ANT',1),(2558,168,'Apayao','APY',1),(2559,168,'Aurora','AUR',1),(2560,168,'Basilan','BAS',1),(2561,168,'Bataan','BTA',1),(2562,168,'Batanes','BTE',1),(2563,168,'Batangas','BTG',1),(2564,168,'Biliran','BLR',1),(2565,168,'Benguet','BEN',1),(2566,168,'Bohol','BOL',1),(2567,168,'Bukidnon','BUK',1),(2568,168,'Bulacan','BUL',1),(2569,168,'Cagayan','CAG',1),(2570,168,'Camarines Norte','CNO',1),(2571,168,'Camarines Sur','CSU',1),(2572,168,'Camiguin','CAM',1),(2573,168,'Capiz','CAP',1),(2574,168,'Catanduanes','CAT',1),(2575,168,'Cavite','CAV',1),(2576,168,'Cebu','CEB',1),(2577,168,'Compostela','CMP',1),(2578,168,'Davao del Norte','DNO',1),(2579,168,'Davao del Sur','DSU',1),(2580,168,'Davao Oriental','DOR',1),(2581,168,'Eastern Samar','ESA',1),(2582,168,'Guimaras','GUI',1),(2583,168,'Ifugao','IFU',1),(2584,168,'Ilocos Norte','INO',1),(2585,168,'Ilocos Sur','ISU',1),(2586,168,'Iloilo','ILO',1),(2587,168,'Isabela','ISA',1),(2588,168,'Kalinga','KAL',1),(2589,168,'Laguna','LAG',1),(2590,168,'Lanao del Norte','LNO',1),(2591,168,'Lanao del Sur','LSU',1),(2592,168,'La Union','UNI',1),(2593,168,'Leyte','LEY',1),(2594,168,'Maguindanao','MAG',1),(2595,168,'Marinduque','MRN',1),(2596,168,'Masbate','MSB',1),(2597,168,'Mindoro Occidental','MIC',1),(2598,168,'Mindoro Oriental','MIR',1),(2599,168,'Misamis Occidental','MSC',1),(2600,168,'Misamis Oriental','MOR',1),(2601,168,'Mountain','MOP',1),(2602,168,'Negros Occidental','NOC',1),(2603,168,'Negros Oriental','NOR',1),(2604,168,'North Cotabato','NCT',1),(2605,168,'Northern Samar','NSM',1),(2606,168,'Nueva Ecija','NEC',1),(2607,168,'Nueva Vizcaya','NVZ',1),(2608,168,'Palawan','PLW',1),(2609,168,'Pampanga','PMP',1),(2610,168,'Pangasinan','PNG',1),(2611,168,'Quezon','QZN',1),(2612,168,'Quirino','QRN',1),(2613,168,'Rizal','RIZ',1),(2614,168,'Romblon','ROM',1),(2615,168,'Samar','SMR',1),(2616,168,'Sarangani','SRG',1),(2617,168,'Siquijor','SQJ',1),(2618,168,'Sorsogon','SRS',1),(2619,168,'South Cotabato','SCO',1),(2620,168,'Southern Leyte','SLE',1),(2621,168,'Sultan Kudarat','SKU',1),(2622,168,'Sulu','SLU',1),(2623,168,'Surigao del Norte','SNO',1),(2624,168,'Surigao del Sur','SSU',1),(2625,168,'Tarlac','TAR',1),(2626,168,'Tawi-Tawi','TAW',1),(2627,168,'Zambales','ZBL',1),(2628,168,'Zamboanga del Norte','ZNO',1),(2629,168,'Zamboanga del Sur','ZSU',1),(2630,168,'Zamboanga Sibugay','ZSI',1),(2631,170,'Dolnoslaskie','DO',1),(2632,170,'Kujawsko-Pomorskie','KP',1),(2633,170,'Lodzkie','LO',1),(2634,170,'Lubelskie','LL',1),(2635,170,'Lubuskie','LU',1),(2636,170,'Malopolskie','ML',1),(2637,170,'Mazowieckie','MZ',1),(2638,170,'Opolskie','OP',1),(2639,170,'Podkarpackie','PP',1),(2640,170,'Podlaskie','PL',1),(2641,170,'Pomorskie','PM',1),(2642,170,'Slaskie','SL',1),(2643,170,'Swietokrzyskie','SW',1),(2644,170,'Warminsko-Mazurskie','WM',1),(2645,170,'Wielkopolskie','WP',1),(2646,170,'Zachodniopomorskie','ZA',1),(2647,198,'Saint Pierre','P',1),(2648,198,'Miquelon','M',1),(2649,171,'A&ccedil;ores','AC',1),(2650,171,'Aveiro','AV',1),(2651,171,'Beja','BE',1),(2652,171,'Braga','BR',1),(2653,171,'Bragan&ccedil;a','BA',1),(2654,171,'Castelo Branco','CB',1),(2655,171,'Coimbra','CO',1),(2656,171,'&Eacute;vora','EV',1),(2657,171,'Faro','FA',1),(2658,171,'Guarda','GU',1),(2659,171,'Leiria','LE',1),(2660,171,'Lisboa','LI',1),(2661,171,'Madeira','ME',1),(2662,171,'Portalegre','PO',1),(2663,171,'Porto','PR',1),(2664,171,'Santar&eacute;m','SA',1),(2665,171,'Set&uacute;bal','SE',1),(2666,171,'Viana do Castelo','VC',1),(2667,171,'Vila Real','VR',1),(2668,171,'Viseu','VI',1),(2669,173,'Ad Dawhah','DW',1),(2670,173,'Al Ghuwayriyah','GW',1),(2671,173,'Al Jumayliyah','JM',1),(2672,173,'Al Khawr','KR',1),(2673,173,'Al Wakrah','WK',1),(2674,173,'Ar Rayyan','RN',1),(2675,173,'Jarayan al Batinah','JB',1),(2676,173,'Madinat ash Shamal','MS',1),(2677,173,'Umm Sa\'id','UD',1),(2678,173,'Umm Salal','UL',1),(2679,175,'Alba','AB',1),(2680,175,'Arad','AR',1),(2681,175,'Arges','AG',1),(2682,175,'Bacau','BC',1),(2683,175,'Bihor','BH',1),(2684,175,'Bistrita-Nasaud','BN',1),(2685,175,'Botosani','BT',1),(2686,175,'Brasov','BV',1),(2687,175,'Braila','BR',1),(2688,175,'Bucuresti','B',1),(2689,175,'Buzau','BZ',1),(2690,175,'Caras-Severin','CS',1),(2691,175,'Calarasi','CL',1),(2692,175,'Cluj','CJ',1),(2693,175,'Constanta','CT',1),(2694,175,'Covasna','CV',1),(2695,175,'Dimbovita','DB',1),(2696,175,'Dolj','DJ',1),(2697,175,'Galati','GL',1),(2698,175,'Giurgiu','GR',1),(2699,175,'Gorj','GJ',1),(2700,175,'Harghita','HR',1),(2701,175,'Hunedoara','HD',1),(2702,175,'Ialomita','IL',1),(2703,175,'Iasi','IS',1),(2704,175,'Ilfov','IF',1),(2705,175,'Maramures','MM',1),(2706,175,'Mehedinti','MH',1),(2707,175,'Mures','MS',1),(2708,175,'Neamt','NT',1),(2709,175,'Olt','OT',1),(2710,175,'Prahova','PH',1),(2711,175,'Satu-Mare','SM',1),(2712,175,'Salaj','SJ',1),(2713,175,'Sibiu','SB',1),(2714,175,'Suceava','SV',1),(2715,175,'Teleorman','TR',1),(2716,175,'Timis','TM',1),(2717,175,'Tulcea','TL',1),(2718,175,'Vaslui','VS',1),(2719,175,'Valcea','VL',1),(2720,175,'Vrancea','VN',1),(2721,176,'Республика Хакасия','KK',1),(2722,176,'Московская область','MOS',1),(2723,176,'Чукотский АО','CHU',1),(2724,176,'Архангельская область','ARK',1),(2725,176,'Астраханская область','AST',1),(2726,176,'Алтайский край','ALT',1),(2727,176,'Белгородская область','BEL',1),(2728,176,'Еврейская АО','YEV',1),(2729,176,'Амурская область','AMU',1),(2730,176,'Брянская область','BRY',1),(2731,176,'Чувашская Республика','CU',1),(2732,176,'Челябинская область','CHE',1),(2733,176,'Карачаево-Черкеcсия','KC',1),(2734,176,'Забайкальский край','ZAB',1),(2735,176,'Ленинградская область','LEN',1),(2736,176,'Республика Калмыкия','KL',1),(2737,176,'Сахалинская область','SAK',1),(2738,176,'Республика Алтай','AL',1),(2739,176,'Чеченская Республика','CE',1),(2740,176,'Иркутская область','IRK',1),(2741,176,'Ивановская область','IVA',1),(2742,176,'Удмуртская Республика','UD',1),(2743,176,'Калининградская область','KGD',1),(2744,176,'Калужская область','KLU',1),(2746,176,'Республика Татарстан','TA',1),(2747,176,'Кемеровская область','KEM',1),(2748,176,'Хабаровский край','KHA',1),(2749,176,'Ханты-Мансийский АО - Югра','KHM',1),(2750,176,'Костромская область','KOS',1),(2751,176,'Краснодарский край','KDA',1),(2752,176,'Красноярский край','KYA',1),(2754,176,'Курганская область','KGN',1),(2755,176,'Курская область','KRS',1),(2756,176,'Республика Тыва','TY',1),(2757,176,'Липецкая область','LIP',1),(2758,176,'Магаданская область','MAG',1),(2759,176,'Республика Дагестан','DA',1),(2760,176,'Республика Адыгея','AD',1),(2761,176,'Москва','MOW',1),(2762,176,'Мурманская область','MUR',1),(2763,176,'Республика Кабардино-Балкария','KB',1),(2764,176,'Ненецкий АО','NEN',1),(2765,176,'Республика Ингушетия','IN',1),(2766,176,'Нижегородская область','NIZ',1),(2767,176,'Новгородская область','NGR',1),(2768,176,'Новосибирская область','NVS',1),(2769,176,'Омская область','OMS',1),(2770,176,'Орловская область','ORL',1),(2771,176,'Оренбургская область','ORE',1),(2773,176,'Пензенская область','PNZ',1),(2774,176,'Пермский край','PER',1),(2775,176,'Камчатский край','KAM',1),(2776,176,'Республика Карелия','KR',1),(2777,176,'Псковская область','PSK',1),(2778,176,'Ростовская область','ROS',1),(2779,176,'Рязанская область','RYA',1),(2780,176,'Ямало-Ненецкий АО','YAN',1),(2781,176,'Самарская область','SAM',1),(2782,176,'Республика Мордовия','MO',1),(2783,176,'Саратовская область','SAR',1),(2784,176,'Смоленская область','SMO',1),(2785,176,'Санкт-Петербург','SPE',1),(2786,176,'Ставропольский край','STA',1),(2787,176,'Республика Коми','KO',1),(2788,176,'Тамбовская область','TAM',1),(2789,176,'Томская область','TOM',1),(2790,176,'Тульская область','TUL',1),(2792,176,'Тверская область','TVE',1),(2793,176,'Тюменская область','TYU',1),(2794,176,'Республика Башкортостан','BA',1),(2795,176,'Ульяновская область','ULY',1),(2796,176,'Республика Бурятия','BU',1),(2798,176,'Республика Северная Осетия','SE',1),(2799,176,'Владимирская область','VLA',1),(2800,176,'Приморский край','PRI',1),(2801,176,'Волгоградская область','VGG',1),(2802,176,'Вологодская область','VLG',1),(2803,176,'Воронежская область','VOR',1),(2804,176,'Кировская область','KIR',1),(2805,176,'Республика Саха','SA',1),(2806,176,'Ярославская область','YAR',1),(2807,176,'Свердловская область','SVE',1),(2808,176,'Республика Марий Эл','ME',1),(2809,177,'Butare','BU',1),(2810,177,'Byumba','BY',1),(2811,177,'Cyangugu','CY',1),(2812,177,'Gikongoro','GK',1),(2813,177,'Gisenyi','GS',1),(2814,177,'Gitarama','GT',1),(2815,177,'Kibungo','KG',1),(2816,177,'Kibuye','KY',1),(2817,177,'Kigali Rurale','KR',1),(2818,177,'Kigali-ville','KV',1),(2819,177,'Ruhengeri','RU',1),(2820,177,'Umutara','UM',1),(2821,178,'Christ Church Nichola Town','CCN',1),(2822,178,'Saint Anne Sandy Point','SAS',1),(2823,178,'Saint George Basseterre','SGB',1),(2824,178,'Saint George Gingerland','SGG',1),(2825,178,'Saint James Windward','SJW',1),(2826,178,'Saint John Capesterre','SJC',1),(2827,178,'Saint John Figtree','SJF',1),(2828,178,'Saint Mary Cayon','SMC',1),(2829,178,'Saint Paul Capesterre','CAP',1),(2830,178,'Saint Paul Charlestown','CHA',1),(2831,178,'Saint Peter Basseterre','SPB',1),(2832,178,'Saint Thomas Lowland','STL',1),(2833,178,'Saint Thomas Middle Island','STM',1),(2834,178,'Trinity Palmetto Point','TPP',1),(2835,179,'Anse-la-Raye','AR',1),(2836,179,'Castries','CA',1),(2837,179,'Choiseul','CH',1),(2838,179,'Dauphin','DA',1),(2839,179,'Dennery','DE',1),(2840,179,'Gros-Islet','GI',1),(2841,179,'Laborie','LA',1),(2842,179,'Micoud','MI',1),(2843,179,'Praslin','PR',1),(2844,179,'Soufriere','SO',1),(2845,179,'Vieux-Fort','VF',1),(2846,180,'Charlotte','C',1),(2847,180,'Grenadines','R',1),(2848,180,'Saint Andrew','A',1),(2849,180,'Saint David','D',1),(2850,180,'Saint George','G',1),(2851,180,'Saint Patrick','P',1),(2852,181,'A\'ana','AN',1),(2853,181,'Aiga-i-le-Tai','AI',1),(2854,181,'Atua','AT',1),(2855,181,'Fa\'asaleleaga','FA',1),(2856,181,'Gaga\'emauga','GE',1),(2857,181,'Gagaifomauga','GF',1),(2858,181,'Palauli','PA',1),(2859,181,'Satupa\'itea','SA',1),(2860,181,'Tuamasaga','TU',1),(2861,181,'Va\'a-o-Fonoti','VF',1),(2862,181,'Vaisigano','VS',1),(2863,182,'Acquaviva','AC',1),(2864,182,'Borgo Maggiore','BM',1),(2865,182,'Chiesanuova','CH',1),(2866,182,'Domagnano','DO',1),(2867,182,'Faetano','FA',1),(2868,182,'Fiorentino','FI',1),(2869,182,'Montegiardino','MO',1),(2870,182,'Citta di San Marino','SM',1),(2871,182,'Serravalle','SE',1),(2872,183,'Sao Tome','S',1),(2873,183,'Principe','P',1),(2874,184,'Al Bahah','BH',1),(2875,184,'Al Hudud ash Shamaliyah','HS',1),(2876,184,'Al Jawf','JF',1),(2877,184,'Al Madinah','MD',1),(2878,184,'Al Qasim','QS',1),(2879,184,'Ar Riyad','RD',1),(2880,184,'Ash Sharqiyah (Eastern)','AQ',1),(2881,184,'\'Asir','AS',1),(2882,184,'Ha\'il','HL',1),(2883,184,'Jizan','JZ',1),(2884,184,'Makkah','ML',1),(2885,184,'Najran','NR',1),(2886,184,'Tabuk','TB',1),(2887,185,'Dakar','DA',1),(2888,185,'Diourbel','DI',1),(2889,185,'Fatick','FA',1),(2890,185,'Kaolack','KA',1),(2891,185,'Kolda','KO',1),(2892,185,'Louga','LO',1),(2893,185,'Matam','MA',1),(2894,185,'Saint-Louis','SL',1),(2895,185,'Tambacounda','TA',1),(2896,185,'Thies','TH',1),(2897,185,'Ziguinchor','ZI',1),(2898,186,'Anse aux Pins','AP',1),(2899,186,'Anse Boileau','AB',1),(2900,186,'Anse Etoile','AE',1),(2901,186,'Anse Louis','AL',1),(2902,186,'Anse Royale','AR',1),(2903,186,'Baie Lazare','BL',1),(2904,186,'Baie Sainte Anne','BS',1),(2905,186,'Beau Vallon','BV',1),(2906,186,'Bel Air','BA',1),(2907,186,'Bel Ombre','BO',1),(2908,186,'Cascade','CA',1),(2909,186,'Glacis','GL',1),(2910,186,'Grand\' Anse (on Mahe)','GM',1),(2911,186,'Grand\' Anse (on Praslin)','GP',1),(2912,186,'La Digue','DG',1),(2913,186,'La Riviere Anglaise','RA',1),(2914,186,'Mont Buxton','MB',1),(2915,186,'Mont Fleuri','MF',1),(2916,186,'Plaisance','PL',1),(2917,186,'Pointe La Rue','PR',1),(2918,186,'Port Glaud','PG',1),(2919,186,'Saint Louis','SL',1),(2920,186,'Takamaka','TA',1),(2921,187,'Eastern','E',1),(2922,187,'Northern','N',1),(2923,187,'Southern','S',1),(2924,187,'Western','W',1),(2925,189,'Banskobystrický','BA',1),(2926,189,'Bratislavský','BR',1),(2927,189,'Košický','KO',1),(2928,189,'Nitriansky','NI',1),(2929,189,'Prešovský','PR',1),(2930,189,'Trenčiansky','TC',1),(2931,189,'Trnavský','TV',1),(2932,189,'Žilinský','ZI',1),(2933,191,'Central','CE',1),(2934,191,'Choiseul','CH',1),(2935,191,'Guadalcanal','GC',1),(2936,191,'Honiara','HO',1),(2937,191,'Isabel','IS',1),(2938,191,'Makira','MK',1),(2939,191,'Malaita','ML',1),(2940,191,'Rennell and Bellona','RB',1),(2941,191,'Temotu','TM',1),(2942,191,'Western','WE',1),(2943,192,'Awdal','AW',1),(2944,192,'Bakool','BK',1),(2945,192,'Banaadir','BN',1),(2946,192,'Bari','BR',1),(2947,192,'Bay','BY',1),(2948,192,'Galguduud','GA',1),(2949,192,'Gedo','GE',1),(2950,192,'Hiiraan','HI',1),(2951,192,'Jubbada Dhexe','JD',1),(2952,192,'Jubbada Hoose','JH',1),(2953,192,'Mudug','MU',1),(2954,192,'Nugaal','NU',1),(2955,192,'Sanaag','SA',1),(2956,192,'Shabeellaha Dhexe','SD',1),(2957,192,'Shabeellaha Hoose','SH',1),(2958,192,'Sool','SL',1),(2959,192,'Togdheer','TO',1),(2960,192,'Woqooyi Galbeed','WG',1),(2961,193,'Eastern Cape','EC',1),(2962,193,'Free State','FS',1),(2963,193,'Gauteng','GT',1),(2964,193,'KwaZulu-Natal','KN',1),(2965,193,'Limpopo','LP',1),(2966,193,'Mpumalanga','MP',1),(2967,193,'North West','NW',1),(2968,193,'Northern Cape','NC',1),(2969,193,'Western Cape','WC',1),(2970,195,'La Coru&ntilde;a','CA',1),(2971,195,'&Aacute;lava','AL',1),(2972,195,'Albacete','AB',1),(2973,195,'Alicante','AC',1),(2974,195,'Almeria','AM',1),(2975,195,'Asturias','AS',1),(2976,195,'&Aacute;vila','AV',1),(2977,195,'Badajoz','BJ',1),(2978,195,'Baleares','IB',1),(2979,195,'Barcelona','BA',1),(2980,195,'Burgos','BU',1),(2981,195,'C&aacute;ceres','CC',1),(2982,195,'C&aacute;diz','CZ',1),(2983,195,'Cantabria','CT',1),(2984,195,'Castell&oacute;n','CL',1),(2985,195,'Ceuta','CE',1),(2986,195,'Ciudad Real','CR',1),(2987,195,'C&oacute;rdoba','CD',1),(2988,195,'Cuenca','CU',1),(2989,195,'Girona','GI',1),(2990,195,'Granada','GD',1),(2991,195,'Guadalajara','GJ',1),(2992,195,'Guip&uacute;zcoa','GP',1),(2993,195,'Huelva','HL',1),(2994,195,'Huesca','HS',1),(2995,195,'Ja&eacute;n','JN',1),(2996,195,'La Rioja','RJ',1),(2997,195,'Las Palmas','PM',1),(2998,195,'Leon','LE',1),(2999,195,'Lleida','LL',1),(3000,195,'Lugo','LG',1),(3001,195,'Madrid','MD',1),(3002,195,'Malaga','MA',1),(3003,195,'Melilla','ML',1),(3004,195,'Murcia','MU',1),(3005,195,'Navarra','NV',1),(3006,195,'Ourense','OU',1),(3007,195,'Palencia','PL',1),(3008,195,'Pontevedra','PO',1),(3009,195,'Salamanca','SL',1),(3010,195,'Santa Cruz de Tenerife','SC',1),(3011,195,'Segovia','SG',1),(3012,195,'Sevilla','SV',1),(3013,195,'Soria','SO',1),(3014,195,'Tarragona','TA',1),(3015,195,'Teruel','TE',1),(3016,195,'Toledo','TO',1),(3017,195,'Valencia','VC',1),(3018,195,'Valladolid','VD',1),(3019,195,'Vizcaya','VZ',1),(3020,195,'Zamora','ZM',1),(3021,195,'Zaragoza','ZR',1),(3022,196,'Central','CE',1),(3023,196,'Eastern','EA',1),(3024,196,'North Central','NC',1),(3025,196,'Northern','NO',1),(3026,196,'North Western','NW',1),(3027,196,'Sabaragamuwa','SA',1),(3028,196,'Southern','SO',1),(3029,196,'Uva','UV',1),(3030,196,'Western','WE',1),(3031,197,'Ascension','A',1),(3032,197,'Saint Helena','S',1),(3033,197,'Tristan da Cunha','T',1),(3034,199,'A\'ali an Nil','ANL',1),(3035,199,'Al Bahr al Ahmar','BAM',1),(3036,199,'Al Buhayrat','BRT',1),(3037,199,'Al Jazirah','JZR',1),(3038,199,'Al Khartum','KRT',1),(3039,199,'Al Qadarif','QDR',1),(3040,199,'Al Wahdah','WDH',1),(3041,199,'An Nil al Abyad','ANB',1),(3042,199,'An Nil al Azraq','ANZ',1),(3043,199,'Ash Shamaliyah','ASH',1),(3044,199,'Bahr al Jabal','BJA',1),(3045,199,'Gharb al Istiwa\'iyah','GIS',1),(3046,199,'Gharb Bahr al Ghazal','GBG',1),(3047,199,'Gharb Darfur','GDA',1),(3048,199,'Gharb Kurdufan','GKU',1),(3049,199,'Janub Darfur','JDA',1),(3050,199,'Janub Kurdufan','JKU',1),(3051,199,'Junqali','JQL',1),(3052,199,'Kassala','KSL',1),(3053,199,'Nahr an Nil','NNL',1),(3054,199,'Shamal Bahr al Ghazal','SBG',1),(3055,199,'Shamal Darfur','SDA',1),(3056,199,'Shamal Kurdufan','SKU',1),(3057,199,'Sharq al Istiwa\'iyah','SIS',1),(3058,199,'Sinnar','SNR',1),(3059,199,'Warab','WRB',1),(3060,200,'Brokopondo','BR',1),(3061,200,'Commewijne','CM',1),(3062,200,'Coronie','CR',1),(3063,200,'Marowijne','MA',1),(3064,200,'Nickerie','NI',1),(3065,200,'Para','PA',1),(3066,200,'Paramaribo','PM',1),(3067,200,'Saramacca','SA',1),(3068,200,'Sipaliwini','SI',1),(3069,200,'Wanica','WA',1),(3070,202,'Hhohho','H',1),(3071,202,'Lubombo','L',1),(3072,202,'Manzini','M',1),(3073,202,'Shishelweni','S',1),(3074,203,'Blekinge','K',1),(3075,203,'Dalarna','W',1),(3076,203,'G&auml;vleborg','X',1),(3077,203,'Gotland','I',1),(3078,203,'Halland','N',1),(3079,203,'J&auml;mtland','Z',1),(3080,203,'J&ouml;nk&ouml;ping','F',1),(3081,203,'Kalmar','H',1),(3082,203,'Kronoberg','G',1),(3083,203,'Norrbotten','BD',1),(3084,203,'&Ouml;rebro','T',1),(3085,203,'&Ouml;sterg&ouml;tland','E',1),(3086,203,'Sk&aring;ne','M',1),(3087,203,'S&ouml;dermanland','D',1),(3088,203,'Stockholm','AB',1),(3089,203,'Uppsala','C',1),(3090,203,'V&auml;rmland','S',1),(3091,203,'V&auml;sterbotten','AC',1),(3092,203,'V&auml;sternorrland','Y',1),(3093,203,'V&auml;stmanland','U',1),(3094,203,'V&auml;stra G&ouml;taland','O',1),(3095,204,'Aargau','AG',1),(3096,204,'Appenzell Ausserrhoden','AR',1),(3097,204,'Appenzell Innerrhoden','AI',1),(3098,204,'Basel-Stadt','BS',1),(3099,204,'Basel-Landschaft','BL',1),(3100,204,'Bern','BE',1),(3101,204,'Fribourg','FR',1),(3102,204,'Gen&egrave;ve','GE',1),(3103,204,'Glarus','GL',1),(3104,204,'Graub&uuml;nden','GR',1),(3105,204,'Jura','JU',1),(3106,204,'Luzern','LU',1),(3107,204,'Neuch&acirc;tel','NE',1),(3108,204,'Nidwald','NW',1),(3109,204,'Obwald','OW',1),(3110,204,'St. Gallen','SG',1),(3111,204,'Schaffhausen','SH',1),(3112,204,'Schwyz','SZ',1),(3113,204,'Solothurn','SO',1),(3114,204,'Thurgau','TG',1),(3115,204,'Ticino','TI',1),(3116,204,'Uri','UR',1),(3117,204,'Valais','VS',1),(3118,204,'Vaud','VD',1),(3119,204,'Zug','ZG',1),(3120,204,'Z&uuml;rich','ZH',1),(3121,205,'Al Hasakah','HA',1),(3122,205,'Al Ladhiqiyah','LA',1),(3123,205,'Al Qunaytirah','QU',1),(3124,205,'Ar Raqqah','RQ',1),(3125,205,'As Suwayda','SU',1),(3126,205,'Dara','DA',1),(3127,205,'Dayr az Zawr','DZ',1),(3128,205,'Dimashq','DI',1),(3129,205,'Halab','HL',1),(3130,205,'Hamah','HM',1),(3131,205,'Hims','HI',1),(3132,205,'Idlib','ID',1),(3133,205,'Rif Dimashq','RD',1),(3134,205,'Tartus','TA',1),(3135,206,'Chang-hua','CH',1),(3136,206,'Chia-i','CI',1),(3137,206,'Hsin-chu','HS',1),(3138,206,'Hua-lien','HL',1),(3139,206,'I-lan','IL',1),(3140,206,'Kao-hsiung county','KH',1),(3141,206,'Kin-men','KM',1),(3142,206,'Lien-chiang','LC',1),(3143,206,'Miao-li','ML',1),(3144,206,'Nan-t\'ou','NT',1),(3145,206,'P\'eng-hu','PH',1),(3146,206,'P\'ing-tung','PT',1),(3147,206,'T\'ai-chung','TG',1),(3148,206,'T\'ai-nan','TA',1),(3149,206,'T\'ai-pei county','TP',1),(3150,206,'T\'ai-tung','TT',1),(3151,206,'T\'ao-yuan','TY',1),(3152,206,'Yun-lin','YL',1),(3153,206,'Chia-i city','CC',1),(3154,206,'Chi-lung','CL',1),(3155,206,'Hsin-chu','HC',1),(3156,206,'T\'ai-chung','TH',1),(3157,206,'T\'ai-nan','TN',1),(3158,206,'Kao-hsiung city','KC',1),(3159,206,'T\'ai-pei city','TC',1),(3160,207,'Gorno-Badakhstan','GB',1),(3161,207,'Khatlon','KT',1),(3162,207,'Sughd','SU',1),(3163,208,'Arusha','AR',1),(3164,208,'Dar es Salaam','DS',1),(3165,208,'Dodoma','DO',1),(3166,208,'Iringa','IR',1),(3167,208,'Kagera','KA',1),(3168,208,'Kigoma','KI',1),(3169,208,'Kilimanjaro','KJ',1),(3170,208,'Lindi','LN',1),(3171,208,'Manyara','MY',1),(3172,208,'Mara','MR',1),(3173,208,'Mbeya','MB',1),(3174,208,'Morogoro','MO',1),(3175,208,'Mtwara','MT',1),(3176,208,'Mwanza','MW',1),(3177,208,'Pemba North','PN',1),(3178,208,'Pemba South','PS',1),(3179,208,'Pwani','PW',1),(3180,208,'Rukwa','RK',1),(3181,208,'Ruvuma','RV',1),(3182,208,'Shinyanga','SH',1),(3183,208,'Singida','SI',1),(3184,208,'Tabora','TB',1),(3185,208,'Tanga','TN',1),(3186,208,'Zanzibar Central/South','ZC',1),(3187,208,'Zanzibar North','ZN',1),(3188,208,'Zanzibar Urban/West','ZU',1),(3189,209,'Amnat Charoen','Amnat Charoen',1),(3190,209,'Ang Thong','Ang Thong',1),(3191,209,'Ayutthaya','Ayutthaya',1),(3192,209,'Bangkok','Bangkok',1),(3193,209,'Buriram','Buriram',1),(3194,209,'Chachoengsao','Chachoengsao',1),(3195,209,'Chai Nat','Chai Nat',1),(3196,209,'Chaiyaphum','Chaiyaphum',1),(3197,209,'Chanthaburi','Chanthaburi',1),(3198,209,'Chiang Mai','Chiang Mai',1),(3199,209,'Chiang Rai','Chiang Rai',1),(3200,209,'Chon Buri','Chon Buri',1),(3201,209,'Chumphon','Chumphon',1),(3202,209,'Kalasin','Kalasin',1),(3203,209,'Kamphaeng Phet','Kamphaeng Phet',1),(3204,209,'Kanchanaburi','Kanchanaburi',1),(3205,209,'Khon Kaen','Khon Kaen',1),(3206,209,'Krabi','Krabi',1),(3207,209,'Lampang','Lampang',1),(3208,209,'Lamphun','Lamphun',1),(3209,209,'Loei','Loei',1),(3210,209,'Lop Buri','Lop Buri',1),(3211,209,'Mae Hong Son','Mae Hong Son',1),(3212,209,'Maha Sarakham','Maha Sarakham',1),(3213,209,'Mukdahan','Mukdahan',1),(3214,209,'Nakhon Nayok','Nakhon Nayok',1),(3215,209,'Nakhon Pathom','Nakhon Pathom',1),(3216,209,'Nakhon Phanom','Nakhon Phanom',1),(3217,209,'Nakhon Ratchasima','Nakhon Ratchasima',1),(3218,209,'Nakhon Sawan','Nakhon Sawan',1),(3219,209,'Nakhon Si Thammarat','Nakhon Si Thammarat',1),(3220,209,'Nan','Nan',1),(3221,209,'Narathiwat','Narathiwat',1),(3222,209,'Nong Bua Lamphu','Nong Bua Lamphu',1),(3223,209,'Nong Khai','Nong Khai',1),(3224,209,'Nonthaburi','Nonthaburi',1),(3225,209,'Pathum Thani','Pathum Thani',1),(3226,209,'Pattani','Pattani',1),(3227,209,'Phangnga','Phangnga',1),(3228,209,'Phatthalung','Phatthalung',1),(3229,209,'Phayao','Phayao',1),(3230,209,'Phetchabun','Phetchabun',1),(3231,209,'Phetchaburi','Phetchaburi',1),(3232,209,'Phichit','Phichit',1),(3233,209,'Phitsanulok','Phitsanulok',1),(3234,209,'Phrae','Phrae',1),(3235,209,'Phuket','Phuket',1),(3236,209,'Prachin Buri','Prachin Buri',1),(3237,209,'Prachuap Khiri Khan','Prachuap Khiri Khan',1),(3238,209,'Ranong','Ranong',1),(3239,209,'Ratchaburi','Ratchaburi',1),(3240,209,'Rayong','Rayong',1),(3241,209,'Roi Et','Roi Et',1),(3242,209,'Sa Kaeo','Sa Kaeo',1),(3243,209,'Sakon Nakhon','Sakon Nakhon',1),(3244,209,'Samut Prakan','Samut Prakan',1),(3245,209,'Samut Sakhon','Samut Sakhon',1),(3246,209,'Samut Songkhram','Samut Songkhram',1),(3247,209,'Sara Buri','Sara Buri',1),(3248,209,'Satun','Satun',1),(3249,209,'Sing Buri','Sing Buri',1),(3250,209,'Sisaket','Sisaket',1),(3251,209,'Songkhla','Songkhla',1),(3252,209,'Sukhothai','Sukhothai',1),(3253,209,'Suphan Buri','Suphan Buri',1),(3254,209,'Surat Thani','Surat Thani',1),(3255,209,'Surin','Surin',1),(3256,209,'Tak','Tak',1),(3257,209,'Trang','Trang',1),(3258,209,'Trat','Trat',1),(3259,209,'Ubon Ratchathani','Ubon Ratchathani',1),(3260,209,'Udon Thani','Udon Thani',1),(3261,209,'Uthai Thani','Uthai Thani',1),(3262,209,'Uttaradit','Uttaradit',1),(3263,209,'Yala','Yala',1),(3264,209,'Yasothon','Yasothon',1),(3265,210,'Kara','K',1),(3266,210,'Plateaux','P',1),(3267,210,'Savanes','S',1),(3268,210,'Centrale','C',1),(3269,210,'Maritime','M',1),(3270,211,'Atafu','A',1),(3271,211,'Fakaofo','F',1),(3272,211,'Nukunonu','N',1),(3273,212,'Ha\'apai','H',1),(3274,212,'Tongatapu','T',1),(3275,212,'Vava\'u','V',1),(3276,213,'Couva/Tabaquite/Talparo','CT',1),(3277,213,'Diego Martin','DM',1),(3278,213,'Mayaro/Rio Claro','MR',1),(3279,213,'Penal/Debe','PD',1),(3280,213,'Princes Town','PT',1),(3281,213,'Sangre Grande','SG',1),(3282,213,'San Juan/Laventille','SL',1),(3283,213,'Siparia','SI',1),(3284,213,'Tunapuna/Piarco','TP',1),(3285,213,'Port of Spain','PS',1),(3286,213,'San Fernando','SF',1),(3287,213,'Arima','AR',1),(3288,213,'Point Fortin','PF',1),(3289,213,'Chaguanas','CH',1),(3290,213,'Tobago','TO',1),(3291,214,'Ariana','AR',1),(3292,214,'Beja','BJ',1),(3293,214,'Ben Arous','BA',1),(3294,214,'Bizerte','BI',1),(3295,214,'Gabes','GB',1),(3296,214,'Gafsa','GF',1),(3297,214,'Jendouba','JE',1),(3298,214,'Kairouan','KR',1),(3299,214,'Kasserine','KS',1),(3300,214,'Kebili','KB',1),(3301,214,'Kef','KF',1),(3302,214,'Mahdia','MH',1),(3303,214,'Manouba','MN',1),(3304,214,'Medenine','ME',1),(3305,214,'Monastir','MO',1),(3306,214,'Nabeul','NA',1),(3307,214,'Sfax','SF',1),(3308,214,'Sidi','SD',1),(3309,214,'Siliana','SL',1),(3310,214,'Sousse','SO',1),(3311,214,'Tataouine','TA',1),(3312,214,'Tozeur','TO',1),(3313,214,'Tunis','TU',1),(3314,214,'Zaghouan','ZA',1),(3315,215,'Adana','ADA',1),(3316,215,'Adıyaman','ADI',1),(3317,215,'Afyonkarahisar','AFY',1),(3318,215,'Ağrı','AGR',1),(3319,215,'Aksaray','AKS',1),(3320,215,'Amasya','AMA',1),(3321,215,'Ankara','ANK',1),(3322,215,'Antalya','ANT',1),(3323,215,'Ardahan','ARD',1),(3324,215,'Artvin','ART',1),(3325,215,'Aydın','AYI',1),(3326,215,'Balıkesir','BAL',1),(3327,215,'Bartın','BAR',1),(3328,215,'Batman','BAT',1),(3329,215,'Bayburt','BAY',1),(3330,215,'Bilecik','BIL',1),(3331,215,'Bingöl','BIN',1),(3332,215,'Bitlis','BIT',1),(3333,215,'Bolu','BOL',1),(3334,215,'Burdur','BRD',1),(3335,215,'Bursa','BRS',1),(3336,215,'Çanakkale','CKL',1),(3337,215,'Çankırı','CKR',1),(3338,215,'Çorum','COR',1),(3339,215,'Denizli','DEN',1),(3340,215,'Diyarbakir','DIY',1),(3341,215,'Düzce','DUZ',1),(3342,215,'Edirne','EDI',1),(3343,215,'Elazig','ELA',1),(3344,215,'Erzincan','EZC',1),(3345,215,'Erzurum','EZR',1),(3346,215,'Eskişehir','ESK',1),(3347,215,'Gaziantep','GAZ',1),(3348,215,'Giresun','GIR',1),(3349,215,'Gümüşhane','GMS',1),(3350,215,'Hakkari','HKR',1),(3351,215,'Hatay','HTY',1),(3352,215,'Iğdır','IGD',1),(3353,215,'Isparta','ISP',1),(3354,215,'İstanbul','IST',1),(3355,215,'İzmir','IZM',1),(3356,215,'Kahramanmaraş','KAH',1),(3357,215,'Karabük','KRB',1),(3358,215,'Karaman','KRM',1),(3359,215,'Kars','KRS',1),(3360,215,'Kastamonu','KAS',1),(3361,215,'Kayseri','KAY',1),(3362,215,'Kilis','KLS',1),(3363,215,'Kirikkale','KRK',1),(3364,215,'Kirklareli','KLR',1),(3365,215,'Kirsehir','KRH',1),(3366,215,'Kocaeli','KOC',1),(3367,215,'Konya','KON',1),(3368,215,'Kütahya','KUT',1),(3369,215,'Malatya','MAL',1),(3370,215,'Manisa','MAN',1),(3371,215,'Mardin','MAR',1),(3372,215,'Mersin','MER',1),(3373,215,'Muğla','MUG',1),(3374,215,'Muş','MUS',1),(3375,215,'Nevşehir','NEV',1),(3376,215,'Niğde','NIG',1),(3377,215,'Ordu','ORD',1),(3378,215,'Osmaniye','OSM',1),(3379,215,'Rize','RIZ',1),(3380,215,'Sakarya','SAK',1),(3381,215,'Samsun','SAM',1),(3382,215,'Şanlıurfa','SAN',1),(3383,215,'Siirt','SII',1),(3384,215,'Sinop','SIN',1),(3385,215,'Şırnak','SIR',1),(3386,215,'Sivas','SIV',1),(3387,215,'Tekirdağ','TEL',1),(3388,215,'Tokat','TOK',1),(3389,215,'Trabzon','TRA',1),(3390,215,'Tunceli','TUN',1),(3391,215,'Uşak','USK',1),(3392,215,'Van','VAN',1),(3393,215,'Yalova','YAL',1),(3394,215,'Yozgat','YOZ',1),(3395,215,'Zonguldak','ZON',1),(3396,216,'Ahal Welayaty','A',1),(3397,216,'Balkan Welayaty','B',1),(3398,216,'Dashhowuz Welayaty','D',1),(3399,216,'Lebap Welayaty','L',1),(3400,216,'Mary Welayaty','M',1),(3401,217,'Ambergris Cays','AC',1),(3402,217,'Dellis Cay','DC',1),(3403,217,'French Cay','FC',1),(3404,217,'Little Water Cay','LW',1),(3405,217,'Parrot Cay','RC',1),(3406,217,'Pine Cay','PN',1),(3407,217,'Salt Cay','SL',1),(3408,217,'Grand Turk','GT',1),(3409,217,'South Caicos','SC',1),(3410,217,'East Caicos','EC',1),(3411,217,'Middle Caicos','MC',1),(3412,217,'North Caicos','NC',1),(3413,217,'Providenciales','PR',1),(3414,217,'West Caicos','WC',1),(3415,218,'Nanumanga','NMG',1),(3416,218,'Niulakita','NLK',1),(3417,218,'Niutao','NTO',1),(3418,218,'Funafuti','FUN',1),(3419,218,'Nanumea','NME',1),(3420,218,'Nui','NUI',1),(3421,218,'Nukufetau','NFT',1),(3422,218,'Nukulaelae','NLL',1),(3423,218,'Vaitupu','VAI',1),(3424,219,'Kalangala','KAL',1),(3425,219,'Kampala','KMP',1),(3426,219,'Kayunga','KAY',1),(3427,219,'Kiboga','KIB',1),(3428,219,'Luwero','LUW',1),(3429,219,'Masaka','MAS',1),(3430,219,'Mpigi','MPI',1),(3431,219,'Mubende','MUB',1),(3432,219,'Mukono','MUK',1),(3433,219,'Nakasongola','NKS',1),(3434,219,'Rakai','RAK',1),(3435,219,'Sembabule','SEM',1),(3436,219,'Wakiso','WAK',1),(3437,219,'Bugiri','BUG',1),(3438,219,'Busia','BUS',1),(3439,219,'Iganga','IGA',1),(3440,219,'Jinja','JIN',1),(3441,219,'Kaberamaido','KAB',1),(3442,219,'Kamuli','KML',1),(3443,219,'Kapchorwa','KPC',1),(3444,219,'Katakwi','KTK',1),(3445,219,'Kumi','KUM',1),(3446,219,'Mayuge','MAY',1),(3447,219,'Mbale','MBA',1),(3448,219,'Pallisa','PAL',1),(3449,219,'Sironko','SIR',1),(3450,219,'Soroti','SOR',1),(3451,219,'Tororo','TOR',1),(3452,219,'Adjumani','ADJ',1),(3453,219,'Apac','APC',1),(3454,219,'Arua','ARU',1),(3455,219,'Gulu','GUL',1),(3456,219,'Kitgum','KIT',1),(3457,219,'Kotido','KOT',1),(3458,219,'Lira','LIR',1),(3459,219,'Moroto','MRT',1),(3460,219,'Moyo','MOY',1),(3461,219,'Nakapiripirit','NAK',1),(3462,219,'Nebbi','NEB',1),(3463,219,'Pader','PAD',1),(3464,219,'Yumbe','YUM',1),(3465,219,'Bundibugyo','BUN',1),(3466,219,'Bushenyi','BSH',1),(3467,219,'Hoima','HOI',1),(3468,219,'Kabale','KBL',1),(3469,219,'Kabarole','KAR',1),(3470,219,'Kamwenge','KAM',1),(3471,219,'Kanungu','KAN',1),(3472,219,'Kasese','KAS',1),(3473,219,'Kibaale','KBA',1),(3474,219,'Kisoro','KIS',1),(3475,219,'Kyenjojo','KYE',1),(3476,219,'Masindi','MSN',1),(3477,219,'Mbarara','MBR',1),(3478,219,'Ntungamo','NTU',1),(3479,219,'Rukungiri','RUK',1),(3480,220,'Черкассы','CK',1),(3481,220,'Чернигов','CH',1),(3482,220,'Черновцы','CV',1),(3483,220,'Крым','CR',1),(3484,220,'Днепропетровск','DN',1),(3485,220,'Донецк','DO',1),(3486,220,'Ивано-Франковск','IV',1),(3487,220,'Харьков','KH',1),(3488,220,'Хмельницкий','KM',1),(3489,220,'Кировоград','KR',1),(3490,220,'Киевская область','KV',1),(3491,220,'Киев','KY',1),(3492,220,'Луганск','LU',1),(3493,220,'Львов','LV',1),(3494,220,'Николаев','MY',1),(3495,220,'Одесса','OD',1),(3496,220,'Полтава','PO',1),(3497,220,'Ровно','RI',1),(3498,220,'Севастополь','SE',1),(3499,220,'Сумы','SU',1),(3500,220,'Тернополь','TE',1),(3501,220,'Винница','VI',1),(3502,220,'Луцк','VO',1),(3503,220,'Ужгород','ZK',1),(3504,220,'Запорожье','ZA',1),(3505,220,'Житомир','ZH',1),(3506,221,'Abu Zaby','AZ',1),(3507,221,'\'Ajman','AJ',1),(3508,221,'Al Fujayrah','FU',1),(3509,221,'Ash Shariqah','SH',1),(3510,221,'Dubayy','DU',1),(3511,221,'R\'as al Khaymah','RK',1),(3512,221,'Umm al Qaywayn','UQ',1),(3513,222,'Aberdeen','ABN',1),(3514,222,'Aberdeenshire','ABNS',1),(3515,222,'Anglesey','ANG',1),(3516,222,'Angus','AGS',1),(3517,222,'Argyll and Bute','ARY',1),(3518,222,'Bedfordshire','BEDS',1),(3519,222,'Berkshire','BERKS',1),(3520,222,'Blaenau Gwent','BLA',1),(3521,222,'Bridgend','BRI',1),(3522,222,'Bristol','BSTL',1),(3523,222,'Buckinghamshire','BUCKS',1),(3524,222,'Caerphilly','CAE',1),(3525,222,'Cambridgeshire','CAMBS',1),(3526,222,'Cardiff','CDF',1),(3527,222,'Carmarthenshire','CARM',1),(3528,222,'Ceredigion','CDGN',1),(3529,222,'Cheshire','CHES',1),(3530,222,'Clackmannanshire','CLACK',1),(3531,222,'Conwy','CON',1),(3532,222,'Cornwall','CORN',1),(3533,222,'Denbighshire','DNBG',1),(3534,222,'Derbyshire','DERBY',1),(3535,222,'Devon','DVN',1),(3536,222,'Dorset','DOR',1),(3537,222,'Dumfries and Galloway','DGL',1),(3538,222,'Dundee','DUND',1),(3539,222,'Durham','DHM',1),(3540,222,'East Ayrshire','ARYE',1),(3541,222,'East Dunbartonshire','DUNBE',1),(3542,222,'East Lothian','LOTE',1),(3543,222,'East Renfrewshire','RENE',1),(3544,222,'East Riding of Yorkshire','ERYS',1),(3545,222,'East Sussex','SXE',1),(3546,222,'Edinburgh','EDIN',1),(3547,222,'Essex','ESX',1),(3548,222,'Falkirk','FALK',1),(3549,222,'Fife','FFE',1),(3550,222,'Flintshire','FLINT',1),(3551,222,'Glasgow','GLAS',1),(3552,222,'Gloucestershire','GLOS',1),(3553,222,'Greater London','LDN',1),(3554,222,'Greater Manchester','MCH',1),(3555,222,'Gwynedd','GDD',1),(3556,222,'Hampshire','HANTS',1),(3557,222,'Herefordshire','HWR',1),(3558,222,'Hertfordshire','HERTS',1),(3559,222,'Highlands','HLD',1),(3560,222,'Inverclyde','IVER',1),(3561,222,'Isle of Wight','IOW',1),(3562,222,'Kent','KNT',1),(3563,222,'Lancashire','LANCS',1),(3564,222,'Leicestershire','LEICS',1),(3565,222,'Lincolnshire','LINCS',1),(3566,222,'Merseyside','MSY',1),(3567,222,'Merthyr Tydfil','MERT',1),(3568,222,'Midlothian','MLOT',1),(3569,222,'Monmouthshire','MMOUTH',1),(3570,222,'Moray','MORAY',1),(3571,222,'Neath Port Talbot','NPRTAL',1),(3572,222,'Newport','NEWPT',1),(3573,222,'Norfolk','NOR',1),(3574,222,'North Ayrshire','ARYN',1),(3575,222,'North Lanarkshire','LANN',1),(3576,222,'North Yorkshire','YSN',1),(3577,222,'Northamptonshire','NHM',1),(3578,222,'Northumberland','NLD',1),(3579,222,'Nottinghamshire','NOT',1),(3580,222,'Orkney Islands','ORK',1),(3581,222,'Oxfordshire','OFE',1),(3582,222,'Pembrokeshire','PEM',1),(3583,222,'Perth and Kinross','PERTH',1),(3584,222,'Powys','PWS',1),(3585,222,'Renfrewshire','REN',1),(3586,222,'Rhondda Cynon Taff','RHON',1),(3587,222,'Rutland','RUT',1),(3588,222,'Scottish Borders','BOR',1),(3589,222,'Shetland Islands','SHET',1),(3590,222,'Shropshire','SPE',1),(3591,222,'Somerset','SOM',1),(3592,222,'South Ayrshire','ARYS',1),(3593,222,'South Lanarkshire','LANS',1),(3594,222,'South Yorkshire','YSS',1),(3595,222,'Staffordshire','SFD',1),(3596,222,'Stirling','STIR',1),(3597,222,'Suffolk','SFK',1),(3598,222,'Surrey','SRY',1),(3599,222,'Swansea','SWAN',1),(3600,222,'Torfaen','TORF',1),(3601,222,'Tyne and Wear','TWR',1),(3602,222,'Vale of Glamorgan','VGLAM',1),(3603,222,'Warwickshire','WARKS',1),(3604,222,'West Dunbartonshire','WDUN',1),(3605,222,'West Lothian','WLOT',1),(3606,222,'West Midlands','WMD',1),(3607,222,'West Sussex','SXW',1),(3608,222,'West Yorkshire','YSW',1),(3609,222,'Western Isles','WIL',1),(3610,222,'Wiltshire','WLT',1),(3611,222,'Worcestershire','WORCS',1),(3612,222,'Wrexham','WRX',1),(3613,223,'Alabama','AL',1),(3614,223,'Alaska','AK',1),(3615,223,'American Samoa','AS',1),(3616,223,'Arizona','AZ',1),(3617,223,'Arkansas','AR',1),(3618,223,'Armed Forces Africa','AF',1),(3619,223,'Armed Forces Americas','AA',1),(3620,223,'Armed Forces Canada','AC',1),(3621,223,'Armed Forces Europe','AE',1),(3622,223,'Armed Forces Middle East','AM',1),(3623,223,'Armed Forces Pacific','AP',1),(3624,223,'California','CA',1),(3625,223,'Colorado','CO',1),(3626,223,'Connecticut','CT',1),(3627,223,'Delaware','DE',1),(3628,223,'District of Columbia','DC',1),(3629,223,'Federated States Of Micronesia','FM',1),(3630,223,'Florida','FL',1),(3631,223,'Georgia','GA',1),(3632,223,'Guam','GU',1),(3633,223,'Hawaii','HI',1),(3634,223,'Idaho','ID',1),(3635,223,'Illinois','IL',1),(3636,223,'Indiana','IN',1),(3637,223,'Iowa','IA',1),(3638,223,'Kansas','KS',1),(3639,223,'Kentucky','KY',1),(3640,223,'Louisiana','LA',1),(3641,223,'Maine','ME',1),(3642,223,'Marshall Islands','MH',1),(3643,223,'Maryland','MD',1),(3644,223,'Massachusetts','MA',1),(3645,223,'Michigan','MI',1),(3646,223,'Minnesota','MN',1),(3647,223,'Mississippi','MS',1),(3648,223,'Missouri','MO',1),(3649,223,'Montana','MT',1),(3650,223,'Nebraska','NE',1),(3651,223,'Nevada','NV',1),(3652,223,'New Hampshire','NH',1),(3653,223,'New Jersey','NJ',1),(3654,223,'New Mexico','NM',1),(3655,223,'New York','NY',1),(3656,223,'North Carolina','NC',1),(3657,223,'North Dakota','ND',1),(3658,223,'Northern Mariana Islands','MP',1),(3659,223,'Ohio','OH',1),(3660,223,'Oklahoma','OK',1),(3661,223,'Oregon','OR',1),(3662,223,'Palau','PW',1),(3663,223,'Pennsylvania','PA',1),(3664,223,'Puerto Rico','PR',1),(3665,223,'Rhode Island','RI',1),(3666,223,'South Carolina','SC',1),(3667,223,'South Dakota','SD',1),(3668,223,'Tennessee','TN',1),(3669,223,'Texas','TX',1),(3670,223,'Utah','UT',1),(3671,223,'Vermont','VT',1),(3672,223,'Virgin Islands','VI',1),(3673,223,'Virginia','VA',1),(3674,223,'Washington','WA',1),(3675,223,'West Virginia','WV',1),(3676,223,'Wisconsin','WI',1),(3677,223,'Wyoming','WY',1),(3678,224,'Baker Island','BI',1),(3679,224,'Howland Island','HI',1),(3680,224,'Jarvis Island','JI',1),(3681,224,'Johnston Atoll','JA',1),(3682,224,'Kingman Reef','KR',1),(3683,224,'Midway Atoll','MA',1),(3684,224,'Navassa Island','NI',1),(3685,224,'Palmyra Atoll','PA',1),(3686,224,'Wake Island','WI',1),(3687,225,'Artigas','AR',1),(3688,225,'Canelones','CA',1),(3689,225,'Cerro Largo','CL',1),(3690,225,'Colonia','CO',1),(3691,225,'Durazno','DU',1),(3692,225,'Flores','FS',1),(3693,225,'Florida','FA',1),(3694,225,'Lavalleja','LA',1),(3695,225,'Maldonado','MA',1),(3696,225,'Montevideo','MO',1),(3697,225,'Paysandu','PA',1),(3698,225,'Rio Negro','RN',1),(3699,225,'Rivera','RV',1),(3700,225,'Rocha','RO',1),(3701,225,'Salto','SL',1),(3702,225,'San Jose','SJ',1),(3703,225,'Soriano','SO',1),(3704,225,'Tacuarembo','TA',1),(3705,225,'Treinta y Tres','TT',1),(3706,226,'Andijon','AN',1),(3707,226,'Buxoro','BU',1),(3708,226,'Farg\'ona','FA',1),(3709,226,'Jizzax','JI',1),(3710,226,'Namangan','NG',1),(3711,226,'Navoiy','NW',1),(3712,226,'Qashqadaryo','QA',1),(3713,226,'Qoraqalpog\'iston Republikasi','QR',1),(3714,226,'Samarqand','SA',1),(3715,226,'Sirdaryo','SI',1),(3716,226,'Surxondaryo','SU',1),(3717,226,'Toshkent City','TK',1),(3718,226,'Toshkent Region','TO',1),(3719,226,'Xorazm','XO',1),(3720,227,'Malampa','MA',1),(3721,227,'Penama','PE',1),(3722,227,'Sanma','SA',1),(3723,227,'Shefa','SH',1),(3724,227,'Tafea','TA',1),(3725,227,'Torba','TO',1),(3726,229,'Amazonas','AM',1),(3727,229,'Anzoategui','AN',1),(3728,229,'Apure','AP',1),(3729,229,'Aragua','AR',1),(3730,229,'Barinas','BA',1),(3731,229,'Bolivar','BO',1),(3732,229,'Carabobo','CA',1),(3733,229,'Cojedes','CO',1),(3734,229,'Delta Amacuro','DA',1),(3735,229,'Dependencias Federales','DF',1),(3736,229,'Distrito Federal','DI',1),(3737,229,'Falcon','FA',1),(3738,229,'Guarico','GU',1),(3739,229,'Lara','LA',1),(3740,229,'Merida','ME',1),(3741,229,'Miranda','MI',1),(3742,229,'Monagas','MO',1),(3743,229,'Nueva Esparta','NE',1),(3744,229,'Portuguesa','PO',1),(3745,229,'Sucre','SU',1),(3746,229,'Tachira','TA',1),(3747,229,'Trujillo','TR',1),(3748,229,'Vargas','VA',1),(3749,229,'Yaracuy','YA',1),(3750,229,'Zulia','ZU',1),(3751,230,'An Giang','AG',1),(3752,230,'Bac Giang','BG',1),(3753,230,'Bac Kan','BK',1),(3754,230,'Bac Lieu','BL',1),(3755,230,'Bac Ninh','BC',1),(3756,230,'Ba Ria-Vung Tau','BR',1),(3757,230,'Ben Tre','BN',1),(3758,230,'Binh Dinh','BH',1),(3759,230,'Binh Duong','BU',1),(3760,230,'Binh Phuoc','BP',1),(3761,230,'Binh Thuan','BT',1),(3762,230,'Ca Mau','CM',1),(3763,230,'Can Tho','CT',1),(3764,230,'Cao Bang','CB',1),(3765,230,'Dak Lak','DL',1),(3766,230,'Dak Nong','DG',1),(3767,230,'Da Nang','DN',1),(3768,230,'Dien Bien','DB',1),(3769,230,'Dong Nai','DI',1),(3770,230,'Dong Thap','DT',1),(3771,230,'Gia Lai','GL',1),(3772,230,'Ha Giang','HG',1),(3773,230,'Hai Duong','HD',1),(3774,230,'Hai Phong','HP',1),(3775,230,'Ha Nam','HM',1),(3776,230,'Ha Noi','HI',1),(3777,230,'Ha Tay','HT',1),(3778,230,'Ha Tinh','HH',1),(3779,230,'Hoa Binh','HB',1),(3780,230,'Ho Chi Minh City','HC',1),(3781,230,'Hau Giang','HU',1),(3782,230,'Hung Yen','HY',1),(3783,232,'Saint Croix','C',1),(3784,232,'Saint John','J',1),(3785,232,'Saint Thomas','T',1),(3786,233,'Alo','A',1),(3787,233,'Sigave','S',1),(3788,233,'Wallis','W',1),(3789,235,'Abyan','AB',1),(3790,235,'Adan','AD',1),(3791,235,'Amran','AM',1),(3792,235,'Al Bayda','BA',1),(3793,235,'Ad Dali','DA',1),(3794,235,'Dhamar','DH',1),(3795,235,'Hadramawt','HD',1),(3796,235,'Hajjah','HJ',1),(3797,235,'Al Hudaydah','HU',1),(3798,235,'Ibb','IB',1),(3799,235,'Al Jawf','JA',1),(3800,235,'Lahij','LA',1),(3801,235,'Ma\'rib','MA',1),(3802,235,'Al Mahrah','MR',1),(3803,235,'Al Mahwit','MW',1),(3804,235,'Sa\'dah','SD',1),(3805,235,'San\'a','SN',1),(3806,235,'Shabwah','SH',1),(3807,235,'Ta\'izz','TA',1),(3808,236,'Kosovo','KOS',1),(3809,236,'Montenegro','MON',1),(3810,236,'Serbia','SER',1),(3811,236,'Vojvodina','VOJ',1),(3812,237,'Bas-Congo','BC',1),(3813,237,'Bandundu','BN',1),(3814,237,'Equateur','EQ',1),(3815,237,'Katanga','KA',1),(3816,237,'Kasai-Oriental','KE',1),(3817,237,'Kinshasa','KN',1),(3818,237,'Kasai-Occidental','KW',1),(3819,237,'Maniema','MA',1),(3820,237,'Nord-Kivu','NK',1),(3821,237,'Orientale','OR',1),(3822,237,'Sud-Kivu','SK',1),(3823,238,'Central','CE',1),(3824,238,'Copperbelt','CB',1),(3825,238,'Eastern','EA',1),(3826,238,'Luapula','LP',1),(3827,238,'Lusaka','LK',1),(3828,238,'Northern','NO',1),(3829,238,'North-Western','NW',1),(3830,238,'Southern','SO',1),(3831,238,'Western','WE',1),(3832,239,'Bulawayo','BU',1),(3833,239,'Harare','HA',1),(3834,239,'Manicaland','ML',1),(3835,239,'Mashonaland Central','MC',1),(3836,239,'Mashonaland East','ME',1),(3837,239,'Mashonaland West','MW',1),(3838,239,'Masvingo','MV',1),(3839,239,'Matabeleland North','MN',1),(3840,239,'Matabeleland South','MS',1),(3841,239,'Midlands','MD',1),(3861,105,'Campobasso','CB',1),(3862,105,'Carbonia-Iglesias','CI',1),(3863,105,'Caserta','CE',1),(3864,105,'Catania','CT',1),(3865,105,'Catanzaro','CZ',1),(3866,105,'Chieti','CH',1),(3867,105,'Como','CO',1),(3868,105,'Cosenza','CS',1),(3869,105,'Cremona','CR',1),(3870,105,'Crotone','KR',1),(3871,105,'Cuneo','CN',1),(3872,105,'Enna','EN',1),(3873,105,'Ferrara','FE',1),(3874,105,'Firenze','FI',1),(3875,105,'Foggia','FG',1),(3876,105,'Forli-Cesena','FC',1),(3877,105,'Frosinone','FR',1),(3878,105,'Genova','GE',1),(3879,105,'Gorizia','GO',1),(3880,105,'Grosseto','GR',1),(3881,105,'Imperia','IM',1),(3882,105,'Isernia','IS',1),(3883,105,'L&#39;Aquila','AQ',1),(3884,105,'La Spezia','SP',1),(3885,105,'Latina','LT',1),(3886,105,'Lecce','LE',1),(3887,105,'Lecco','LC',1),(3888,105,'Livorno','LI',1),(3889,105,'Lodi','LO',1),(3890,105,'Lucca','LU',1),(3891,105,'Macerata','MC',1),(3892,105,'Mantova','MN',1),(3893,105,'Massa-Carrara','MS',1),(3894,105,'Matera','MT',1),(3895,105,'Medio Campidano','VS',1),(3896,105,'Messina','ME',1),(3897,105,'Milano','MI',1),(3898,105,'Modena','MO',1),(3899,105,'Napoli','NA',1),(3900,105,'Novara','NO',1),(3901,105,'Nuoro','NU',1),(3902,105,'Ogliastra','OG',1),(3903,105,'Olbia-Tempio','OT',1),(3904,105,'Oristano','OR',1),(3905,105,'Padova','PD',1),(3906,105,'Palermo','PA',1),(3907,105,'Parma','PR',1),(3908,105,'Pavia','PV',1),(3909,105,'Perugia','PG',1),(3910,105,'Pesaro e Urbino','PU',1),(3911,105,'Pescara','PE',1),(3912,105,'Piacenza','PC',1),(3913,105,'Pisa','PI',1),(3914,105,'Pistoia','PT',1),(3915,105,'Pordenone','PN',1),(3916,105,'Potenza','PZ',1),(3917,105,'Prato','PO',1),(3918,105,'Ragusa','RG',1),(3919,105,'Ravenna','RA',1),(3920,105,'Reggio Calabria','RC',1),(3921,105,'Reggio Emilia','RE',1),(3922,105,'Rieti','RI',1),(3923,105,'Rimini','RN',1),(3924,105,'Roma','RM',1),(3925,105,'Rovigo','RO',1),(3926,105,'Salerno','SA',1),(3927,105,'Sassari','SS',1),(3928,105,'Savona','SV',1),(3929,105,'Siena','SI',1),(3930,105,'Siracusa','SR',1),(3931,105,'Sondrio','SO',1),(3932,105,'Taranto','TA',1),(3933,105,'Teramo','TE',1),(3934,105,'Terni','TR',1),(3935,105,'Torino','TO',1),(3936,105,'Trapani','TP',1),(3937,105,'Trento','TN',1),(3938,105,'Treviso','TV',1),(3939,105,'Trieste','TS',1),(3940,105,'Udine','UD',1),(3941,105,'Varese','VA',1),(3942,105,'Venezia','VE',1),(3943,105,'Verbano-Cusio-Ossola','VB',1),(3944,105,'Vercelli','VC',1),(3945,105,'Verona','VR',1),(3946,105,'Vibo Valentia','VV',1),(3947,105,'Vicenza','VI',1),(3948,105,'Viterbo','VT',1),(3949,222,'County Antrim','ANT',1),(3950,222,'County Armagh','ARM',1),(3951,222,'County Down','DOW',1),(3952,222,'County Fermanagh','FER',1),(3953,222,'County Londonderry','LDY',1),(3954,222,'County Tyrone','TYR',1),(3955,222,'Cumbria','CMA',1),(3956,190,'Pomurska','1',1),(3957,190,'Podravska','2',1),(3958,190,'Koroška','3',1),(3959,190,'Savinjska','4',1),(3960,190,'Zasavska','5',1),(3961,190,'Spodnjeposavska','6',1),(3962,190,'Jugovzhodna Slovenija','7',1),(3963,190,'Osrednjeslovenska','8',1),(3964,190,'Gorenjska','9',1),(3965,190,'Notranjsko-kraška','10',1),(3966,190,'Goriška','11',1),(3967,190,'Obalno-kraška','12',1),(3968,33,'Ruse','',1),(3969,101,'Alborz','ALB',1),(3970,220,'Херсон','KE',1);
/*!40000 ALTER TABLE `zone` ENABLE KEYS */;
UNLOCK TABLES;

--
-- Table structure for table `zone_to_fias`
--

DROP TABLE IF EXISTS `zone_to_fias`;
/*!40101 SET @saved_cs_client     = @@character_set_client */;
/*!40101 SET character_set_client = utf8 */;
CREATE TABLE `zone_to_fias` (
  `zone_id` int(11) NOT NULL,
  `fias_id` int(11) NOT NULL,
  UNIQUE KEY `zone_id` (`zone_id`),
  UNIQUE KEY `fias_id` (`fias_id`)
) ENGINE=MyISAM DEFAULT CHARSET=utf8;
/*!40101 SET character_set_client = @saved_cs_client */;

--
-- Dumping data for table `zone_to_fias`
--

LOCK TABLES `zone_to_fias` WRITE;
/*!40000 ALTER TABLE `zone_to_fias` DISABLE KEYS */;
INSERT INTO `zone_to_fias` VALUES (2760,61),(2738,23),(2726,85),(2729,33),(2724,45),(2725,68),(1723,43),(2794,2),(2727,6),(2730,37),(2796,54),(2799,76),(2801,79),(2802,24),(2803,87),(2759,49),(2728,20),(2734,65),(2741,12),(2765,56),(2740,21),(2743,38),(2736,29),(2744,34),(2775,13),(2776,9),(2747,19),(2804,44),(2787,28),(2750,50),(2751,14),(2752,62),(2754,39),(2755,1),(2735,63),(2757,70),(2758,18),(2808,64),(2782,77),(2761,41),(2722,11),(2762,46),(2764,80),(2766,72),(2767,57),(2768,52),(2769,75),(2771,36),(2770,16),(2773,25),(2774,42),(2800,8),(2777,73),(2778,88),(2779,74),(2781,89),(2785,86),(2783,60),(2737,82),(2807,26),(2784,32),(2786,4),(2788,48),(2746,31),(2792,78),(2789,35),(2790,40),(2756,81),(2793,90),(2742,51),(2795,27),(2748,66),(2721,69),(2732,84),(2739,58),(2731,17),(2723,10),(2780,5),(2806,71),(2733,15),(2749,7),(2763,83),(2798,30),(2805,53);
/*!40000 ALTER TABLE `zone_to_fias` ENABLE KEYS */;
UNLOCK TABLES;

--
-- Table structure for table `zone_to_geo_zone`
--

DROP TABLE IF EXISTS `zone_to_geo_zone`;
/*!40101 SET @saved_cs_client     = @@character_set_client */;
/*!40101 SET character_set_client = utf8 */;
CREATE TABLE `zone_to_geo_zone` (
  `zone_to_geo_zone_id` int(11) NOT NULL AUTO_INCREMENT,
  `country_id` int(11) NOT NULL,
  `zone_id` int(11) NOT NULL DEFAULT '0',
  `geo_zone_id` int(11) NOT NULL,
  `date_added` datetime NOT NULL DEFAULT '0000-00-00 00:00:00',
  `date_modified` datetime NOT NULL DEFAULT '0000-00-00 00:00:00',
  PRIMARY KEY (`zone_to_geo_zone_id`)
) ENGINE=MyISAM AUTO_INCREMENT=58 DEFAULT CHARSET=utf8;
/*!40101 SET character_set_client = @saved_cs_client */;

--
-- Dumping data for table `zone_to_geo_zone`
--

LOCK TABLES `zone_to_geo_zone` WRITE;
/*!40000 ALTER TABLE `zone_to_geo_zone` DISABLE KEYS */;
INSERT INTO `zone_to_geo_zone` VALUES (57,176,0,3,'2010-02-26 22:33:24','0000-00-00 00:00:00');
/*!40000 ALTER TABLE `zone_to_geo_zone` ENABLE KEYS */;
UNLOCK TABLES;
/*!40103 SET TIME_ZONE=@OLD_TIME_ZONE */;

/*!40101 SET SQL_MODE=@OLD_SQL_MODE */;
/*!40014 SET FOREIGN_KEY_CHECKS=@OLD_FOREIGN_KEY_CHECKS */;
/*!40014 SET UNIQUE_CHECKS=@OLD_UNIQUE_CHECKS */;
/*!40101 SET CHARACTER_SET_CLIENT=@OLD_CHARACTER_SET_CLIENT */;
/*!40101 SET CHARACTER_SET_RESULTS=@OLD_CHARACTER_SET_RESULTS */;
/*!40101 SET COLLATION_CONNECTION=@OLD_COLLATION_CONNECTION */;
/*!40111 SET SQL_NOTES=@OLD_SQL_NOTES */;

-- Dump completed on 2014-11-23 22:41:54
